modality,column_index,column_name,total_columns,total_samples
cnv,1,NOTCH2,3105,8034
cnv,2,ACP6,3105,8034
cnv,3,ANKRD20A12P,3105,8034
cnv,4,ANKRD34A,3105,8034
cnv,5,ANKRD35,3105,8034
cnv,6,BCL9,3105,8034
cnv,7,BOLA1,3105,8034
cnv,8,CD160,3105,8034
cnv,9,CHD1L,3105,8034
cnv,10,FAM72B,3105,8034
cnv,11,FAM72C,3105,8034
cnv,12,FAM72D,3105,8034
cnv,13,FCGR1A,3105,8034
cnv,14,FCGR1B,3105,8034
cnv,15,FCGR1C,3105,8034
cnv,16,FMO5,3105,8034
cnv,17,GJA5,3105,8034
cnv,18,GJA8,3105,8034
cnv,19,GNRHR2,3105,8034
cnv,20,GPR89A,3105,8034
cnv,21,GPR89B,3105,8034
cnv,22,GPR89C,3105,8034
cnv,23,HFE2,3105,8034
cnv,24,HIST2H2AA3,3105,8034
cnv,25,HIST2H2AA4,3105,8034
cnv,26,HIST2H2AB,3105,8034
cnv,27,HIST2H2AC,3105,8034
cnv,28,HIST2H2BA,3105,8034
cnv,29,HIST2H2BE,3105,8034
cnv,30,HIST2H2BF,3105,8034
cnv,31,HIST2H3A,3105,8034
cnv,32,HIST2H3C,3105,8034
cnv,33,HIST2H3D,3105,8034
cnv,34,HIST2H4A,3105,8034
cnv,35,HIST2H4B,3105,8034
cnv,36,HYDIN2,3105,8034
cnv,37,ITGA10,3105,8034
cnv,38,LINC00623,3105,8034
cnv,39,LINC00624,3105,8034
cnv,40,LIX1L,3105,8034
cnv,41,NBPF10,3105,8034
cnv,42,NBPF11,3105,8034
cnv,43,NBPF12,3105,8034
cnv,44,NBPF14,3105,8034
cnv,45,NBPF15,3105,8034
cnv,46,NBPF16,3105,8034
cnv,47,NBPF20,3105,8034
cnv,48,NBPF24,3105,8034
cnv,49,NBPF8,3105,8034
cnv,50,NBPF9,3105,8034
cnv,51,NOTCH2NL,3105,8034
cnv,52,NUDT17,3105,8034
cnv,53,PDE4DIP,3105,8034
cnv,54,PDZK1P1,3105,8034
cnv,55,PDZK1,3105,8034
cnv,56,PEX11B,3105,8034
cnv,57,PIAS3,3105,8034
cnv,58,POLR3C,3105,8034
cnv,59,POLR3GL,3105,8034
cnv,60,PPIAL4A,3105,8034
cnv,61,PPIAL4B,3105,8034
cnv,62,PPIAL4C,3105,8034
cnv,63,PPIAL4D,3105,8034
cnv,64,PPIAL4G,3105,8034
cnv,65,PRKAB2,3105,8034
cnv,66,RBM8A,3105,8034
cnv,67,RN7SKP88,3105,8034
cnv,68,RN7SL261P,3105,8034
cnv,69,RNA5SP57,3105,8034
cnv,70,RNA5SP58,3105,8034
cnv,71,RNA5SP59,3105,8034
cnv,72,RNF115,3105,8034
cnv,73,SEC22B,3105,8034
cnv,74,SRGAP2B,3105,8034
cnv,75,SV2A,3105,8034
cnv,76,TXNIP,3105,8034
cnv,77,SF3B4,3105,8034
cnv,78,MTMR11,3105,8034
cnv,79,OTUD7B,3105,8034
cnv,80,VPS45,3105,8034
cnv,81,PLEKHO1,3105,8034
cnv,82,RN7SL480P,3105,8034
cnv,83,ANP32E,3105,8034
cnv,84,CA14,3105,8034
cnv,85,snoU13|ENSG00000238526.1,3105,8034
cnv,86,APH1A,3105,8034
cnv,87,C1orf54,3105,8034
cnv,88,C1orf51,3105,8034
cnv,89,MRPS21,3105,8034
cnv,90,PRPF3,3105,8034
cnv,91,RPRD2,3105,8034
cnv,92,TARS2,3105,8034
cnv,93,ECM1,3105,8034
cnv,94,LINC00568,3105,8034
cnv,95,ADAMTSL4,3105,8034
cnv,96,MIR4257,3105,8034
cnv,97,C1orf138,3105,8034
cnv,98,RN7SL473P,3105,8034
cnv,99,RN7SL600P,3105,8034
cnv,100,MCL1,3105,8034
cnv,101,ENSA,3105,8034
cnv,102,SNORA40|ENSG00000253047.1,3105,8034
cnv,103,GOLPH3L,3105,8034
cnv,104,HORMAD1,3105,8034
cnv,105,CTSS,3105,8034
cnv,106,CTSK,3105,8034
cnv,107,ARNT,3105,8034
cnv,108,SETDB1,3105,8034
cnv,109,CERS2,3105,8034
cnv,110,ANXA9,3105,8034
cnv,111,FAM63A,3105,8034
cnv,112,PRUNE,3105,8034
cnv,113,BNIPL,3105,8034
cnv,114,C1orf56,3105,8034
cnv,115,CDC42SE1,3105,8034
cnv,116,MLLT11,3105,8034
cnv,117,GABPB2,3105,8034
cnv,118,SEMA6C,3105,8034
cnv,119,LYSMD1,3105,8034
cnv,120,SCNM1,3105,8034
cnv,121,TNFAIP8L2,3105,8034
cnv,122,TMOD4,3105,8034
cnv,123,VPS72,3105,8034
cnv,124,PIP5K1A,3105,8034
cnv,125,PSMD4,3105,8034
cnv,126,ZNF687,3105,8034
cnv,127,PI4KB,3105,8034
cnv,128,RN7SL444P,3105,8034
cnv,129,RFX5,3105,8034
cnv,130,POGZ,3105,8034
cnv,131,PSMB4,3105,8034
cnv,132,SELENBP1,3105,8034
cnv,133,RNY4P25,3105,8034
cnv,134,CGN,3105,8034
cnv,135,SNORA44,3105,8034
cnv,136,TUFT1,3105,8034
cnv,137,MIR554,3105,8034
cnv,138,SNX27,3105,8034
cnv,139,CELF3,3105,8034
cnv,140,RIIAD1,3105,8034
cnv,141,MRPL9,3105,8034
cnv,142,OAZ3,3105,8034
cnv,143,TDRKH,3105,8034
cnv,144,LINGO4,3105,8034
cnv,145,RORC,3105,8034
cnv,146,C2CD4D,3105,8034
cnv,147,THEM5,3105,8034
cnv,148,THEM4,3105,8034
cnv,149,S100A10,3105,8034
cnv,150,NBPF18P,3105,8034
cnv,151,S100A11,3105,8034
cnv,152,TCHHL1,3105,8034
cnv,153,TCHH,3105,8034
cnv,154,RPTN,3105,8034
cnv,155,HRNR,3105,8034
cnv,156,FLG,3105,8034
cnv,157,FLG2,3105,8034
cnv,158,CRNN,3105,8034
cnv,159,LCE5A,3105,8034
cnv,160,CRCT1,3105,8034
cnv,161,LCE3B,3105,8034
cnv,162,LCE3C,3105,8034
cnv,163,LCE3D,3105,8034
cnv,164,LCE3E,3105,8034
cnv,165,LCE3A,3105,8034
cnv,166,LCE2D,3105,8034
cnv,167,LINC00302,3105,8034
cnv,168,LCE2B,3105,8034
cnv,169,LCE2C,3105,8034
cnv,170,LCE2A,3105,8034
cnv,171,LCE4A,3105,8034
cnv,172,C1orf68,3105,8034
cnv,173,KPRP,3105,8034
cnv,174,LCE1F,3105,8034
cnv,175,LCE1C,3105,8034
cnv,176,LCE1D,3105,8034
cnv,177,LCE1E,3105,8034
cnv,178,LCE1B,3105,8034
cnv,179,LCE1A,3105,8034
cnv,180,LCE6A,3105,8034
cnv,181,SMCP,3105,8034
cnv,182,IVL,3105,8034
cnv,183,SPRR4,3105,8034
cnv,184,SPRR1A,3105,8034
cnv,185,SPRR3,3105,8034
cnv,186,SNORA31|ENSG00000252920.1,3105,8034
cnv,187,SPRR1B,3105,8034
cnv,188,SPRR2D,3105,8034
cnv,189,SPRR2A,3105,8034
cnv,190,SPRR2B,3105,8034
cnv,191,SPRR2E,3105,8034
cnv,192,SPRR2F,3105,8034
cnv,193,SPRR2G,3105,8034
cnv,194,LELP1,3105,8034
cnv,195,PRR9,3105,8034
cnv,196,LOR,3105,8034
cnv,197,PGLYRP3,3105,8034
cnv,198,PGLYRP4,3105,8034
cnv,199,S100A12,3105,8034
cnv,200,S100A8,3105,8034
cnv,201,S100A9,3105,8034
cnv,202,S100A7A,3105,8034
cnv,203,S100A7L2,3105,8034
cnv,204,S100A7,3105,8034
cnv,205,RN7SL44P,3105,8034
cnv,206,S100A3,3105,8034
cnv,207,S100A4,3105,8034
cnv,208,S100A5,3105,8034
cnv,209,S100A6,3105,8034
cnv,210,S100A2,3105,8034
cnv,211,S100A16,3105,8034
cnv,212,S100A14,3105,8034
cnv,213,S100A13,3105,8034
cnv,214,S100A1,3105,8034
cnv,215,CHTOP,3105,8034
cnv,216,SNAPIN,3105,8034
cnv,217,ILF2,3105,8034
cnv,218,NPR1,3105,8034
cnv,219,INTS3,3105,8034
cnv,220,RN7SL372P,3105,8034
cnv,221,snoU13|ENSG00000238511.1,3105,8034
cnv,222,SLC27A3,3105,8034
cnv,223,GATAD2B,3105,8034
cnv,224,DENND4B,3105,8034
cnv,225,CRTC2,3105,8034
cnv,226,SLC39A1,3105,8034
cnv,227,CREB3L4,3105,8034
cnv,228,JTB,3105,8034
cnv,229,RAB13,3105,8034
cnv,230,NUP210L,3105,8034
cnv,231,RPS27,3105,8034
cnv,232,U3|ENSG00000252669.1,3105,8034
cnv,233,MIR5698,3105,8034
cnv,234,TPM3,3105,8034
cnv,235,RN7SL431P,3105,8034
cnv,236,MIR190B,3105,8034
cnv,237,C1orf189,3105,8034
cnv,238,C1orf43,3105,8034
cnv,239,UBAP2L,3105,8034
cnv,240,SNORA58|ENSG00000201129.1,3105,8034
cnv,241,HAX1,3105,8034
cnv,242,SNORD59|ENSG00000252682.1,3105,8034
cnv,243,AQP10,3105,8034
cnv,244,ATP8B2,3105,8034
cnv,245,IL6R,3105,8034
cnv,246,SHE,3105,8034
cnv,247,TDRD10,3105,8034
cnv,248,UBE2Q1,3105,8034
cnv,249,CHRNB2,3105,8034
cnv,250,ADAR,3105,8034
cnv,251,KCNN3,3105,8034
cnv,252,PMVK,3105,8034
cnv,253,PBXIP1,3105,8034
cnv,254,PYGO2,3105,8034
cnv,255,SHC1,3105,8034
cnv,256,CKS1B|ENSG00000173207.8,3105,8034
cnv,257,MIR4258,3105,8034
cnv,258,FLAD1,3105,8034
cnv,259,LENEP,3105,8034
cnv,260,ZBTB7B,3105,8034
cnv,261,DCST2,3105,8034
cnv,262,DCST1,3105,8034
cnv,263,ADAM15,3105,8034
cnv,264,EFNA3,3105,8034
cnv,265,EFNA4,3105,8034
cnv,266,EFNA1,3105,8034
cnv,267,DPM3,3105,8034
cnv,268,SLC50A1,3105,8034
cnv,269,KRTCAP2,3105,8034
cnv,270,TRIM46,3105,8034
cnv,271,MIR92B,3105,8034
cnv,272,MUC1,3105,8034
cnv,273,THBS3,3105,8034
cnv,274,MTX1,3105,8034
cnv,275,GBAP1,3105,8034
cnv,276,GBA,3105,8034
cnv,277,FAM189B,3105,8034
cnv,278,SCAMP3,3105,8034
cnv,279,CLK2,3105,8034
cnv,280,HCN3,3105,8034
cnv,281,PKLR,3105,8034
cnv,282,FDPS,3105,8034
cnv,283,RUSC1,3105,8034
cnv,284,ASH1L,3105,8034
cnv,285,MIR555,3105,8034
cnv,286,snoU13|ENSG00000238805.1,3105,8034
cnv,287,MSTO1,3105,8034
cnv,288,YY1AP1,3105,8034
cnv,289,DAP3,3105,8034
cnv,290,GON4L,3105,8034
cnv,291,SYT11,3105,8034
cnv,292,RIT1,3105,8034
cnv,293,KIAA0907,3105,8034
cnv,294,SNORA42|ENSG00000207475.1,3105,8034
cnv,295,SCARNA4|ENSG00000252808.1,3105,8034
cnv,296,RXFP4,3105,8034
cnv,297,ARHGEF2,3105,8034
cnv,298,SSR2,3105,8034
cnv,299,UBQLN4,3105,8034
cnv,300,LAMTOR2,3105,8034
cnv,301,RAB25,3105,8034
cnv,302,MEX3A,3105,8034
cnv,303,LMNA,3105,8034
cnv,304,SEMA4A,3105,8034
cnv,305,SNORA26|ENSG00000252236.1,3105,8034
cnv,306,SLC25A44,3105,8034
cnv,307,PMF1,3105,8034
cnv,308,BGLAP,3105,8034
cnv,309,PAQR6,3105,8034
cnv,310,SMG5,3105,8034
cnv,311,C1orf85,3105,8034
cnv,312,TMEM79,3105,8034
cnv,313,VHLL,3105,8034
cnv,314,CCT3,3105,8034
cnv,315,TSACC,3105,8034
cnv,316,RHBG,3105,8034
cnv,317,C1orf61,3105,8034
cnv,318,KIRREL,3105,8034
cnv,319,IFI16,3105,8034
cnv,320,AIM2,3105,8034
cnv,321,CADM3,3105,8034
cnv,322,RNA5SP60,3105,8034
cnv,323,DARC,3105,8034
cnv,324,FCER1A,3105,8034
cnv,325,OR10J3,3105,8034
cnv,326,OR10J4,3105,8034
cnv,327,OR10J1,3105,8034
cnv,328,OR10J5,3105,8034
cnv,329,APCS,3105,8034
cnv,330,CRP,3105,8034
cnv,331,DUSP23,3105,8034
cnv,332,FCRL6,3105,8034
cnv,333,SLAMF8,3105,8034
cnv,334,C1orf204,3105,8034
cnv,335,SNORD64|ENSG00000212161.1,3105,8034
cnv,336,VSIG8,3105,8034
cnv,337,CCDC19,3105,8034
cnv,338,TAGLN2,3105,8034
cnv,339,IGSF9,3105,8034
cnv,340,SLAMF9,3105,8034
cnv,341,PIGM,3105,8034
cnv,342,KCNJ10,3105,8034
cnv,343,KCNJ9,3105,8034
cnv,344,IGSF8,3105,8034
cnv,345,ATP1A2,3105,8034
cnv,346,ATP1A4,3105,8034
cnv,347,CASQ1,3105,8034
cnv,348,PEA15,3105,8034
cnv,349,DCAF8,3105,8034
cnv,350,PEX19,3105,8034
cnv,351,COPA,3105,8034
cnv,352,NCSTN,3105,8034
cnv,353,NHLH1,3105,8034
cnv,354,VANGL2,3105,8034
cnv,355,SLAMF6,3105,8034
cnv,356,CD84,3105,8034
cnv,357,SLAMF1,3105,8034
cnv,358,CD48,3105,8034
cnv,359,SLAMF7,3105,8034
cnv,360,LY9,3105,8034
cnv,361,CD244,3105,8034
cnv,362,ITLN1,3105,8034
cnv,363,ITLN2,3105,8034
cnv,364,F11R,3105,8034
cnv,365,TSTD1,3105,8034
cnv,366,USF1,3105,8034
cnv,367,ARHGAP30,3105,8034
cnv,368,PVRL4,3105,8034
cnv,369,KLHDC9,3105,8034
cnv,370,PFDN2,3105,8034
cnv,371,NIT1,3105,8034
cnv,372,DEDD,3105,8034
cnv,373,ACA64|ENSG00000238934.1,3105,8034
cnv,374,UFC1,3105,8034
cnv,375,USP21,3105,8034
cnv,376,B4GALT3,3105,8034
cnv,377,PPOX,3105,8034
cnv,378,ADAMTS4,3105,8034
cnv,379,NDUFS2,3105,8034
cnv,380,FCER1G,3105,8034
cnv,381,APOA2,3105,8034
cnv,382,MIR5187,3105,8034
cnv,383,NR1I3,3105,8034
cnv,384,TOMM40L,3105,8034
cnv,385,PCP4L1,3105,8034
cnv,386,MPZ,3105,8034
cnv,387,SDHC,3105,8034
cnv,388,C1orf192,3105,8034
cnv,389,FCGR2A,3105,8034
cnv,390,FCGR2B,3105,8034
cnv,391,FCGR2C,3105,8034
cnv,392,FCGR3A,3105,8034
cnv,393,FCGR3B,3105,8034
cnv,394,HSPA6,3105,8034
cnv,395,RPL31P11,3105,8034
cnv,396,FCRLA,3105,8034
cnv,397,FCRLB,3105,8034
cnv,398,RN7SL466P,3105,8034
cnv,399,DUSP12,3105,8034
cnv,400,ATF6,3105,8034
cnv,401,OLFML2B,3105,8034
cnv,402,NOS1AP,3105,8034
cnv,403,MIR4654,3105,8034
cnv,404,RNA5SP61,3105,8034
cnv,405,MIR556,3105,8034
cnv,406,C1orf226,3105,8034
cnv,407,C1orf111,3105,8034
cnv,408,SH2D1B,3105,8034
cnv,409,UHMK1,3105,8034
cnv,410,UAP1,3105,8034
cnv,411,DDR2,3105,8034
cnv,412,RN7SL861P,3105,8034
cnv,413,HSD17B7,3105,8034
cnv,414,C1orf110,3105,8034
cnv,415,RGS4,3105,8034
cnv,416,RGS5,3105,8034
cnv,417,NUF2,3105,8034
cnv,418,SNORD112|ENSG00000252740.1,3105,8034
cnv,419,RNA5SP62,3105,8034
cnv,420,RNA5SP63,3105,8034
cnv,421,U3|ENSG00000212538.1,3105,8034
cnv,422,PBX1,3105,8034
cnv,423,SNORD112|ENSG00000252359.1,3105,8034
cnv,424,LMX1A,3105,8034
cnv,425,RXRG,3105,8034
cnv,426,LRRC52,3105,8034
cnv,427,MGST3,3105,8034
cnv,428,ALDH9A1,3105,8034
cnv,429,TMCO1,3105,8034
cnv,430,UCK2,3105,8034
cnv,431,FAM78B,3105,8034
cnv,432,FMO9P,3105,8034
cnv,433,POGK,3105,8034
cnv,434,TADA1,3105,8034
cnv,435,ILDR2,3105,8034
cnv,436,MAEL,3105,8034
cnv,437,RNA5SP65,3105,8034
cnv,438,snoU13|ENSG00000238325.1,3105,8034
cnv,439,GPA33,3105,8034
cnv,440,DUSP27,3105,8034
cnv,441,POU2F1,3105,8034
cnv,442,RCSD1,3105,8034
cnv,443,MPZL1,3105,8034
cnv,444,ADCY10,3105,8034
cnv,445,DCAF6,3105,8034
cnv,446,LINC00970,3105,8034
cnv,447,ATP1B1,3105,8034
cnv,448,NME7,3105,8034
cnv,449,KIFAP3,3105,8034
cnv,450,GORAB,3105,8034
cnv,451,PRRX1,3105,8034
cnv,452,MROH9,3105,8034
cnv,453,snoU13|ENSG00000238859.1,3105,8034
cnv,454,PRRC2C,3105,8034
cnv,455,RN7SL425P,3105,8034
cnv,456,MYOC,3105,8034
cnv,457,VAMP4,3105,8034
cnv,458,SCARNA20|ENSG00000253060.1,3105,8034
cnv,459,METTL13,3105,8034
cnv,460,DNM3,3105,8034
cnv,461,DNM3OS,3105,8034
cnv,462,MIR214,3105,8034
cnv,463,MIR199A2,3105,8034
cnv,464,SNORD112|ENSG00000252354.1,3105,8034
cnv,465,PIGC,3105,8034
cnv,466,C1orf105,3105,8034
cnv,467,SUCO,3105,8034
cnv,468,CHIT1,3105,8034
cnv,469,BTG2,3105,8034
cnv,470,FMOD,3105,8034
cnv,471,PRELP,3105,8034
cnv,472,OPTC,3105,8034
cnv,473,ATP2B4,3105,8034
cnv,474,SNORA77|ENSG00000221643.1,3105,8034
cnv,475,LAX1,3105,8034
cnv,476,ZBED6,3105,8034
cnv,477,ZC3H11A,3105,8034
cnv,478,SNRPE,3105,8034
cnv,479,LINC00303,3105,8034
cnv,480,SOX13,3105,8034
cnv,481,ETNK2,3105,8034
cnv,482,REN,3105,8034
cnv,483,KISS1,3105,8034
cnv,484,GOLT1A,3105,8034
cnv,485,PLEKHA6,3105,8034
cnv,486,PPP1R15B,3105,8034
cnv,487,PIK3C2B,3105,8034
cnv,488,MDM4,3105,8034
cnv,489,RNA5SP74,3105,8034
cnv,490,LRRN2,3105,8034
cnv,491,RNA5SP75,3105,8034
cnv,492,SCARNA20|ENSG00000251861.1,3105,8034
cnv,493,NFASC,3105,8034
cnv,494,SNORD112|ENSG00000252946.1,3105,8034
cnv,495,CNTN2,3105,8034
cnv,496,TMEM81,3105,8034
cnv,497,RBBP5,3105,8034
cnv,498,DSTYK,3105,8034
cnv,499,TMCC2,3105,8034
cnv,500,NUAK2,3105,8034
cnv,501,KLHDC8A,3105,8034
cnv,502,LEMD1,3105,8034
cnv,503,MIR135B,3105,8034
cnv,504,SLC35F3,3105,8034
cnv,505,MIR4671,3105,8034
cnv,506,COA6,3105,8034
cnv,507,TARBP1,3105,8034
cnv,508,U8|ENSG00000212144.1,3105,8034
cnv,509,IRF2BP2,3105,8034
cnv,510,LINC00184,3105,8034
cnv,511,RNY4P16,3105,8034
cnv,512,RN7SL668P,3105,8034
cnv,513,TOMM20,3105,8034
cnv,514,ARID4B,3105,8034
cnv,515,RBM34,3105,8034
cnv,516,SNORA14B,3105,8034
cnv,517,MIR4753,3105,8034
cnv,518,GGPS1,3105,8034
cnv,519,TBCE,3105,8034
cnv,520,B3GALNT2,3105,8034
cnv,521,GNG4,3105,8034
cnv,522,LYST,3105,8034
cnv,523,MIR1537,3105,8034
cnv,524,NID1,3105,8034
cnv,525,GPR137B,3105,8034
cnv,526,ERO1LB,3105,8034
cnv,527,snoU13|ENSG00000252638.1,3105,8034
cnv,528,EDARADD,3105,8034
cnv,529,HEATR1,3105,8034
cnv,530,ACTN2,3105,8034
cnv,531,RYR2,3105,8034
cnv,532,CHRM3,3105,8034
cnv,533,FMN2,3105,8034
cnv,534,RGS7,3105,8034
cnv,535,WDR64,3105,8034
cnv,536,PLD5,3105,8034
cnv,537,CEP170,3105,8034
cnv,538,SDCCAG8,3105,8034
cnv,539,MIR4677,3105,8034
cnv,540,AKT3,3105,8034
cnv,541,ZBTB18,3105,8034
cnv,542,RN7SL148P,3105,8034
cnv,543,C1orf100,3105,8034
cnv,544,ADSS,3105,8034
cnv,545,C1orf101,3105,8034
cnv,546,DESI2,3105,8034
cnv,547,COX20,3105,8034
cnv,548,HNRNPU,3105,8034
cnv,549,RN7SKP55,3105,8034
cnv,550,EFCAB2,3105,8034
cnv,551,KIF26B,3105,8034
cnv,552,SMYD3,3105,8034
cnv,553,AHCTF1,3105,8034
cnv,554,CNST,3105,8034
cnv,555,SCCPDH,3105,8034
cnv,556,SNORA25|ENSG00000252011.1,3105,8034
cnv,557,SNORD112|ENSG00000252495.1,3105,8034
cnv,558,TFB2M,3105,8034
cnv,559,ZNF670,3105,8034
cnv,560,ZNF695,3105,8034
cnv,561,ZNF669,3105,8034
cnv,562,C1orf229,3105,8034
cnv,563,ZNF124,3105,8034
cnv,564,MIR3916,3105,8034
cnv,565,RNA5SP82,3105,8034
cnv,566,ZNF496,3105,8034
cnv,567,GCSAML,3105,8034
cnv,568,OR2G2,3105,8034
cnv,569,OR2G3,3105,8034
cnv,570,U3|ENSG00000251800.1,3105,8034
cnv,571,ZIC4,3105,8034
cnv,572,ZIC1,3105,8034
cnv,573,AGTR1,3105,8034
cnv,574,CPB1,3105,8034
cnv,575,CPA3,3105,8034
cnv,576,GYG1,3105,8034
cnv,577,HLTF,3105,8034
cnv,578,HPS3,3105,8034
cnv,579,CP,3105,8034
cnv,580,CPHL1P,3105,8034
cnv,581,TM4SF18,3105,8034
cnv,582,TM4SF1,3105,8034
cnv,583,TM4SF4,3105,8034
cnv,584,WWTR1,3105,8034
cnv,585,COMMD2,3105,8034
cnv,586,ANKUB1,3105,8034
cnv,587,RNF13,3105,8034
cnv,588,PFN2,3105,8034
cnv,589,snoU13|ENSG00000243321.2,3105,8034
cnv,590,TSC22D2,3105,8034
cnv,591,SERP1,3105,8034
cnv,592,EIF2A,3105,8034
cnv,593,SELT,3105,8034
cnv,594,FAM194A,3105,8034
cnv,595,SIAH2,3105,8034
cnv,596,FAM188B2,3105,8034
cnv,597,CLRN1,3105,8034
cnv,598,MED12L,3105,8034
cnv,599,RNA5SP145,3105,8034
cnv,600,GPR171,3105,8034
cnv,601,P2RY14,3105,8034
cnv,602,GPR87,3105,8034
cnv,603,P2RY13,3105,8034
cnv,604,P2RY12,3105,8034
cnv,605,IGSF10,3105,8034
cnv,606,MIR5186,3105,8034
cnv,607,AADACL2,3105,8034
cnv,608,AADAC,3105,8034
cnv,609,SUCNR1,3105,8034
cnv,610,MBNL1,3105,8034
cnv,611,TMEM14E,3105,8034
cnv,612,P2RY1,3105,8034
cnv,613,RAP2B,3105,8034
cnv,614,RN7SL300P,3105,8034
cnv,615,C3orf79,3105,8034
cnv,616,U8|ENSG00000201398.1,3105,8034
cnv,617,ARHGEF26,3105,8034
cnv,618,DHX36,3105,8034
cnv,619,snoU13|ENSG00000271922.1,3105,8034
cnv,620,GPR149,3105,8034
cnv,621,MME,3105,8034
cnv,622,PLCH1,3105,8034
cnv,623,C3orf33,3105,8034
cnv,624,SLC33A1,3105,8034
cnv,625,GMPS,3105,8034
cnv,626,KCNAB1,3105,8034
cnv,627,SSR3,3105,8034
cnv,628,TIPARP,3105,8034
cnv,629,LINC00886,3105,8034
cnv,630,LEKR1,3105,8034
cnv,631,RN7SKP177,3105,8034
cnv,632,LINC00880,3105,8034
cnv,633,LINC00881,3105,8034
cnv,634,CCNL1,3105,8034
cnv,635,RNA5SP146,3105,8034
cnv,636,VEPH1,3105,8034
cnv,637,PTX3,3105,8034
cnv,638,C3orf55,3105,8034
cnv,639,RN7SKP46,3105,8034
cnv,640,SHOX2,3105,8034
cnv,641,RSRC1,3105,8034
cnv,642,MLF1,3105,8034
cnv,643,GFM1,3105,8034
cnv,644,LXN,3105,8034
cnv,645,RARRES1,3105,8034
cnv,646,MFSD1,3105,8034
cnv,647,IQCJ,3105,8034
cnv,648,MIR3919,3105,8034
cnv,649,SCHIP1,3105,8034
cnv,650,IL12A,3105,8034
cnv,651,C3orf80,3105,8034
cnv,652,IFT80,3105,8034
cnv,653,SMC4,3105,8034
cnv,654,MIR15B,3105,8034
cnv,655,TRIM59,3105,8034
cnv,656,KPNA4,3105,8034
cnv,657,SCARNA7,3105,8034
cnv,658,KRT8P12,3105,8034
cnv,659,ARL14,3105,8034
cnv,660,SNORA72|ENSG00000207084.1,3105,8034
cnv,661,PPM1L,3105,8034
cnv,662,B3GALNT1,3105,8034
cnv,663,NMD3,3105,8034
cnv,664,SPTSSB,3105,8034
cnv,665,OTOL1,3105,8034
cnv,666,CT64,3105,8034
cnv,667,snoU13|ENSG00000238398.1,3105,8034
cnv,668,MIR1263,3105,8034
cnv,669,MIR720,3105,8034
cnv,670,SI,3105,8034
cnv,671,SLITRK3,3105,8034
cnv,672,BCHE,3105,8034
cnv,673,RN7SKP298,3105,8034
cnv,674,ZBBX,3105,8034
cnv,675,SERPINI2,3105,8034
cnv,676,WDR49,3105,8034
cnv,677,PDCD10,3105,8034
cnv,678,SERPINI1,3105,8034
cnv,679,GOLIM4,3105,8034
cnv,680,EGFEM1P,3105,8034
cnv,681,MIR551B,3105,8034
cnv,682,MECOM,3105,8034
cnv,683,ACTRT3,3105,8034
cnv,684,TERC,3105,8034
cnv,685,MYNN,3105,8034
cnv,686,LRRC34,3105,8034
cnv,687,LRRIQ4,3105,8034
cnv,688,LRRC31,3105,8034
cnv,689,SAMD7,3105,8034
cnv,690,SEC62,3105,8034
cnv,691,GPR160,3105,8034
cnv,692,PHC3,3105,8034
cnv,693,PRKCI,3105,8034
cnv,694,SKIL,3105,8034
cnv,695,CLDN11,3105,8034
cnv,696,SLC7A14,3105,8034
cnv,697,RNY5P3,3105,8034
cnv,698,RPL22L1,3105,8034
cnv,699,EIF5A2,3105,8034
cnv,700,SLC2A2,3105,8034
cnv,701,TNIK,3105,8034
cnv,702,MIR569,3105,8034
cnv,703,PLD1,3105,8034
cnv,704,PP13439,3105,8034
cnv,705,TMEM212,3105,8034
cnv,706,snoU13|ENSG00000238359.1,3105,8034
cnv,707,FNDC3B,3105,8034
cnv,708,RN7SL141P,3105,8034
cnv,709,GHSR,3105,8034
cnv,710,TNFSF10,3105,8034
cnv,711,NCEH1,3105,8034
cnv,712,ECT2,3105,8034
cnv,713,SNORA72|ENSG00000200355.1,3105,8034
cnv,714,SPATA16,3105,8034
cnv,715,snoU13|ENSG00000239141.1,3105,8034
cnv,716,NLGN1,3105,8034
cnv,717,RN7SKP234,3105,8034
cnv,718,NAALADL2,3105,8034
cnv,719,RN7SKP40,3105,8034
cnv,720,MIR4789,3105,8034
cnv,721,snoU13|ENSG00000271842.1,3105,8034
cnv,722,RNA5SP147,3105,8034
cnv,723,TBL1XR1,3105,8034
cnv,724,LINC00501,3105,8034
cnv,725,LINC00578,3105,8034
cnv,726,RN7SKP52,3105,8034
cnv,727,SNORA18|ENSG00000200288.1,3105,8034
cnv,728,KCNMB2,3105,8034
cnv,729,RNA5SP148,3105,8034
cnv,730,ZMAT3,3105,8034
cnv,731,PIK3CA,3105,8034
cnv,732,SNORA25|ENSG00000201957.1,3105,8034
cnv,733,KCNMB3,3105,8034
cnv,734,ZNF639,3105,8034
cnv,735,MFN1,3105,8034
cnv,736,GNB4,3105,8034
cnv,737,ACTL6A,3105,8034
cnv,738,MRPL47,3105,8034
cnv,739,NDUFB5,3105,8034
cnv,740,snoU13|ENSG00000239096.1,3105,8034
cnv,741,USP13,3105,8034
cnv,742,PEX5L,3105,8034
cnv,743,RNA5SP149,3105,8034
cnv,744,U8|ENSG00000201810.1,3105,8034
cnv,745,TTC14,3105,8034
cnv,746,CCDC39,3105,8034
cnv,747,RN7SL229P,3105,8034
cnv,748,FXR1,3105,8034
cnv,749,DNAJC19,3105,8034
cnv,750,SOX2,3105,8034
cnv,751,RN7SL703P,3105,8034
cnv,752,RNA5SP150,3105,8034
cnv,753,RN7SKP265,3105,8034
cnv,754,ATP11B,3105,8034
cnv,755,DCUN1D1,3105,8034
cnv,756,MCCC1,3105,8034
cnv,757,LAMP3,3105,8034
cnv,758,MCF2L2,3105,8034
cnv,759,B3GNT5,3105,8034
cnv,760,RNA5SP151,3105,8034
cnv,761,ABCC5,3105,8034
cnv,762,AP2M1,3105,8034
cnv,763,CYP2AB1P,3105,8034
cnv,764,DVL3,3105,8034
cnv,765,EIF2B5,3105,8034
cnv,766,HTR3C,3105,8034
cnv,767,HTR3D,3105,8034
cnv,768,HTR3E,3105,8034
cnv,769,KLHL24,3105,8034
cnv,770,KLHL6,3105,8034
cnv,771,LINC00888,3105,8034
cnv,772,MAP6D1,3105,8034
cnv,773,MIR4448,3105,8034
cnv,774,PARL,3105,8034
cnv,775,SNORA4|ENSG00000251730.1,3105,8034
cnv,776,SNORA63|ENSG00000199363.1,3105,8034
cnv,777,SNORA63|ENSG00000201229.1,3105,8034
cnv,778,SNORA81|ENSG00000253092.1,3105,8034
cnv,779,YEATS2,3105,8034
cnv,780,ABCF3,3105,8034
cnv,781,VWA5B2,3105,8034
cnv,782,ALG3,3105,8034
cnv,783,ECE2,3105,8034
cnv,784,MIR1224,3105,8034
cnv,785,CAMK2N2,3105,8034
cnv,786,PSMD2,3105,8034
cnv,787,EIF4G1,3105,8034
cnv,788,SNORD66|ENSG00000212158.1,3105,8034
cnv,789,FAM131A,3105,8034
cnv,790,CLCN2,3105,8034
cnv,791,POLR2H,3105,8034
cnv,792,THPO,3105,8034
cnv,793,CHRD,3105,8034
cnv,794,EPHB3,3105,8034
cnv,795,MAGEF1,3105,8034
cnv,796,VPS8,3105,8034
cnv,797,C3orf70,3105,8034
cnv,798,EHHADH,3105,8034
cnv,799,MAP3K13,3105,8034
cnv,800,snoU13|ENSG00000239146.1,3105,8034
cnv,801,TMEM41A,3105,8034
cnv,802,LIPH,3105,8034
cnv,803,SENP2,3105,8034
cnv,804,IGF2BP2,3105,8034
cnv,805,C3orf65,3105,8034
cnv,806,MIR548AQ,3105,8034
cnv,807,TRA2B,3105,8034
cnv,808,RN7SL637P,3105,8034
cnv,809,ETV5,3105,8034
cnv,810,DGKG,3105,8034
cnv,811,CRYGS,3105,8034
cnv,812,TBCCD1,3105,8034
cnv,813,DNAJB11,3105,8034
cnv,814,AHSG,3105,8034
cnv,815,FETUB,3105,8034
cnv,816,HRG,3105,8034
cnv,817,KNG1,3105,8034
cnv,818,EIF4A2,3105,8034
cnv,819,SNORD2|ENSG00000238942.1,3105,8034
cnv,820,RFC4,3105,8034
cnv,821,SNORA4|ENSG00000263776.1,3105,8034
cnv,822,SNORA63|ENSG00000200320.1,3105,8034
cnv,823,SNORA63|ENSG00000200418.1,3105,8034
cnv,824,SNORA81|ENSG00000221420.2,3105,8034
cnv,825,ADIPOQ,3105,8034
cnv,826,ST6GAL1,3105,8034
cnv,827,RPL39L,3105,8034
cnv,828,RTP1,3105,8034
cnv,829,MASP1,3105,8034
cnv,830,RTP4,3105,8034
cnv,831,snoU13|ENSG00000239093.1,3105,8034
cnv,832,SST,3105,8034
cnv,833,RTP2,3105,8034
cnv,834,BCL6,3105,8034
cnv,835,LPP,3105,8034
cnv,836,MIR28,3105,8034
cnv,837,TPRG1,3105,8034
cnv,838,TP63,3105,8034
cnv,839,MIR944,3105,8034
cnv,840,LEPREL1,3105,8034
cnv,841,RN7SL486P,3105,8034
cnv,842,CLDN1,3105,8034
cnv,843,CLDN16,3105,8034
cnv,844,TMEM207,3105,8034
cnv,845,IL1RAP,3105,8034
cnv,846,RN7SKP296,3105,8034
cnv,847,GMNC,3105,8034
cnv,848,OSTN,3105,8034
cnv,849,UTS2B,3105,8034
cnv,850,CCDC50,3105,8034
cnv,851,PYDC2,3105,8034
cnv,852,RN7SKP222,3105,8034
cnv,853,FGF12,3105,8034
cnv,854,snoU13|ENSG00000238902.1,3105,8034
cnv,855,MB21D2,3105,8034
cnv,856,HRASLS,3105,8034
cnv,857,ATP13A5,3105,8034
cnv,858,ATP13A4,3105,8034
cnv,859,OPA1,3105,8034
cnv,860,RN7SL447P,3105,8034
cnv,861,HES1,3105,8034
cnv,862,RN7SL215P,3105,8034
cnv,863,LINC00887,3105,8034
cnv,864,CPN2,3105,8034
cnv,865,LRRC15,3105,8034
cnv,866,GP5,3105,8034
cnv,867,ATP13A3,3105,8034
cnv,868,LINC00884,3105,8034
cnv,869,TMEM44,3105,8034
cnv,870,LSG1,3105,8034
cnv,871,FAM43A,3105,8034
cnv,872,XXYLT1,3105,8034
cnv,873,MIR3137,3105,8034
cnv,874,RN7SL36P,3105,8034
cnv,875,ACAP2,3105,8034
cnv,876,APOD,3105,8034
cnv,877,LINC00969,3105,8034
cnv,878,MIR570,3105,8034
cnv,879,MUC20,3105,8034
cnv,880,MUC4,3105,8034
cnv,881,PPP1R2,3105,8034
cnv,882,RN7SL773P,3105,8034
cnv,883,RNU6ATAC24P,3105,8034
cnv,884,SDHAP1,3105,8034
cnv,885,TNK2,3105,8034
cnv,886,TFRC,3105,8034
cnv,887,LINC00885,3105,8034
cnv,888,ZDHHC19,3105,8034
cnv,889,SLC51A,3105,8034
cnv,890,PCYT1A,3105,8034
cnv,891,TCTEX1D2,3105,8034
cnv,892,TM4SF19,3105,8034
cnv,893,UBXN7,3105,8034
cnv,894,RN7SL434P,3105,8034
cnv,895,RN7SL738P,3105,8034
cnv,896,RNF168,3105,8034
cnv,897,SMCO1,3105,8034
cnv,898,WDR53,3105,8034
cnv,899,FBXO45,3105,8034
cnv,900,NRROS,3105,8034
cnv,901,PIGX,3105,8034
cnv,902,CEP19,3105,8034
cnv,903,DLG1,3105,8034
cnv,904,MFI2,3105,8034
cnv,905,NCBP2,3105,8034
cnv,906,PAK2,3105,8034
cnv,907,PIGZ,3105,8034
cnv,908,SENP5,3105,8034
cnv,909,U4|ENSG00000272359.1,3105,8034
cnv,910,MIR4797,3105,8034
cnv,911,snoU13|ENSG00000238491.1,3105,8034
cnv,912,BDH1,3105,8034
cnv,913,KIAA0226,3105,8034
cnv,914,MIR922,3105,8034
cnv,915,FYTTD1,3105,8034
cnv,916,LRCH3,3105,8034
cnv,917,ANKRD18DP,3105,8034
cnv,918,FAM157A,3105,8034
cnv,919,IQCG,3105,8034
cnv,920,LMLN,3105,8034
cnv,921,RPL35A,3105,8034
cnv,922,FIP1L1,3105,8034
cnv,923,PDGFRA,3105,8034
cnv,924,AHRR,3105,8034
cnv,925,BRD9,3105,8034
cnv,926,C5orf55,3105,8034
cnv,927,CCDC127,3105,8034
cnv,928,CEP72,3105,8034
cnv,929,EXOC3,3105,8034
cnv,930,LRRC14B,3105,8034
cnv,931,MIR4456,3105,8034
cnv,932,PDCD6,3105,8034
cnv,933,PLEKHG4B,3105,8034
cnv,934,SDHA,3105,8034
cnv,935,SLC9A3,3105,8034
cnv,936,TPPP,3105,8034
cnv,937,TRIP13,3105,8034
cnv,938,ZDHHC11B,3105,8034
cnv,939,ZDHHC11,3105,8034
cnv,940,NKD2,3105,8034
cnv,941,MIR4635,3105,8034
cnv,942,SLC12A7,3105,8034
cnv,943,SLC6A18,3105,8034
cnv,944,SLC6A19,3105,8034
cnv,945,TERT,3105,8034
cnv,946,MIR4457,3105,8034
cnv,947,CLPTM1L,3105,8034
cnv,948,SLC6A3,3105,8034
cnv,949,IRX4,3105,8034
cnv,950,LPCAT1,3105,8034
cnv,951,MIR4277,3105,8034
cnv,952,MRPL36,3105,8034
cnv,953,NDUFS6,3105,8034
cnv,954,SDHAP3,3105,8034
cnv,955,C5orf38,3105,8034
cnv,956,IRX2,3105,8034
cnv,957,IRX1,3105,8034
cnv,958,RN7SKP73,3105,8034
cnv,959,ADAMTS16,3105,8034
cnv,960,KIAA0947,3105,8034
cnv,961,MED10,3105,8034
cnv,962,UBE2QL1,3105,8034
cnv,963,NSUN2,3105,8034
cnv,964,SRD5A1,3105,8034
cnv,965,PAPD7,3105,8034
cnv,966,RN7SKP79,3105,8034
cnv,967,RNA5SP176,3105,8034
cnv,968,ADCY2,3105,8034
cnv,969,C5orf49,3105,8034
cnv,970,MTRR,3105,8034
cnv,971,FASTKD3,3105,8034
cnv,972,MIR4458,3105,8034
cnv,973,SEMA5A,3105,8034
cnv,974,MIR4636,3105,8034
cnv,975,SNORD123,3105,8034
cnv,976,TAS2R1,3105,8034
cnv,977,RNA5SP177,3105,8034
cnv,978,FAM173B,3105,8034
cnv,979,CCT5,3105,8034
cnv,980,CMBL,3105,8034
cnv,981,MARCH6,3105,8034
cnv,982,ROPN1L,3105,8034
cnv,983,ANKRD33B,3105,8034
cnv,984,DAP,3105,8034
cnv,985,CTNND2,3105,8034
cnv,986,CT49,3105,8034
cnv,987,DNAH5,3105,8034
cnv,988,TRIO,3105,8034
cnv,989,FAM105A,3105,8034
cnv,990,FAM105B,3105,8034
cnv,991,ANKH,3105,8034
cnv,992,MIR4637,3105,8034
cnv,993,U8|ENSG00000202269.1,3105,8034
cnv,994,FBXL7,3105,8034
cnv,995,MIR887,3105,8034
cnv,996,RNA5SP178,3105,8034
cnv,997,MARCH11,3105,8034
cnv,998,ZNF622,3105,8034
cnv,999,FAM134B,3105,8034
cnv,1000,MYO10,3105,8034
cnv,1001,RNA5SP179,3105,8034
cnv,1002,BASP1,3105,8034
cnv,1003,RNA5SP180,3105,8034
cnv,1004,FTH1P10,3105,8034
cnv,1005,RN7SKP133,3105,8034
cnv,1006,SNORD81|ENSG00000212278.1,3105,8034
cnv,1007,RN7SL58P,3105,8034
cnv,1008,snoU13|ENSG00000238674.1,3105,8034
cnv,1009,CDH18,3105,8034
cnv,1010,GUSBP1,3105,8034
cnv,1011,CDH12,3105,8034
cnv,1012,PMCHL1,3105,8034
cnv,1013,RN7SL572P,3105,8034
cnv,1014,PRDM9,3105,8034
cnv,1015,C5orf17,3105,8034
cnv,1016,SNORA40|ENSG00000252083.1,3105,8034
cnv,1017,CDH10,3105,8034
cnv,1018,SNORD29,3105,8034
cnv,1019,CDH9,3105,8034
cnv,1020,SNORA18|ENSG00000252601.1,3105,8034
cnv,1021,RN7SKP207,3105,8034
cnv,1022,CDH6,3105,8034
cnv,1023,DROSHA,3105,8034
cnv,1024,C5orf22,3105,8034
cnv,1025,PDZD2,3105,8034
cnv,1026,snoU13|ENSG00000238864.1,3105,8034
cnv,1027,MIR4279,3105,8034
cnv,1028,GOLPH3,3105,8034
cnv,1029,MTMR12,3105,8034
cnv,1030,ZFR,3105,8034
cnv,1031,MIR579,3105,8034
cnv,1032,SUB1,3105,8034
cnv,1033,NPR3,3105,8034
cnv,1034,TARS,3105,8034
cnv,1035,ADAMTS12,3105,8034
cnv,1036,RXFP3,3105,8034
cnv,1037,AMACR,3105,8034
cnv,1038,C1QTNF3,3105,8034
cnv,1039,RAI14,3105,8034
cnv,1040,SLC45A2,3105,8034
cnv,1041,TTC23L,3105,8034
cnv,1042,RAD1,3105,8034
cnv,1043,BRIX1,3105,8034
cnv,1044,DNAJC21,3105,8034
cnv,1045,AGXT2,3105,8034
cnv,1046,PRLR,3105,8034
cnv,1047,U3|ENSG00000201368.1,3105,8034
cnv,1048,SPEF2,3105,8034
cnv,1049,IL7R,3105,8034
cnv,1050,CAPSL,3105,8034
cnv,1051,UGT3A1,3105,8034
cnv,1052,UGT3A2,3105,8034
cnv,1053,LMBRD2,3105,8034
cnv,1054,MIR580,3105,8034
cnv,1055,SKP2,3105,8034
cnv,1056,NADK2,3105,8034
cnv,1057,RANBP3L,3105,8034
cnv,1058,RNA5SP181,3105,8034
cnv,1059,SLC1A3,3105,8034
cnv,1060,NIPBL,3105,8034
cnv,1061,C5orf42,3105,8034
cnv,1062,RN7SL37P,3105,8034
cnv,1063,NUP155,3105,8034
cnv,1064,WDR70,3105,8034
cnv,1065,GDNF,3105,8034
cnv,1066,EGFLAM,3105,8034
cnv,1067,LIFR,3105,8034
cnv,1068,MIR3650,3105,8034
cnv,1069,OSMR,3105,8034
cnv,1070,RICTOR,3105,8034
cnv,1071,FYB,3105,8034
cnv,1072,C9,3105,8034
cnv,1073,DAB2,3105,8034
cnv,1074,LINC00603,3105,8034
cnv,1075,LINC00604,3105,8034
cnv,1076,SNORA63|ENSG00000199552.1,3105,8034
cnv,1077,PTGER4,3105,8034
cnv,1078,TTC33,3105,8034
cnv,1079,PRKAA1,3105,8034
cnv,1080,SNORA57|ENSG00000212567.1,3105,8034
cnv,1081,RPL37,3105,8034
cnv,1082,SNORD72,3105,8034
cnv,1083,CARD6,3105,8034
cnv,1084,C7,3105,8034
cnv,1085,MROH2B,3105,8034
cnv,1086,C6,3105,8034
cnv,1087,PLCXD3,3105,8034
cnv,1088,OXCT1,3105,8034
cnv,1089,C5orf51,3105,8034
cnv,1090,FBXO4,3105,8034
cnv,1091,GHR,3105,8034
cnv,1092,CCDC152,3105,8034
cnv,1093,SEPP1,3105,8034
cnv,1094,ANXA2R,3105,8034
cnv,1095,ZNF131,3105,8034
cnv,1096,NIM1,3105,8034
cnv,1097,HMGCS1,3105,8034
cnv,1098,CCL28,3105,8034
cnv,1099,C5orf28,3105,8034
cnv,1100,C5orf34,3105,8034
cnv,1101,PAIP1,3105,8034
cnv,1102,NNT,3105,8034
cnv,1103,FGF10,3105,8034
cnv,1104,RN7SL383P,3105,8034
cnv,1105,MRPS30,3105,8034
cnv,1106,HCN1,3105,8034
cnv,1107,EMB,3105,8034
cnv,1108,PARP8,3105,8034
cnv,1109,MBOAT1,3105,8034
cnv,1110,E2F3,3105,8034
cnv,1111,RN7SL128P,3105,8034
cnv,1112,CDKAL1,3105,8034
cnv,1113,SOX4,3105,8034
cnv,1114,LINC00340,3105,8034
cnv,1115,SDK1,3105,8034
cnv,1116,DGKB,3105,8034
cnv,1117,ISPD,3105,8034
cnv,1118,AGR2,3105,8034
cnv,1119,AGR3,3105,8034
cnv,1120,AHR,3105,8034
cnv,1121,SNORA63|ENSG00000199473.1,3105,8034
cnv,1122,SNX13,3105,8034
cnv,1123,HDAC9,3105,8034
cnv,1124,FERD3L,3105,8034
cnv,1125,MIR3146,3105,8034
cnv,1126,TMEM196,3105,8034
cnv,1127,TWIST1,3105,8034
cnv,1128,TWISTNB,3105,8034
cnv,1129,MACC1,3105,8034
cnv,1130,ITGB8,3105,8034
cnv,1131,SNORD56|ENSG00000200753.1,3105,8034
cnv,1132,ABCB5,3105,8034
cnv,1133,DNAH11,3105,8034
cnv,1134,CDCA7L,3105,8034
cnv,1135,RAPGEF5,3105,8034
cnv,1136,RNA5SP227,3105,8034
cnv,1137,STEAP1B,3105,8034
cnv,1138,IL6,3105,8034
cnv,1139,TOMM7,3105,8034
cnv,1140,SNORD93,3105,8034
cnv,1141,FAM126A,3105,8034
cnv,1142,KLHL7,3105,8034
cnv,1143,NUPL2,3105,8034
cnv,1144,GPNMB,3105,8034
cnv,1145,MALSU1,3105,8034
cnv,1146,IGF2BP3,3105,8034
cnv,1147,SNORD65|ENSG00000212264.1,3105,8034
cnv,1148,AVL9,3105,8034
cnv,1149,FKBP9,3105,8034
cnv,1150,POM121L12,3105,8034
cnv,1151,RN7SKP218,3105,8034
cnv,1152,snoU13|ENSG00000238354.1,3105,8034
cnv,1153,VSTM2A,3105,8034
cnv,1154,SEC61G,3105,8034
cnv,1155,SNORA73|ENSG00000252054.1,3105,8034
cnv,1156,EGFR,3105,8034
cnv,1157,LANCL2,3105,8034
cnv,1158,VOPP1,3105,8034
cnv,1159,FKBP9L,3105,8034
cnv,1160,SEPT14,3105,8034
cnv,1161,MRPS17,3105,8034
cnv,1162,ZNF713,3105,8034
cnv,1163,RN7SL64P,3105,8034
cnv,1164,GBAS,3105,8034
cnv,1165,PSPH,3105,8034
cnv,1166,CCT6A,3105,8034
cnv,1167,SNORA15|ENSG00000207168.1,3105,8034
cnv,1168,SNORA22|ENSG00000206603.1,3105,8034
cnv,1169,SUMF2,3105,8034
cnv,1170,PHKG1,3105,8034
cnv,1171,CHCHD2,3105,8034
cnv,1172,snoU13|ENSG00000238673.1,3105,8034
cnv,1173,NUPR1L,3105,8034
cnv,1174,RN7SL816P,3105,8034
cnv,1175,ZNF479,3105,8034
cnv,1176,CDK14,3105,8034
cnv,1177,MTERF,3105,8034
cnv,1178,AKAP9,3105,8034
cnv,1179,CYP51A1,3105,8034
cnv,1180,LRRD1,3105,8034
cnv,1181,KRIT1,3105,8034
cnv,1182,ANKIB1,3105,8034
cnv,1183,GATAD1,3105,8034
cnv,1184,PEX1,3105,8034
cnv,1185,RBM48,3105,8034
cnv,1186,FAM133B,3105,8034
cnv,1187,CDK6,3105,8034
cnv,1188,RN7SL7P,3105,8034
cnv,1189,SAMD9,3105,8034
cnv,1190,SAMD9L,3105,8034
cnv,1191,HEPACAM2,3105,8034
cnv,1192,CCDC132,3105,8034
cnv,1193,CALCR,3105,8034
cnv,1194,MIR489,3105,8034
cnv,1195,MIR653,3105,8034
cnv,1196,GNGT1,3105,8034
cnv,1197,MIR4652,3105,8034
cnv,1198,TFPI2,3105,8034
cnv,1199,GNG11,3105,8034
cnv,1200,PPP1R9A,3105,8034
cnv,1201,BRI3,3105,8034
cnv,1202,BAIAP2L1,3105,8034
cnv,1203,NPTX2,3105,8034
cnv,1204,MIR3609,3105,8034
cnv,1205,SMURF1,3105,8034
cnv,1206,TMEM130,3105,8034
cnv,1207,TRRAP,3105,8034
cnv,1208,snoU13|ENSG00000238459.1,3105,8034
cnv,1209,KPNA7,3105,8034
cnv,1210,MYH16,3105,8034
cnv,1211,ARPC1A,3105,8034
cnv,1212,PTCD1,3105,8034
cnv,1213,IMMP2L,3105,8034
cnv,1214,MET,3105,8034
cnv,1215,CAPZA2,3105,8034
cnv,1216,ST7,3105,8034
cnv,1217,CNTNAP2,3105,8034
cnv,1218,ERICH1,3105,8034
cnv,1219,FBXO25,3105,8034
cnv,1220,OR4F21,3105,8034
cnv,1221,RPL23AP53,3105,8034
cnv,1222,TDRP,3105,8034
cnv,1223,ZNF596,3105,8034
cnv,1224,DLGAP2,3105,8034
cnv,1225,CLN8,3105,8034
cnv,1226,MIR596,3105,8034
cnv,1227,ARHGEF10,3105,8034
cnv,1228,MYOM2,3105,8034
cnv,1229,CSMD1,3105,8034
cnv,1230,RNA5SP251,3105,8034
cnv,1231,ALG1L13P,3105,8034
cnv,1232,DEFA1B,3105,8034
cnv,1233,DEFA1,3105,8034
cnv,1234,DEFA3,3105,8034
cnv,1235,DEFA5,3105,8034
cnv,1236,DEFB103A,3105,8034
cnv,1237,DEFB103B,3105,8034
cnv,1238,DEFB104A,3105,8034
cnv,1239,DEFB104B,3105,8034
cnv,1240,DEFB105A,3105,8034
cnv,1241,DEFB105B,3105,8034
cnv,1242,DEFB106A,3105,8034
cnv,1243,DEFB106B,3105,8034
cnv,1244,DEFB107A,3105,8034
cnv,1245,DEFB107B,3105,8034
cnv,1246,DEFB4A,3105,8034
cnv,1247,DEFB4B,3105,8034
cnv,1248,FAM66B,3105,8034
cnv,1249,FAM66E,3105,8034
cnv,1250,FAM85B,3105,8034
cnv,1251,FAM86B3P,3105,8034
cnv,1252,FAM90A24P,3105,8034
cnv,1253,LRLE1,3105,8034
cnv,1254,MIR548I3,3105,8034
cnv,1255,SGK223,3105,8034
cnv,1256,SPAG11A,3105,8034
cnv,1257,SPAG11B,3105,8034
cnv,1258,ZNF705B,3105,8034
cnv,1259,ZNF705G,3105,8034
cnv,1260,MFHAS1,3105,8034
cnv,1261,SNORA70|ENSG00000207244.1,3105,8034
cnv,1262,ERI1,3105,8034
cnv,1263,MIR4660,3105,8034
cnv,1264,PPP1R3B,3105,8034
cnv,1265,U3|ENSG00000252543.1,3105,8034
cnv,1266,TNKS,3105,8034
cnv,1267,MIR597,3105,8034
cnv,1268,snoU13|ENSG00000239065.1,3105,8034
cnv,1269,LINC00599,3105,8034
cnv,1270,snoU13|ENSG00000238496.1,3105,8034
cnv,1271,MSRA,3105,8034
cnv,1272,PRSS51,3105,8034
cnv,1273,PRSS55,3105,8034
cnv,1274,RP1L1,3105,8034
cnv,1275,MIR4286,3105,8034
cnv,1276,C8orf74,3105,8034
cnv,1277,RNA5SP252,3105,8034
cnv,1278,SOX7,3105,8034
cnv,1279,PINX1,3105,8034
cnv,1280,SNORD112|ENSG00000252565.1,3105,8034
cnv,1281,XKR6,3105,8034
cnv,1282,MIR598,3105,8034
cnv,1283,LINC00529,3105,8034
cnv,1284,MTMR9,3105,8034
cnv,1285,SLC35G5,3105,8034
cnv,1286,TDH,3105,8034
cnv,1287,C8orf12,3105,8034
cnv,1288,RN7SL293P,3105,8034
cnv,1289,FAM167A,3105,8034
cnv,1290,BLK,3105,8034
cnv,1291,LINC00208,3105,8034
cnv,1292,GATA4,3105,8034
cnv,1293,C8orf49,3105,8034
cnv,1294,NEIL2,3105,8034
cnv,1295,CTSB,3105,8034
cnv,1296,DEFB130|ENSG00000232948.1,3105,8034
cnv,1297,DEFB130|ENSG00000233050.1,3105,8034
cnv,1298,DEFB134,3105,8034
cnv,1299,DEFB135,3105,8034
cnv,1300,DEFB136,3105,8034
cnv,1301,FAM66A,3105,8034
cnv,1302,FAM66D,3105,8034
cnv,1303,FAM86B1,3105,8034
cnv,1304,FAM86B2,3105,8034
cnv,1305,FDFT1,3105,8034
cnv,1306,RNA5SP253,3105,8034
cnv,1307,RNA5SP254,3105,8034
cnv,1308,USP17L2,3105,8034
cnv,1309,ZNF705D,3105,8034
cnv,1310,MIR5692A2,3105,8034
cnv,1311,LONRF1,3105,8034
cnv,1312,LINC00681,3105,8034
cnv,1313,KIAA1456,3105,8034
cnv,1314,DLC1,3105,8034
cnv,1315,RNA5SP255,3105,8034
cnv,1316,C8orf48,3105,8034
cnv,1317,SGCZ,3105,8034
cnv,1318,NRG1,3105,8034
cnv,1319,RNA5SP262,3105,8034
cnv,1320,RNA5SP263,3105,8034
cnv,1321,FUT10,3105,8034
cnv,1322,TTI2,3105,8034
cnv,1323,MAK16,3105,8034
cnv,1324,SNORD13,3105,8034
cnv,1325,SNORA70|ENSG00000252505.1,3105,8034
cnv,1326,RNF122,3105,8034
cnv,1327,RN7SL621P,3105,8034
cnv,1328,DUSP26,3105,8034
cnv,1329,RN7SL457P,3105,8034
cnv,1330,UNC5D,3105,8034
cnv,1331,RN7SKP201,3105,8034
cnv,1332,RNA5SP264,3105,8034
cnv,1333,KCNU1,3105,8034
cnv,1334,ZNF703,3105,8034
cnv,1335,ERLIN2,3105,8034
cnv,1336,GPR124,3105,8034
cnv,1337,PROSC,3105,8034
cnv,1338,BRF2,3105,8034
cnv,1339,RAB11FIP1,3105,8034
cnv,1340,RN7SL709P,3105,8034
cnv,1341,GOT1L1,3105,8034
cnv,1342,ADRB3,3105,8034
cnv,1343,EIF4EBP1,3105,8034
cnv,1344,ASH2L,3105,8034
cnv,1345,STAR,3105,8034
cnv,1346,LSM1,3105,8034
cnv,1347,BAG4,3105,8034
cnv,1348,DDHD2,3105,8034
cnv,1349,PPAPDC1B,3105,8034
cnv,1350,WHSC1L1,3105,8034
cnv,1351,LETM2,3105,8034
cnv,1352,FGFR1,3105,8034
cnv,1353,RPS20P22,3105,8034
cnv,1354,C8orf86,3105,8034
cnv,1355,TACC1,3105,8034
cnv,1356,PLEKHA2,3105,8034
cnv,1357,HTRA4,3105,8034
cnv,1358,TM2D2,3105,8034
cnv,1359,ADAM9,3105,8034
cnv,1360,SNORD38|ENSG00000207199.1,3105,8034
cnv,1361,ADAM32,3105,8034
cnv,1362,ADAM5,3105,8034
cnv,1363,ADAM3A,3105,8034
cnv,1364,ADAM18,3105,8034
cnv,1365,ADAM2,3105,8034
cnv,1366,IDO1,3105,8034
cnv,1367,IDO2,3105,8034
cnv,1368,C8orf4,3105,8034
cnv,1369,ZMAT4,3105,8034
cnv,1370,SFRP1,3105,8034
cnv,1371,MIR548AO,3105,8034
cnv,1372,SNORD65|ENSG00000238936.1,3105,8034
cnv,1373,GOLGA7,3105,8034
cnv,1374,GINS4,3105,8034
cnv,1375,AGPAT6,3105,8034
cnv,1376,ANK1,3105,8034
cnv,1377,MIR486,3105,8034
cnv,1378,RN7SL149P,3105,8034
cnv,1379,KAT6A,3105,8034
cnv,1380,SNORD112|ENSG00000238966.1,3105,8034
cnv,1381,AP3M2,3105,8034
cnv,1382,PLAT,3105,8034
cnv,1383,snoU13|ENSG00000238714.1,3105,8034
cnv,1384,IKBKB,3105,8034
cnv,1385,POLB,3105,8034
cnv,1386,DKK4,3105,8034
cnv,1387,VDAC3,3105,8034
cnv,1388,SLC20A2,3105,8034
cnv,1389,SMIM19,3105,8034
cnv,1390,CHRNB3,3105,8034
cnv,1391,CHRNA6,3105,8034
cnv,1392,THAP1,3105,8034
cnv,1393,RNF170,3105,8034
cnv,1394,RN7SL806P,3105,8034
cnv,1395,HOOK3,3105,8034
cnv,1396,MIR4469,3105,8034
cnv,1397,FNTA,3105,8034
cnv,1398,HGSNAT,3105,8034
cnv,1399,POTEA,3105,8034
cnv,1400,RN7SKP41,3105,8034
cnv,1401,SGK196,3105,8034
cnv,1402,U3|ENSG00000201329.1,3105,8034
cnv,1403,LINC00293,3105,8034
cnv,1404,RN7SKP32,3105,8034
cnv,1405,SPIDR,3105,8034
cnv,1406,CEBPD,3105,8034
cnv,1407,PRKDC,3105,8034
cnv,1408,MCM4,3105,8034
cnv,1409,UBE2V2,3105,8034
cnv,1410,EFCAB1,3105,8034
cnv,1411,SNAI2,3105,8034
cnv,1412,C8orf22,3105,8034
cnv,1413,RN7SKP294,3105,8034
cnv,1414,SNTG1,3105,8034
cnv,1415,SNORA7|ENSG00000201316.1,3105,8034
cnv,1416,PXDNL,3105,8034
cnv,1417,PCMTD1,3105,8034
cnv,1418,ST18,3105,8034
cnv,1419,FAM150A,3105,8034
cnv,1420,RB1CC1,3105,8034
cnv,1421,NPBWR1,3105,8034
cnv,1422,OPRK1,3105,8034
cnv,1423,ATP6V1H,3105,8034
cnv,1424,RGS20,3105,8034
cnv,1425,TCEA1,3105,8034
cnv,1426,LYPLA1,3105,8034
cnv,1427,MRPL15,3105,8034
cnv,1428,RNU6ATAC32P,3105,8034
cnv,1429,RNU105C,3105,8034
cnv,1430,RN7SL250P,3105,8034
cnv,1431,SOX17,3105,8034
cnv,1432,RP1,3105,8034
cnv,1433,XKR4,3105,8034
cnv,1434,TMEM68,3105,8034
cnv,1435,RNA5SP265,3105,8034
cnv,1436,TGS1,3105,8034
cnv,1437,LYN,3105,8034
cnv,1438,SNORA1|ENSG00000199405.1,3105,8034
cnv,1439,RN7SL798P,3105,8034
cnv,1440,RN7SL323P,3105,8034
cnv,1441,RPS20,3105,8034
cnv,1442,SNORD54,3105,8034
cnv,1443,MOS,3105,8034
cnv,1444,SNORA3|ENSG00000221093.1,3105,8034
cnv,1445,PLAG1,3105,8034
cnv,1446,CHCHD7,3105,8034
cnv,1447,SDR16C5,3105,8034
cnv,1448,SDR16C6P,3105,8034
cnv,1449,PENK,3105,8034
cnv,1450,LINC00968,3105,8034
cnv,1451,IMPAD1,3105,8034
cnv,1452,RNA5SP266,3105,8034
cnv,1453,LINC00588,3105,8034
cnv,1454,FAM110B,3105,8034
cnv,1455,UBXN2B,3105,8034
cnv,1456,CYP7A1,3105,8034
cnv,1457,SDCBP,3105,8034
cnv,1458,NSMAF,3105,8034
cnv,1459,snoU13|ENSG00000238433.1,3105,8034
cnv,1460,TOX,3105,8034
cnv,1461,SNORA51|ENSG00000206853.1,3105,8034
cnv,1462,RNA5SP267,3105,8034
cnv,1463,CA8,3105,8034
cnv,1464,RAB2A,3105,8034
cnv,1465,CHD7,3105,8034
cnv,1466,CLVS1,3105,8034
cnv,1467,ASPH,3105,8034
cnv,1468,RN7SKP97,3105,8034
cnv,1469,MIR4470,3105,8034
cnv,1470,NKAIN3,3105,8034
cnv,1471,GGH,3105,8034
cnv,1472,TTPA,3105,8034
cnv,1473,YTHDF3,3105,8034
cnv,1474,RN7SL135P,3105,8034
cnv,1475,RN7SKP135,3105,8034
cnv,1476,LINC00966,3105,8034
cnv,1477,BHLHE22,3105,8034
cnv,1478,CYP7B1,3105,8034
cnv,1479,ARMC1,3105,8034
cnv,1480,MTFR1,3105,8034
cnv,1481,PDE7A,3105,8034
cnv,1482,DNAJC5B,3105,8034
cnv,1483,TRIM55,3105,8034
cnv,1484,CRH,3105,8034
cnv,1485,LINC00967,3105,8034
cnv,1486,ADHFE1,3105,8034
cnv,1487,RRS1,3105,8034
cnv,1488,C8orf46,3105,8034
cnv,1489,MYBL1,3105,8034
cnv,1490,VCPIP1,3105,8034
cnv,1491,C8orf44,3105,8034
cnv,1492,SGK3,3105,8034
cnv,1493,MCMDC2,3105,8034
cnv,1494,SNHG6,3105,8034
cnv,1495,SNORD87,3105,8034
cnv,1496,TCF24,3105,8034
cnv,1497,PPP1R42,3105,8034
cnv,1498,COPS5,3105,8034
cnv,1499,CSPP1,3105,8034
cnv,1500,RNA5SP268,3105,8034
cnv,1501,ARFGEF1,3105,8034
cnv,1502,CPA6,3105,8034
cnv,1503,PREX2,3105,8034
cnv,1504,C8orf34,3105,8034
cnv,1505,RNA5SP269,3105,8034
cnv,1506,SULF1,3105,8034
cnv,1507,SLCO5A1,3105,8034
cnv,1508,RN7SKP29,3105,8034
cnv,1509,RN7SL675P,3105,8034
cnv,1510,RNA5SP270,3105,8034
cnv,1511,PRDM14,3105,8034
cnv,1512,NCOA2,3105,8034
cnv,1513,TRAM1,3105,8034
cnv,1514,snoU13|ENSG00000238450.1,3105,8034
cnv,1515,LACTB2,3105,8034
cnv,1516,RN7SL19P,3105,8034
cnv,1517,XKR9,3105,8034
cnv,1518,EYA1,3105,8034
cnv,1519,U8|ENSG00000200191.1,3105,8034
cnv,1520,MSC,3105,8034
cnv,1521,TRPA1,3105,8034
cnv,1522,RNA5SP271,3105,8034
cnv,1523,KCNB2,3105,8034
cnv,1524,TERF1,3105,8034
cnv,1525,SBSPON,3105,8034
cnv,1526,RPL7,3105,8034
cnv,1527,RDH10,3105,8034
cnv,1528,STAU2,3105,8034
cnv,1529,UBE2W,3105,8034
cnv,1530,TCEB1,3105,8034
cnv,1531,TMEM70,3105,8034
cnv,1532,LY96,3105,8034
cnv,1533,JPH1,3105,8034
cnv,1534,GDAP1,3105,8034
cnv,1535,MIR5681A,3105,8034
cnv,1536,PI15,3105,8034
cnv,1537,CRISPLD1,3105,8034
cnv,1538,CASC9,3105,8034
cnv,1539,HNF4G,3105,8034
cnv,1540,snoU13|ENSG00000238595.1,3105,8034
cnv,1541,ZFHX4,3105,8034
cnv,1542,PEX2,3105,8034
cnv,1543,PKIA,3105,8034
cnv,1544,ZC2HC1A,3105,8034
cnv,1545,IL7,3105,8034
cnv,1546,STMN2,3105,8034
cnv,1547,HEY1,3105,8034
cnv,1548,MRPS28,3105,8034
cnv,1549,TPD52,3105,8034
cnv,1550,RN7SL41P,3105,8034
cnv,1551,MIR5708,3105,8034
cnv,1552,SNORA20|ENSG00000206649.1,3105,8034
cnv,1553,ZBTB10,3105,8034
cnv,1554,RN7SL107P,3105,8034
cnv,1555,ZNF704,3105,8034
cnv,1556,RN7SL308P,3105,8034
cnv,1557,PAG1,3105,8034
cnv,1558,FABP5,3105,8034
cnv,1559,PMP2,3105,8034
cnv,1560,FABP9,3105,8034
cnv,1561,FABP4,3105,8034
cnv,1562,FABP12,3105,8034
cnv,1563,IMPA1P,3105,8034
cnv,1564,IMPA1,3105,8034
cnv,1565,SLC10A5,3105,8034
cnv,1566,ZFAND1,3105,8034
cnv,1567,CHMP4C,3105,8034
cnv,1568,SNX16,3105,8034
cnv,1569,RALYL,3105,8034
cnv,1570,snoU13|ENSG00000238566.1,3105,8034
cnv,1571,LRRCC1,3105,8034
cnv,1572,E2F5,3105,8034
cnv,1573,C8orf59,3105,8034
cnv,1574,CA13,3105,8034
cnv,1575,CA1,3105,8034
cnv,1576,CA3,3105,8034
cnv,1577,CA2,3105,8034
cnv,1578,REXO1L10P|ENSG00000255940.1,3105,8034
cnv,1579,REXO1L10P|ENSG00000270416.1,3105,8034
cnv,1580,REXO1L11P,3105,8034
cnv,1581,REXO1L1,3105,8034
cnv,1582,ATP6V0D2,3105,8034
cnv,1583,PSKH2,3105,8034
cnv,1584,SLC7A13,3105,8034
cnv,1585,WWP1,3105,8034
cnv,1586,RMDN1,3105,8034
cnv,1587,CPNE3,3105,8034
cnv,1588,CNGB3,3105,8034
cnv,1589,CNBD1,3105,8034
cnv,1590,DCAF4L2,3105,8034
cnv,1591,MMP16,3105,8034
cnv,1592,RNA5SP272,3105,8034
cnv,1593,RIPK2,3105,8034
cnv,1594,OSGIN2,3105,8034
cnv,1595,NBN,3105,8034
cnv,1596,DECR1,3105,8034
cnv,1597,CALB1,3105,8034
cnv,1598,LINC00534,3105,8034
cnv,1599,RNA5SP273,3105,8034
cnv,1600,TMEM64,3105,8034
cnv,1601,NECAB1,3105,8034
cnv,1602,TMEM55A,3105,8034
cnv,1603,OTUD6B,3105,8034
cnv,1604,LRRC69,3105,8034
cnv,1605,RN7SL777P,3105,8034
cnv,1606,MIR4661,3105,8034
cnv,1607,SLC26A7,3105,8034
cnv,1608,snoU13|ENSG00000239134.1,3105,8034
cnv,1609,RN7SKP231,3105,8034
cnv,1610,RUNX1T1,3105,8034
cnv,1611,TRIQK,3105,8034
cnv,1612,C8orf87,3105,8034
cnv,1613,LINC00535,3105,8034
cnv,1614,RNA5SP274,3105,8034
cnv,1615,FAM92A1,3105,8034
cnv,1616,RBM12B,3105,8034
cnv,1617,TMEM67,3105,8034
cnv,1618,PDP1,3105,8034
cnv,1619,MIR378D2,3105,8034
cnv,1620,CDH17,3105,8034
cnv,1621,GEM,3105,8034
cnv,1622,FSBP,3105,8034
cnv,1623,RAD54B,3105,8034
cnv,1624,KIAA1429,3105,8034
cnv,1625,ESRP1,3105,8034
cnv,1626,DPY19L4,3105,8034
cnv,1627,INTS8,3105,8034
cnv,1628,CCNE2,3105,8034
cnv,1629,NDUFAF6,3105,8034
cnv,1630,snoU13|ENSG00000238791.1,3105,8034
cnv,1631,TP53INP1,3105,8034
cnv,1632,MIR3150B,3105,8034
cnv,1633,PLEKHF2,3105,8034
cnv,1634,C8orf37,3105,8034
cnv,1635,GDF6,3105,8034
cnv,1636,MTERFD1,3105,8034
cnv,1637,PTDSS1,3105,8034
cnv,1638,UQCRB,3105,8034
cnv,1639,SDC2,3105,8034
cnv,1640,CPQ,3105,8034
cnv,1641,TSPYL5,3105,8034
cnv,1642,U3|ENSG00000207215.1,3105,8034
cnv,1643,MTDH,3105,8034
cnv,1644,LAPTM4B,3105,8034
cnv,1645,MATN2,3105,8034
cnv,1646,RPL30,3105,8034
cnv,1647,SNORA72|ENSG00000207067.1,3105,8034
cnv,1648,C8orf47,3105,8034
cnv,1649,HRSP12,3105,8034
cnv,1650,POP1,3105,8034
cnv,1651,NIPAL2,3105,8034
cnv,1652,STK3,3105,8034
cnv,1653,KCNS2,3105,8034
cnv,1654,RN7SKP85,3105,8034
cnv,1655,OSR2,3105,8034
cnv,1656,VPS13B,3105,8034
cnv,1657,MIR599,3105,8034
cnv,1658,MIR875,3105,8034
cnv,1659,RN7SL350P,3105,8034
cnv,1660,COX6C,3105,8034
cnv,1661,RGS22,3105,8034
cnv,1662,SNORD77|ENSG00000212414.1,3105,8034
cnv,1663,MIR1273A,3105,8034
cnv,1664,FBXO43,3105,8034
cnv,1665,POLR2K,3105,8034
cnv,1666,SPAG1,3105,8034
cnv,1667,RNF19A,3105,8034
cnv,1668,MIR4471,3105,8034
cnv,1669,ANKRD46,3105,8034
cnv,1670,SNX31,3105,8034
cnv,1671,PABPC1,3105,8034
cnv,1672,RNU6ATAC41P,3105,8034
cnv,1673,YWHAZ,3105,8034
cnv,1674,RN7SL685P,3105,8034
cnv,1675,RN7SKP249,3105,8034
cnv,1676,ZNF706,3105,8034
cnv,1677,NACAP1,3105,8034
cnv,1678,RN7SL563P,3105,8034
cnv,1679,GRHL2,3105,8034
cnv,1680,NCALD,3105,8034
cnv,1681,snoU13|ENSG00000238372.1,3105,8034
cnv,1682,MIR5680,3105,8034
cnv,1683,RRM2B,3105,8034
cnv,1684,UBR5,3105,8034
cnv,1685,snoU13|ENSG00000238533.1,3105,8034
cnv,1686,RNU6ATAC8P,3105,8034
cnv,1687,ODF1,3105,8034
cnv,1688,KLF10,3105,8034
cnv,1689,AZIN1,3105,8034
cnv,1690,ATP6V1C1,3105,8034
cnv,1691,C8orf56,3105,8034
cnv,1692,BAALC,3105,8034
cnv,1693,MIR3151,3105,8034
cnv,1694,FZD6,3105,8034
cnv,1695,CTHRC1,3105,8034
cnv,1696,SLC25A32,3105,8034
cnv,1697,DCAF13,3105,8034
cnv,1698,RIMS2,3105,8034
cnv,1699,snoU13|ENSG00000238687.1,3105,8034
cnv,1700,DPYS,3105,8034
cnv,1701,DCSTAMP,3105,8034
cnv,1702,MIR548A3,3105,8034
cnv,1703,LRP12,3105,8034
cnv,1704,ZFPM2,3105,8034
cnv,1705,OXR1,3105,8034
cnv,1706,ABRA,3105,8034
cnv,1707,ANGPT1,3105,8034
cnv,1708,RNA5SP275,3105,8034
cnv,1709,RSPO2,3105,8034
cnv,1710,EIF3E,3105,8034
cnv,1711,EMC2,3105,8034
cnv,1712,TMEM74,3105,8034
cnv,1713,TRHR,3105,8034
cnv,1714,NUDCD1,3105,8034
cnv,1715,ENY2,3105,8034
cnv,1716,PKHD1L1,3105,8034
cnv,1717,EBAG9,3105,8034
cnv,1718,SYBU,3105,8034
cnv,1719,SNORD112|ENSG00000252559.1,3105,8034
cnv,1720,KCNV1,3105,8034
cnv,1721,CSMD3,3105,8034
cnv,1722,snoU13|ENSG00000238656.1,3105,8034
cnv,1723,MIR2053,3105,8034
cnv,1724,TRPS1,3105,8034
cnv,1725,LINC00536,3105,8034
cnv,1726,RNA5SP276,3105,8034
cnv,1727,EIF3H,3105,8034
cnv,1728,UTP23,3105,8034
cnv,1729,RAD21,3105,8034
cnv,1730,MIR3610,3105,8034
cnv,1731,AARD,3105,8034
cnv,1732,SLC30A8,3105,8034
cnv,1733,RN7SL228P,3105,8034
cnv,1734,RN7SL826P,3105,8034
cnv,1735,SNORA31|ENSG00000252852.1,3105,8034
cnv,1736,MED30,3105,8034
cnv,1737,EXT1,3105,8034
cnv,1738,SAMD12,3105,8034
cnv,1739,TNFRSF11B,3105,8034
cnv,1740,COLEC10,3105,8034
cnv,1741,MAL2,3105,8034
cnv,1742,SNORA32|ENSG00000206776.1,3105,8034
cnv,1743,NOV,3105,8034
cnv,1744,ENPP2,3105,8034
cnv,1745,RN7SKP153,3105,8034
cnv,1746,TAF2,3105,8034
cnv,1747,DSCC1,3105,8034
cnv,1748,RN7SL396P,3105,8034
cnv,1749,DEPTOR,3105,8034
cnv,1750,RNA5SP277,3105,8034
cnv,1751,COL14A1,3105,8034
cnv,1752,MRPL13,3105,8034
cnv,1753,MTBP,3105,8034
cnv,1754,SNTB1,3105,8034
cnv,1755,HAS2,3105,8034
cnv,1756,snoU13|ENSG00000238901.1,3105,8034
cnv,1757,ZHX2,3105,8034
cnv,1758,DERL1,3105,8034
cnv,1759,RNY4P5,3105,8034
cnv,1760,TBC1D31,3105,8034
cnv,1761,FAM83A,3105,8034
cnv,1762,U3|ENSG00000221461.1,3105,8034
cnv,1763,MIR4663,3105,8034
cnv,1764,C8orf76,3105,8034
cnv,1765,ZHX1,3105,8034
cnv,1766,snoU13|ENSG00000238422.1,3105,8034
cnv,1767,ATAD2,3105,8034
cnv,1768,MIR548AA1,3105,8034
cnv,1769,WDYHV1,3105,8034
cnv,1770,FBXO32,3105,8034
cnv,1771,RN7SKP155,3105,8034
cnv,1772,KLHL38,3105,8034
cnv,1773,ANXA13,3105,8034
cnv,1774,FAM91A1,3105,8034
cnv,1775,FER1L6,3105,8034
cnv,1776,TMEM65,3105,8034
cnv,1777,TRMT12,3105,8034
cnv,1778,RNF139,3105,8034
cnv,1779,TATDN1,3105,8034
cnv,1780,NDUFB9,3105,8034
cnv,1781,MTSS1,3105,8034
cnv,1782,MIR4662B,3105,8034
cnv,1783,LINC00964,3105,8034
cnv,1784,ZNF572,3105,8034
cnv,1785,SQLE,3105,8034
cnv,1786,KIAA0196,3105,8034
cnv,1787,NSMCE2,3105,8034
cnv,1788,RN7SL329P,3105,8034
cnv,1789,TRIB1,3105,8034
cnv,1790,RN7SL590P,3105,8034
cnv,1791,LINC00861,3105,8034
cnv,1792,FAM84B,3105,8034
cnv,1793,PCAT1,3105,8034
cnv,1794,PCAT2,3105,8034
cnv,1795,CCAT1,3105,8034
cnv,1796,CASC8,3105,8034
cnv,1797,POU5F1B,3105,8034
cnv,1798,MYC,3105,8034
cnv,1799,PVT1,3105,8034
cnv,1800,TMEM75,3105,8034
cnv,1801,MIR1205,3105,8034
cnv,1802,MIR1207,3105,8034
cnv,1803,MIR1208,3105,8034
cnv,1804,RN7SKP226,3105,8034
cnv,1805,LINC00977,3105,8034
cnv,1806,RN7SKP206,3105,8034
cnv,1807,CCDC26,3105,8034
cnv,1808,MIR3686,3105,8034
cnv,1809,GSDMC,3105,8034
cnv,1810,FAM49B,3105,8034
cnv,1811,SNORA25|ENSG00000200075.1,3105,8034
cnv,1812,MIR5194,3105,8034
cnv,1813,ASAP1,3105,8034
cnv,1814,SNORA12|ENSG00000212342.1,3105,8034
cnv,1815,ADCY8,3105,8034
cnv,1816,SNORA72|ENSG00000252158.1,3105,8034
cnv,1817,EFR3A,3105,8034
cnv,1818,OC90,3105,8034
cnv,1819,HHLA1,3105,8034
cnv,1820,KCNQ3,3105,8034
cnv,1821,HPYR1,3105,8034
cnv,1822,LRRC6,3105,8034
cnv,1823,TMEM71,3105,8034
cnv,1824,PHF20L1,3105,8034
cnv,1825,TG,3105,8034
cnv,1826,SLA,3105,8034
cnv,1827,WISP1,3105,8034
cnv,1828,NDRG1,3105,8034
cnv,1829,ST3GAL1,3105,8034
cnv,1830,SNORA40|ENSG00000212273.1,3105,8034
cnv,1831,ZFAT,3105,8034
cnv,1832,MIR30B,3105,8034
cnv,1833,MIR30D,3105,8034
cnv,1834,KHDRBS3,3105,8034
cnv,1835,FAM135B,3105,8034
cnv,1836,COL22A1,3105,8034
cnv,1837,SNORA25|ENSG00000251744.1,3105,8034
cnv,1838,KCNK9,3105,8034
cnv,1839,TRAPPC9,3105,8034
cnv,1840,C8orf17,3105,8034
cnv,1841,CASC7,3105,8034
cnv,1842,CHRAC1,3105,8034
cnv,1843,AGO2,3105,8034
cnv,1844,DENND3,3105,8034
cnv,1845,MIR151A,3105,8034
cnv,1846,PTK2,3105,8034
cnv,1847,RNA5SP278,3105,8034
cnv,1848,SLC45A4,3105,8034
cnv,1849,GPR20,3105,8034
cnv,1850,LINC00051,3105,8034
cnv,1851,MROH5,3105,8034
cnv,1852,PTP4A3,3105,8034
cnv,1853,SNORD5|ENSG00000238854.1,3105,8034
cnv,1854,TSNARE1,3105,8034
cnv,1855,BAI1,3105,8034
cnv,1856,ARC,3105,8034
cnv,1857,JRK,3105,8034
cnv,1858,PSCA,3105,8034
cnv,1859,LY6K,3105,8034
cnv,1860,THEM6,3105,8034
cnv,1861,SLURP1,3105,8034
cnv,1862,LYPD2,3105,8034
cnv,1863,LY6D,3105,8034
cnv,1864,LYNX1,3105,8034
cnv,1865,GML,3105,8034
cnv,1866,CYP11B1,3105,8034
cnv,1867,CYP11B2,3105,8034
cnv,1868,LY6E,3105,8034
cnv,1869,C8orf31,3105,8034
cnv,1870,LY6H,3105,8034
cnv,1871,GPIHBP1,3105,8034
cnv,1872,ZFP41,3105,8034
cnv,1873,GLI4,3105,8034
cnv,1874,ZNF696,3105,8034
cnv,1875,TOP1MT,3105,8034
cnv,1876,RHPN1,3105,8034
cnv,1877,MAFA,3105,8034
cnv,1878,ZC3H3,3105,8034
cnv,1879,7SK|ENSG00000254144.2,3105,8034
cnv,1880,GSDMD,3105,8034
cnv,1881,MROH6,3105,8034
cnv,1882,EEF1D,3105,8034
cnv,1883,NAPRT1,3105,8034
cnv,1884,TIGD5,3105,8034
cnv,1885,PYCRL,3105,8034
cnv,1886,TSTA3,3105,8034
cnv,1887,ZNF623,3105,8034
cnv,1888,CCDC166,3105,8034
cnv,1889,FAM83H,3105,8034
cnv,1890,MAPK15,3105,8034
cnv,1891,MIR4664,3105,8034
cnv,1892,ZNF707,3105,8034
cnv,1893,SCRIB,3105,8034
cnv,1894,MIR937,3105,8034
cnv,1895,PUF60,3105,8034
cnv,1896,NRBP2,3105,8034
cnv,1897,EPPK1,3105,8034
cnv,1898,PLEC,3105,8034
cnv,1899,MIR661,3105,8034
cnv,1900,PARP10,3105,8034
cnv,1901,GRINA,3105,8034
cnv,1902,SPATC1,3105,8034
cnv,1903,OPLAH,3105,8034
cnv,1904,EXOSC4,3105,8034
cnv,1905,GPAA1,3105,8034
cnv,1906,CYC1,3105,8034
cnv,1907,SHARPIN,3105,8034
cnv,1908,KIAA1875,3105,8034
cnv,1909,MAF1,3105,8034
cnv,1910,FAM203A,3105,8034
cnv,1911,MROH1,3105,8034
cnv,1912,ADCK5,3105,8034
cnv,1913,ARHGAP39,3105,8034
cnv,1914,BOP1,3105,8034
cnv,1915,C8orf33,3105,8034
cnv,1916,C8orf82,3105,8034
cnv,1917,COMMD5,3105,8034
cnv,1918,CPSF1,3105,8034
cnv,1919,CYHR1,3105,8034
cnv,1920,DGAT1,3105,8034
cnv,1921,FAM203B,3105,8034
cnv,1922,FBXL6,3105,8034
cnv,1923,FOXH1,3105,8034
cnv,1924,GPT,3105,8034
cnv,1925,HSF1,3105,8034
cnv,1926,KIFC2,3105,8034
cnv,1927,LRRC14,3105,8034
cnv,1928,LRRC24,3105,8034
cnv,1929,MFSD3,3105,8034
cnv,1930,MIR1234,3105,8034
cnv,1931,MIR939,3105,8034
cnv,1932,PPP1R16A,3105,8034
cnv,1933,RECQL4,3105,8034
cnv,1934,RN7SL395P,3105,8034
cnv,1935,RPL8,3105,8034
cnv,1936,SCRT1,3105,8034
cnv,1937,SCXA,3105,8034
cnv,1938,SCXB,3105,8034
cnv,1939,SLC39A4,3105,8034
cnv,1940,SLC52A2,3105,8034
cnv,1941,TMEM249,3105,8034
cnv,1942,TONSL,3105,8034
cnv,1943,VPS28,3105,8034
cnv,1944,ZNF16,3105,8034
cnv,1945,ZNF250,3105,8034
cnv,1946,ZNF251,3105,8034
cnv,1947,ZNF252P,3105,8034
cnv,1948,ZNF34,3105,8034
cnv,1949,ZNF517,3105,8034
cnv,1950,ZNF7,3105,8034
cnv,1951,GLIS3,3105,8034
cnv,1952,JAK2,3105,8034
cnv,1953,RLN2,3105,8034
cnv,1954,RLN1,3105,8034
cnv,1955,PLGRKT,3105,8034
cnv,1956,CD274,3105,8034
cnv,1957,PDCD1LG2,3105,8034
cnv,1958,KIAA1432,3105,8034
cnv,1959,PTPRD,3105,8034
cnv,1960,RN7SL151P,3105,8034
cnv,1961,MTAP,3105,8034
cnv,1962,C9orf53,3105,8034
cnv,1963,CDKN2A,3105,8034
cnv,1964,CDKN2B,3105,8034
cnv,1965,PPP6R3,3105,8034
cnv,1966,GAL,3105,8034
cnv,1967,MTL5,3105,8034
cnv,1968,CPT1A,3105,8034
cnv,1969,MRPL21,3105,8034
cnv,1970,IGHMBP2,3105,8034
cnv,1971,MRGPRD,3105,8034
cnv,1972,MRGPRF,3105,8034
cnv,1973,TPCN2,3105,8034
cnv,1974,MIR3164,3105,8034
cnv,1975,MYEOV,3105,8034
cnv,1976,CCND1,3105,8034
cnv,1977,ORAOV1,3105,8034
cnv,1978,FGF19,3105,8034
cnv,1979,FGF4,3105,8034
cnv,1980,FGF3,3105,8034
cnv,1981,ANO1,3105,8034
cnv,1982,FADD,3105,8034
cnv,1983,PPFIA1,3105,8034
cnv,1984,MIR548K,3105,8034
cnv,1985,CTTN,3105,8034
cnv,1986,SHANK2,3105,8034
cnv,1987,MIR3664,3105,8034
cnv,1988,DHCR7,3105,8034
cnv,1989,NADSYN1,3105,8034
cnv,1990,UNC93B6,3105,8034
cnv,1991,ENPP7P8,3105,8034
cnv,1992,C11orf30,3105,8034
cnv,1993,TSKU,3105,8034
cnv,1994,ACER3,3105,8034
cnv,1995,B3GNT6,3105,8034
cnv,1996,CAPN5,3105,8034
cnv,1997,OMP,3105,8034
cnv,1998,MYO7A,3105,8034
cnv,1999,GDPD4,3105,8034
cnv,2000,PAK1,3105,8034
cnv,2001,DKFZP434E1119,3105,8034
cnv,2002,CLNS1A,3105,8034
cnv,2003,AQP11,3105,8034
cnv,2004,RSF1,3105,8034
cnv,2005,AAMDC,3105,8034
cnv,2006,INTS4,3105,8034
cnv,2007,KCTD14,3105,8034
cnv,2008,THRSP,3105,8034
cnv,2009,NDUFC2,3105,8034
cnv,2010,ALG8,3105,8034
cnv,2011,KCTD21,3105,8034
cnv,2012,USP35,3105,8034
cnv,2013,GAB2,3105,8034
cnv,2014,NARS2,3105,8034
cnv,2015,TENM4,3105,8034
cnv,2016,TRPC6,3105,8034
cnv,2017,KIAA1377,3105,8034
cnv,2018,C11orf70,3105,8034
cnv,2019,snoU13|ENSG00000252679.1,3105,8034
cnv,2020,snoU13|ENSG00000239154.1,3105,8034
cnv,2021,YAP1,3105,8034
cnv,2022,BIRC2,3105,8034
cnv,2023,BIRC3,3105,8034
cnv,2024,TMEM123,3105,8034
cnv,2025,MMP7,3105,8034
cnv,2026,MMP20,3105,8034
cnv,2027,WTAPP1,3105,8034
cnv,2028,B4GALNT3,3105,8034
cnv,2029,CCDC77,3105,8034
cnv,2030,FAM138D,3105,8034
cnv,2031,IQSEC3,3105,8034
cnv,2032,KDM5A,3105,8034
cnv,2033,NINJ2,3105,8034
cnv,2034,RNU4ATAC16P,3105,8034
cnv,2035,SLC6A12,3105,8034
cnv,2036,SLC6A13,3105,8034
cnv,2037,WNK1,3105,8034
cnv,2038,RAD52,3105,8034
cnv,2039,ERC1,3105,8034
cnv,2040,RN7SL852P,3105,8034
cnv,2041,ADIPOR2,3105,8034
cnv,2042,FBXL14,3105,8034
cnv,2043,LINC00942,3105,8034
cnv,2044,MIR3649,3105,8034
cnv,2045,WNT5B,3105,8034
cnv,2046,CACNA2D4,3105,8034
cnv,2047,LRTM2,3105,8034
cnv,2048,LINC00940,3105,8034
cnv,2049,DCP1B,3105,8034
cnv,2050,CACNA1C,3105,8034
cnv,2051,CBX3P4,3105,8034
cnv,2052,FKBP4,3105,8034
cnv,2053,ITFG2,3105,8034
cnv,2054,NRIP2,3105,8034
cnv,2055,FOXM1,3105,8034
cnv,2056,RHNO1,3105,8034
cnv,2057,TULP3,3105,8034
cnv,2058,TEAD4,3105,8034
cnv,2059,TSPAN9,3105,8034
cnv,2060,PRMT8,3105,8034
cnv,2061,EFCAB4B,3105,8034
cnv,2062,PARP11,3105,8034
cnv,2063,CCND2,3105,8034
cnv,2064,C12orf5,3105,8034
cnv,2065,FGF23,3105,8034
cnv,2066,FGF6,3105,8034
cnv,2067,C12orf4,3105,8034
cnv,2068,RAD51AP1,3105,8034
cnv,2069,DYRK4,3105,8034
cnv,2070,NDUFA9,3105,8034
cnv,2071,AKAP3,3105,8034
cnv,2072,GALNT8,3105,8034
cnv,2073,KCNA6,3105,8034
cnv,2074,KCNA1,3105,8034
cnv,2075,KCNA5,3105,8034
cnv,2076,NTF3,3105,8034
cnv,2077,ANO2,3105,8034
cnv,2078,VWF,3105,8034
cnv,2079,RN7SL69P,3105,8034
cnv,2080,CD9,3105,8034
cnv,2081,PLEKHG6,3105,8034
cnv,2082,TNFRSF1A,3105,8034
cnv,2083,RN7SL391P,3105,8034
cnv,2084,SCNN1A,3105,8034
cnv,2085,LTBR,3105,8034
cnv,2086,CD27,3105,8034
cnv,2087,TAPBPL,3105,8034
cnv,2088,VAMP1,3105,8034
cnv,2089,MRPL51,3105,8034
cnv,2090,NCAPD2,3105,8034
cnv,2091,SCARNA10,3105,8034
cnv,2092,GAPDH,3105,8034
cnv,2093,IFFO1,3105,8034
cnv,2094,NOP2,3105,8034
cnv,2095,CHD4,3105,8034
cnv,2096,SCARNA11|ENSG00000251898.1,3105,8034
cnv,2097,LPAR5,3105,8034
cnv,2098,ACRBP,3105,8034
cnv,2099,ING4,3105,8034
cnv,2100,ZNF384,3105,8034
cnv,2101,PIANP,3105,8034
cnv,2102,COPS7A,3105,8034
cnv,2103,MLF2,3105,8034
cnv,2104,PTMS,3105,8034
cnv,2105,LAG3,3105,8034
cnv,2106,RN7SL380P,3105,8034
cnv,2107,CD4,3105,8034
cnv,2108,GPR162,3105,8034
cnv,2109,LEPREL2,3105,8034
cnv,2110,GNB3,3105,8034
cnv,2111,CDCA3,3105,8034
cnv,2112,USP5,3105,8034
cnv,2113,SPSB2,3105,8034
cnv,2114,TPI1,3105,8034
cnv,2115,LRRC23,3105,8034
cnv,2116,RPL13P5,3105,8034
cnv,2117,DSTNP2,3105,8034
cnv,2118,ENO2,3105,8034
cnv,2119,ATN1,3105,8034
cnv,2120,C12orf57,3105,8034
cnv,2121,PTPN6,3105,8034
cnv,2122,MIR141,3105,8034
cnv,2123,MIR200C,3105,8034
cnv,2124,PHB2,3105,8034
cnv,2125,SCARNA12,3105,8034
cnv,2126,EMG1,3105,8034
cnv,2127,LPCAT3,3105,8034
cnv,2128,C1S,3105,8034
cnv,2129,C1R,3105,8034
cnv,2130,C1RL,3105,8034
cnv,2131,RBP5,3105,8034
cnv,2132,CLSTN3,3105,8034
cnv,2133,PEX5,3105,8034
cnv,2134,ACSM4,3105,8034
cnv,2135,CD163L1,3105,8034
cnv,2136,CD163,3105,8034
cnv,2137,APOBEC1,3105,8034
cnv,2138,GDF3,3105,8034
cnv,2139,DPPA3,3105,8034
cnv,2140,CLEC4C,3105,8034
cnv,2141,NANOGNB,3105,8034
cnv,2142,NANOG,3105,8034
cnv,2143,NANOGP1,3105,8034
cnv,2144,SLC2A14,3105,8034
cnv,2145,SLC2A3,3105,8034
cnv,2146,FOXJ2,3105,8034
cnv,2147,C3AR1,3105,8034
cnv,2148,NECAP1,3105,8034
cnv,2149,CLEC4A,3105,8034
cnv,2150,ZNF705A,3105,8034
cnv,2151,FAM66C,3105,8034
cnv,2152,FAM86FP,3105,8034
cnv,2153,FAM90A1,3105,8034
cnv,2154,LINC00937,3105,8034
cnv,2155,CLEC6A,3105,8034
cnv,2156,CLEC4D,3105,8034
cnv,2157,CLEC4E,3105,8034
cnv,2158,SCARNA11|ENSG00000252727.1,3105,8034
cnv,2159,AICDA,3105,8034
cnv,2160,MFAP5,3105,8034
cnv,2161,RIMKLB,3105,8034
cnv,2162,A2ML1,3105,8034
cnv,2163,PHC1,3105,8034
cnv,2164,M6PR,3105,8034
cnv,2165,KLRG1,3105,8034
cnv,2166,LINC00612,3105,8034
cnv,2167,A2M,3105,8034
cnv,2168,PZP,3105,8034
cnv,2169,A2MP1,3105,8034
cnv,2170,LINC00987,3105,8034
cnv,2171,SNORA75|ENSG00000212432.1,3105,8034
cnv,2172,SNORA75|ENSG00000212440.1,3105,8034
cnv,2173,KLRB1,3105,8034
cnv,2174,CLEC2D,3105,8034
cnv,2175,CLECL1,3105,8034
cnv,2176,CD69,3105,8034
cnv,2177,KLRF1,3105,8034
cnv,2178,CLEC2B,3105,8034
cnv,2179,KLRF2,3105,8034
cnv,2180,CLEC2A,3105,8034
cnv,2181,CLEC12A,3105,8034
cnv,2182,CLEC1B,3105,8034
cnv,2183,CLEC12B,3105,8034
cnv,2184,CLEC9A,3105,8034
cnv,2185,CLEC1A,3105,8034
cnv,2186,RN7SKP161,3105,8034
cnv,2187,CLEC7A,3105,8034
cnv,2188,OLR1,3105,8034
cnv,2189,TMEM52B,3105,8034
cnv,2190,GABARAPL1,3105,8034
cnv,2191,KLRD1,3105,8034
cnv,2192,KLRK1,3105,8034
cnv,2193,KLRC4,3105,8034
cnv,2194,KLRC1,3105,8034
cnv,2195,KLRC2,3105,8034
cnv,2196,KLRC3,3105,8034
cnv,2197,EIF2S3L,3105,8034
cnv,2198,KLRAP1,3105,8034
cnv,2199,MAGOHB,3105,8034
cnv,2200,STYK1,3105,8034
cnv,2201,YBX3,3105,8034
cnv,2202,TAS2R7,3105,8034
cnv,2203,TAS2R8,3105,8034
cnv,2204,TAS2R9,3105,8034
cnv,2205,PRR4,3105,8034
cnv,2206,TAS2R10,3105,8034
cnv,2207,PRH1,3105,8034
cnv,2208,TAS2R13,3105,8034
cnv,2209,PRH2,3105,8034
cnv,2210,TAS2R14,3105,8034
cnv,2211,TAS2R50,3105,8034
cnv,2212,TAS2R20,3105,8034
cnv,2213,TAS2R19,3105,8034
cnv,2214,TAS2R30,3105,8034
cnv,2215,TAS2R31,3105,8034
cnv,2216,TAS2R42,3105,8034
cnv,2217,TAS2R43,3105,8034
cnv,2218,TAS2R46,3105,8034
cnv,2219,TAS2R64P,3105,8034
cnv,2220,PRB3,3105,8034
cnv,2221,PRB4,3105,8034
cnv,2222,PRB1,3105,8034
cnv,2223,PRB2,3105,8034
cnv,2224,ETV6,3105,8034
cnv,2225,BCL2L14,3105,8034
cnv,2226,LRP6,3105,8034
cnv,2227,MANSC1,3105,8034
cnv,2228,LOH12CR2,3105,8034
cnv,2229,LOH12CR1,3105,8034
cnv,2230,DUSP16,3105,8034
cnv,2231,CREBL2,3105,8034
cnv,2232,GPR19,3105,8034
cnv,2233,CDKN1B,3105,8034
cnv,2234,APOLD1,3105,8034
cnv,2235,MIR613,3105,8034
cnv,2236,DDX47,3105,8034
cnv,2237,GPRC5A,3105,8034
cnv,2238,GPRC5D,3105,8034
cnv,2239,GSG1,3105,8034
cnv,2240,HEBP1,3105,8034
cnv,2241,HTR7P1,3105,8034
cnv,2242,KIAA1467,3105,8034
cnv,2243,MIR614,3105,8034
cnv,2244,SNORD88,3105,8034
cnv,2245,EMP1,3105,8034
cnv,2246,C12orf36,3105,8034
cnv,2247,RNA5SP353,3105,8034
cnv,2248,GRIN2B,3105,8034
cnv,2249,RN7SKP162,3105,8034
cnv,2250,RN7SL46P,3105,8034
cnv,2251,RN7SL676P,3105,8034
cnv,2252,RPL30P11,3105,8034
cnv,2253,ATF7IP,3105,8034
cnv,2254,PLBD1,3105,8034
cnv,2255,RN7SKP134,3105,8034
cnv,2256,GUCY2C,3105,8034
cnv,2257,H2AFJ,3105,8034
cnv,2258,HIST4H4,3105,8034
cnv,2259,WBP11,3105,8034
cnv,2260,C12orf60,3105,8034
cnv,2261,SMCO3,3105,8034
cnv,2262,ART4,3105,8034
cnv,2263,MGP,3105,8034
cnv,2264,ERP27,3105,8034
cnv,2265,ARHGDIB,3105,8034
cnv,2266,PDE6H,3105,8034
cnv,2267,RERG,3105,8034
cnv,2268,PTPRO,3105,8034
cnv,2269,EPS8,3105,8034
cnv,2270,STRAP,3105,8034
cnv,2271,DERA,3105,8034
cnv,2272,SLC15A5,3105,8034
cnv,2273,MGST1,3105,8034
cnv,2274,LMO3,3105,8034
cnv,2275,RERGL,3105,8034
cnv,2276,PIK3C2G,3105,8034
cnv,2277,PLCZ1,3105,8034
cnv,2278,CAPZA3,3105,8034
cnv,2279,PLEKHA5,3105,8034
cnv,2280,RN7SL459P,3105,8034
cnv,2281,RN7SL67P,3105,8034
cnv,2282,AEBP2,3105,8034
cnv,2283,PDE3A,3105,8034
cnv,2284,SLCO1C1,3105,8034
cnv,2285,SLCO1B3,3105,8034
cnv,2286,LST3,3105,8034
cnv,2287,SLCO1B7,3105,8034
cnv,2288,SLCO1B1,3105,8034
cnv,2289,SLCO1A2,3105,8034
cnv,2290,IAPP,3105,8034
cnv,2291,PYROXD1,3105,8034
cnv,2292,RECQL,3105,8034
cnv,2293,GOLT1B,3105,8034
cnv,2294,C12orf39,3105,8034
cnv,2295,GYS2,3105,8034
cnv,2296,LDHB,3105,8034
cnv,2297,KCNJ8,3105,8034
cnv,2298,ABCC9,3105,8034
cnv,2299,CMAS,3105,8034
cnv,2300,ST8SIA1,3105,8034
cnv,2301,C2CD5,3105,8034
cnv,2302,ETNK1,3105,8034
cnv,2303,SOX5,3105,8034
cnv,2304,MIR920,3105,8034
cnv,2305,LINC00477,3105,8034
cnv,2306,RN7SL38P,3105,8034
cnv,2307,BCAT1,3105,8034
cnv,2308,C12orf77,3105,8034
cnv,2309,LRMP,3105,8034
cnv,2310,CASC1,3105,8034
cnv,2311,LYRM5,3105,8034
cnv,2312,KRAS,3105,8034
cnv,2313,IFLTD1,3105,8034
cnv,2314,RN7SKP262,3105,8034
cnv,2315,RASSF8,3105,8034
cnv,2316,BHLHE41,3105,8034
cnv,2317,SSPN,3105,8034
cnv,2318,ITPR2,3105,8034
cnv,2319,RNA5SP354,3105,8034
cnv,2320,ASUN,3105,8034
cnv,2321,FGFR1OP2,3105,8034
cnv,2322,TM7SF3,3105,8034
cnv,2323,MED21,3105,8034
cnv,2324,C12orf71,3105,8034
cnv,2325,STK38L,3105,8034
cnv,2326,ARNTL2,3105,8034
cnv,2327,SMCO2,3105,8034
cnv,2328,PPFIBP1,3105,8034
cnv,2329,REP15,3105,8034
cnv,2330,MRPS35,3105,8034
cnv,2331,MANSC4,3105,8034
cnv,2332,KLHL42,3105,8034
cnv,2333,RN7SKP15,3105,8034
cnv,2334,PTHLH,3105,8034
cnv,2335,CCDC91,3105,8034
cnv,2336,RNA5SP355,3105,8034
cnv,2337,FAR2,3105,8034
cnv,2338,ERGIC2,3105,8034
cnv,2339,OVCH1,3105,8034
cnv,2340,TMTC1,3105,8034
cnv,2341,U3|ENSG00000253052.1,3105,8034
cnv,2342,RNA5SP356,3105,8034
cnv,2343,IPO8,3105,8034
cnv,2344,CAPRIN2,3105,8034
cnv,2345,LINC00941,3105,8034
cnv,2346,TSPAN11,3105,8034
cnv,2347,DDX11,3105,8034
cnv,2348,SNORA75|ENSG00000212533.1,3105,8034
cnv,2349,FAM60A,3105,8034
cnv,2350,snoU13|ENSG00000238661.1,3105,8034
cnv,2351,DENND5B,3105,8034
cnv,2352,snoU13|ENSG00000239033.1,3105,8034
cnv,2353,METTL20,3105,8034
cnv,2354,AMN1,3105,8034
cnv,2355,STMN1P1,3105,8034
cnv,2356,H3F3C,3105,8034
cnv,2357,SNORA25|ENSG00000252204.1,3105,8034
cnv,2358,KIAA1551,3105,8034
cnv,2359,BICD1,3105,8034
cnv,2360,FGD4,3105,8034
cnv,2361,DNM1L,3105,8034
cnv,2362,PKP2,3105,8034
cnv,2363,ALG10B,3105,8034
cnv,2364,ALG10,3105,8034
cnv,2365,CPNE8,3105,8034
cnv,2366,RNA5SP358,3105,8034
cnv,2367,RNA5SP359,3105,8034
cnv,2368,SYT10,3105,8034
cnv,2369,KIF5A,3105,8034
cnv,2370,PIP4K2C,3105,8034
cnv,2371,DTX3,3105,8034
cnv,2372,ARHGEF25,3105,8034
cnv,2373,B4GALNT1,3105,8034
cnv,2374,SLC26A10,3105,8034
cnv,2375,snoU13|ENSG00000238436.1,3105,8034
cnv,2376,OS9,3105,8034
cnv,2377,AGAP2,3105,8034
cnv,2378,TSPAN31,3105,8034
cnv,2379,CDK4,3105,8034
cnv,2380,MARCH9,3105,8034
cnv,2381,CYP27B1,3105,8034
cnv,2382,METTL1,3105,8034
cnv,2383,METTL21B,3105,8034
cnv,2384,TSFM,3105,8034
cnv,2385,AVIL,3105,8034
cnv,2386,CTDSP2,3105,8034
cnv,2387,MIR26A2,3105,8034
cnv,2388,XRCC6BP1,3105,8034
cnv,2389,RN7SKP65,3105,8034
cnv,2390,MSRB3,3105,8034
cnv,2391,RPSAP52,3105,8034
cnv,2392,HMGA2,3105,8034
cnv,2393,GRIP1,3105,8034
cnv,2394,CAND1,3105,8034
cnv,2395,DYRK2,3105,8034
cnv,2396,IFNG,3105,8034
cnv,2397,IL26,3105,8034
cnv,2398,IL22,3105,8034
cnv,2399,MDM1,3105,8034
cnv,2400,RAP1B,3105,8034
cnv,2401,SNORA70G,3105,8034
cnv,2402,NUP107,3105,8034
cnv,2403,SLC35E3,3105,8034
cnv,2404,MDM2,3105,8034
cnv,2405,CPM,3105,8034
cnv,2406,CPSF6,3105,8034
cnv,2407,LYZ,3105,8034
cnv,2408,YEATS4,3105,8034
cnv,2409,RN7SL804P,3105,8034
cnv,2410,FRS2,3105,8034
cnv,2411,CCT2,3105,8034
cnv,2412,LRRC10,3105,8034
cnv,2413,BEST3,3105,8034
cnv,2414,RAB3IP,3105,8034
cnv,2415,MYRFL,3105,8034
cnv,2416,CNOT2,3105,8034
cnv,2417,KCNMB4,3105,8034
cnv,2418,PTPRB,3105,8034
cnv,2419,PTPRR,3105,8034
cnv,2420,TSPAN8,3105,8034
cnv,2421,LGR5,3105,8034
cnv,2422,TRHDE,3105,8034
cnv,2423,PIBF1,3105,8034
cnv,2424,KLF5,3105,8034
cnv,2425,RNY1P8,3105,8034
cnv,2426,LINC00393,3105,8034
cnv,2427,LINC00392,3105,8034
cnv,2428,KLF12,3105,8034
cnv,2429,GPC6,3105,8034
cnv,2430,FAM155A,3105,8034
cnv,2431,MYO16,3105,8034
cnv,2432,LINC00676,3105,8034
cnv,2433,IRS2,3105,8034
cnv,2434,RN7SKP10,3105,8034
cnv,2435,RN7SL783P,3105,8034
cnv,2436,COL4A1,3105,8034
cnv,2437,COL4A2,3105,8034
cnv,2438,snoU13|ENSG00000238629.1,3105,8034
cnv,2439,RAB20,3105,8034
cnv,2440,CARKD,3105,8034
cnv,2441,CARS2,3105,8034
cnv,2442,ING1,3105,8034
cnv,2443,LINC00567,3105,8034
cnv,2444,LINC00346,3105,8034
cnv,2445,ANKRD10,3105,8034
cnv,2446,ARHGEF7,3105,8034
cnv,2447,TEX29,3105,8034
cnv,2448,LINC00354,3105,8034
cnv,2449,SNORD44,3105,8034
cnv,2450,SOX1,3105,8034
cnv,2451,LINC00403,3105,8034
cnv,2452,LINC00404,3105,8034
cnv,2453,SPACA7,3105,8034
cnv,2454,TUBGCP3,3105,8034
cnv,2455,C13orf35,3105,8034
cnv,2456,ATP11A,3105,8034
cnv,2457,MCF2L,3105,8034
cnv,2458,F7,3105,8034
cnv,2459,F10,3105,8034
cnv,2460,PROZ,3105,8034
cnv,2461,PCID2,3105,8034
cnv,2462,CUL4A,3105,8034
cnv,2463,LAMP1,3105,8034
cnv,2464,GRTP1,3105,8034
cnv,2465,ADPRHL1,3105,8034
cnv,2466,DCUN1D2,3105,8034
cnv,2467,TMCO3,3105,8034
cnv,2468,TFDP1,3105,8034
cnv,2469,ATP4B,3105,8034
cnv,2470,GAS6,3105,8034
cnv,2471,GRK1,3105,8034
cnv,2472,LINC00454,3105,8034
cnv,2473,TMEM255B,3105,8034
cnv,2474,LINC00453,3105,8034
cnv,2475,LINC00452,3105,8034
cnv,2476,LINC00565,3105,8034
cnv,2477,RASA3,3105,8034
cnv,2478,PIP4K2B,3105,8034
cnv,2479,CWC25,3105,8034
cnv,2480,LASP1,3105,8034
cnv,2481,LINC00672,3105,8034
cnv,2482,FBXO47,3105,8034
cnv,2483,LRRC37A11P,3105,8034
cnv,2484,PLXDC1,3105,8034
cnv,2485,ARL5C,3105,8034
cnv,2486,CACNB1,3105,8034
cnv,2487,RPL19,3105,8034
cnv,2488,STAC2,3105,8034
cnv,2489,FBXL20,3105,8034
cnv,2490,MED1,3105,8034
cnv,2491,CDK12,3105,8034
cnv,2492,NEUROD2,3105,8034
cnv,2493,PPP1R1B,3105,8034
cnv,2494,STARD3,3105,8034
cnv,2495,TCAP,3105,8034
cnv,2496,PNMT,3105,8034
cnv,2497,PGAP3,3105,8034
cnv,2498,ERBB2,3105,8034
cnv,2499,MIR4728,3105,8034
cnv,2500,MIEN1,3105,8034
cnv,2501,GRB7,3105,8034
cnv,2502,IKZF3,3105,8034
cnv,2503,ZPBP2,3105,8034
cnv,2504,GSDMB,3105,8034
cnv,2505,ORMDL3,3105,8034
cnv,2506,LRRC3C,3105,8034
cnv,2507,GSDMA,3105,8034
cnv,2508,PSMD3,3105,8034
cnv,2509,CSF3,3105,8034
cnv,2510,MED24,3105,8034
cnv,2511,SNORD124,3105,8034
cnv,2512,THRA,3105,8034
cnv,2513,NR1D1,3105,8034
cnv,2514,MSL1,3105,8034
cnv,2515,CASC3,3105,8034
cnv,2516,RAPGEFL1,3105,8034
cnv,2517,WIPF2,3105,8034
cnv,2518,RNY4P8,3105,8034
cnv,2519,CDC6,3105,8034
cnv,2520,RARA,3105,8034
cnv,2521,GJD3,3105,8034
cnv,2522,VMP1,3105,8034
cnv,2523,MIR21,3105,8034
cnv,2524,TUBD1,3105,8034
cnv,2525,RPS6KB1,3105,8034
cnv,2526,HEATR6,3105,8034
cnv,2527,MIR4737,3105,8034
cnv,2528,USP32,3105,8034
cnv,2529,BCAS3,3105,8034
cnv,2530,LINC00662,3105,8034
cnv,2531,ZNF254,3105,8034
cnv,2532,ZNF726,3105,8034
cnv,2533,snoU13|ENSG00000238514.1,3105,8034
cnv,2534,LINC00906,3105,8034
cnv,2535,RNA5SP470,3105,8034
cnv,2536,UQCRFS1,3105,8034
cnv,2537,RN7SL340P,3105,8034
cnv,2538,VSTM2B,3105,8034
cnv,2539,POP4,3105,8034
cnv,2540,PLEKHF1,3105,8034
cnv,2541,C19orf12,3105,8034
cnv,2542,CCNE1,3105,8034
cnv,2543,URI1,3105,8034
cnv,2544,ZNF536,3105,8034
cnv,2545,TSHZ3,3105,8034
cnv,2546,THEG5,3105,8034
cnv,2547,RNA5SP471,3105,8034
cnv,2548,RNA5SP472,3105,8034
cnv,2549,ZNF507,3105,8034
cnv,2550,DPY19L3,3105,8034
cnv,2551,PDCD5,3105,8034
cnv,2552,ANKRD27,3105,8034
cnv,2553,SNORA68|ENSG00000201388.1,3105,8034
cnv,2554,RN7SL789P,3105,8034
cnv,2555,RGS9BP,3105,8034
cnv,2556,NUDT19,3105,8034
cnv,2557,TDRD12,3105,8034
cnv,2558,SLC7A9,3105,8034
cnv,2559,RN7SKP22,3105,8034
cnv,2560,CEP89,3105,8034
cnv,2561,RHPN2,3105,8034
cnv,2562,PEPD,3105,8034
cnv,2563,LGI4,3105,8034
cnv,2564,FXYD1,3105,8034
cnv,2565,FXYD7,3105,8034
cnv,2566,FXYD5,3105,8034
cnv,2567,ZNF383,3105,8034
cnv,2568,HKR1,3105,8034
cnv,2569,ZNF527,3105,8034
cnv,2570,ZNF569,3105,8034
cnv,2571,ZNF570,3105,8034
cnv,2572,ZNF793,3105,8034
cnv,2573,ZNF540,3105,8034
cnv,2574,ZNF571,3105,8034
cnv,2575,ZFP30,3105,8034
cnv,2576,ZNF781,3105,8034
cnv,2577,ZNF607,3105,8034
cnv,2578,ZNF573,3105,8034
cnv,2579,WDR87,3105,8034
cnv,2580,SIPA1L3,3105,8034
cnv,2581,DPF1,3105,8034
cnv,2582,RN7SL663P,3105,8034
cnv,2583,SPINT2,3105,8034
cnv,2584,PPP1R14A,3105,8034
cnv,2585,C19orf33,3105,8034
cnv,2586,YIF1B,3105,8034
cnv,2587,KCNK6,3105,8034
cnv,2588,CATSPERG,3105,8034
cnv,2589,snoU13|ENSG00000238838.1,3105,8034
cnv,2590,PSMD8,3105,8034
cnv,2591,GGN,3105,8034
cnv,2592,SPRED3,3105,8034
cnv,2593,FAM98C,3105,8034
cnv,2594,RASGRP4,3105,8034
cnv,2595,RYR1,3105,8034
cnv,2596,MAP4K1,3105,8034
cnv,2597,EIF3K,3105,8034
cnv,2598,ACTN4,3105,8034
cnv,2599,CAPN12,3105,8034
cnv,2600,LGALS7,3105,8034
cnv,2601,LGALS7B,3105,8034
cnv,2602,LGALS4,3105,8034
cnv,2603,ECH1,3105,8034
cnv,2604,HNRNPL,3105,8034
cnv,2605,RINL,3105,8034
cnv,2606,SIRT2,3105,8034
cnv,2607,NFKBIB,3105,8034
cnv,2608,SARS2,3105,8034
cnv,2609,MRPS12,3105,8034
cnv,2610,FBXO17,3105,8034
cnv,2611,FBXO27,3105,8034
cnv,2612,PAPL,3105,8034
cnv,2613,snoU13|ENSG00000251709.1,3105,8034
cnv,2614,PAK4,3105,8034
cnv,2615,NCCRP1,3105,8034
cnv,2616,SYCN,3105,8034
cnv,2617,IFNL3,3105,8034
cnv,2618,IFNL4,3105,8034
cnv,2619,IFNL2,3105,8034
cnv,2620,IFNL1,3105,8034
cnv,2621,LRFN1,3105,8034
cnv,2622,GMFG,3105,8034
cnv,2623,SAMD4B,3105,8034
cnv,2624,RN7SL566P,3105,8034
cnv,2625,PAF1,3105,8034
cnv,2626,MED29,3105,8034
cnv,2627,MIR4530,3105,8034
cnv,2628,PLEKHG2,3105,8034
cnv,2629,ZFP36,3105,8034
cnv,2630,RPS16,3105,8034
cnv,2631,SUPT5H,3105,8034
cnv,2632,DLL3,3105,8034
cnv,2633,TIMM50,3105,8034
cnv,2634,SELV,3105,8034
cnv,2635,EID2B,3105,8034
cnv,2636,EID2,3105,8034
cnv,2637,LGALS13,3105,8034
cnv,2638,LGALS16,3105,8034
cnv,2639,LGALS17A,3105,8034
cnv,2640,LGALS14,3105,8034
cnv,2641,CLC,3105,8034
cnv,2642,LEUTX,3105,8034
cnv,2643,DYRK1B,3105,8034
cnv,2644,FBL,3105,8034
cnv,2645,FCGBP,3105,8034
cnv,2646,PSMC4,3105,8034
cnv,2647,ZNF546,3105,8034
cnv,2648,ZNF780B,3105,8034
cnv,2649,ZNF780A,3105,8034
cnv,2650,MAP3K10,3105,8034
cnv,2651,TTC9B,3105,8034
cnv,2652,CNTD2,3105,8034
cnv,2653,AKT2,3105,8034
cnv,2654,MIR641,3105,8034
cnv,2655,C19orf47,3105,8034
cnv,2656,PLD3,3105,8034
cnv,2657,MACROD2,3105,8034
cnv,2658,MIR663A,3105,8034
cnv,2659,FRG1B,3105,8034
cnv,2660,DEFB115,3105,8034
cnv,2661,DEFB116,3105,8034
cnv,2662,RNA5SP480,3105,8034
cnv,2663,DEFB118,3105,8034
cnv,2664,DEFB119,3105,8034
cnv,2665,SNORA40|ENSG00000212134.1,3105,8034
cnv,2666,DEFB121,3105,8034
cnv,2667,DEFB122,3105,8034
cnv,2668,DEFB123,3105,8034
cnv,2669,DEFB124,3105,8034
cnv,2670,REM1,3105,8034
cnv,2671,LINC00028,3105,8034
cnv,2672,HM13,3105,8034
cnv,2673,ID1,3105,8034
cnv,2674,MIR3193,3105,8034
cnv,2675,COX4I2,3105,8034
cnv,2676,BCL2L1,3105,8034
cnv,2677,TPX2,3105,8034
cnv,2678,MYLK2,3105,8034
cnv,2679,FOXS1,3105,8034
cnv,2680,DUSP15,3105,8034
cnv,2681,TTLL9,3105,8034
cnv,2682,PDRG1,3105,8034
cnv,2683,XKR7,3105,8034
cnv,2684,RNA5SP481,3105,8034
cnv,2685,CCM2L,3105,8034
cnv,2686,HCK,3105,8034
cnv,2687,RNA5SP482,3105,8034
cnv,2688,TM9SF4,3105,8034
cnv,2689,TSPY26P,3105,8034
cnv,2690,PLAGL2,3105,8034
cnv,2691,POFUT1,3105,8034
cnv,2692,MIR1825,3105,8034
cnv,2693,KIF3B,3105,8034
cnv,2694,ASXL1,3105,8034
cnv,2695,C20orf112,3105,8034
cnv,2696,C20orf203,3105,8034
cnv,2697,COMMD7,3105,8034
cnv,2698,DNMT3B,3105,8034
cnv,2699,MAPRE1,3105,8034
cnv,2700,EFCAB8,3105,8034
cnv,2701,SUN5,3105,8034
cnv,2702,BPIFB2,3105,8034
cnv,2703,BPIFB6,3105,8034
cnv,2704,BPIFB3,3105,8034
cnv,2705,BPIFB4,3105,8034
cnv,2706,BPIFA2,3105,8034
cnv,2707,BPIFA4P,3105,8034
cnv,2708,BPIFA3,3105,8034
cnv,2709,BPIFA1,3105,8034
cnv,2710,BPIFB1,3105,8034
cnv,2711,CDK5RAP1,3105,8034
cnv,2712,SNTA1,3105,8034
cnv,2713,RN7SL511P,3105,8034
cnv,2714,CBFA2T2,3105,8034
cnv,2715,NECAB3,3105,8034
cnv,2716,C20orf144,3105,8034
cnv,2717,ACTL10,3105,8034
cnv,2718,E2F1,3105,8034
cnv,2719,PXMP4,3105,8034
cnv,2720,ZNF341,3105,8034
cnv,2721,CHMP4B,3105,8034
cnv,2722,RALY,3105,8034
cnv,2723,MIR4755,3105,8034
cnv,2724,EIF2S2,3105,8034
cnv,2725,ASIP,3105,8034
cnv,2726,AHCY,3105,8034
cnv,2727,ITCH,3105,8034
cnv,2728,MIR644A,3105,8034
cnv,2729,DYNLRB1,3105,8034
cnv,2730,MAP1LC3A,3105,8034
cnv,2731,PIGU,3105,8034
cnv,2732,NCOA6,3105,8034
cnv,2733,TP53INP2,3105,8034
cnv,2734,GGT7,3105,8034
cnv,2735,ACSS2,3105,8034
cnv,2736,GSS,3105,8034
cnv,2737,MYH7B,3105,8034
cnv,2738,MIR499A,3105,8034
cnv,2739,TRPC4AP,3105,8034
cnv,2740,EDEM2,3105,8034
cnv,2741,SNORD56|ENSG00000201151.1,3105,8034
cnv,2742,PROCR,3105,8034
cnv,2743,RNA5SP483,3105,8034
cnv,2744,MMP24,3105,8034
cnv,2745,EIF6,3105,8034
cnv,2746,FAM83C,3105,8034
cnv,2747,UQCC,3105,8034
cnv,2748,GDF5OS,3105,8034
cnv,2749,GDF5,3105,8034
cnv,2750,CEP250,3105,8034
cnv,2751,C20orf173,3105,8034
cnv,2752,ERGIC3,3105,8034
cnv,2753,FER1L4,3105,8034
cnv,2754,SPAG4,3105,8034
cnv,2755,CPNE1,3105,8034
cnv,2756,NFS1,3105,8034
cnv,2757,RN7SKP271,3105,8034
cnv,2758,RBM12,3105,8034
cnv,2759,RBM39,3105,8034
cnv,2760,ROMO1,3105,8034
cnv,2761,snoU13|ENSG00000238549.1,3105,8034
cnv,2762,PHF20,3105,8034
cnv,2763,SCAND1,3105,8034
cnv,2764,CNBD2,3105,8034
cnv,2765,LINC00657,3105,8034
cnv,2766,EPB41L1,3105,8034
cnv,2767,snoU13|ENSG00000239089.1,3105,8034
cnv,2768,AAR2,3105,8034
cnv,2769,DLGAP4,3105,8034
cnv,2770,MYL9,3105,8034
cnv,2771,TGIF2,3105,8034
cnv,2772,C20orf24,3105,8034
cnv,2773,SLA2,3105,8034
cnv,2774,NDRG3,3105,8034
cnv,2775,DSN1,3105,8034
cnv,2776,SOGA1,3105,8034
cnv,2777,RN7SL156P,3105,8034
cnv,2778,TLDC2,3105,8034
cnv,2779,SAMHD1,3105,8034
cnv,2780,RBL1,3105,8034
cnv,2781,MROH8,3105,8034
cnv,2782,RPN2,3105,8034
cnv,2783,GHRH,3105,8034
cnv,2784,MANBAL,3105,8034
cnv,2785,SRC,3105,8034
cnv,2786,BLCAP,3105,8034
cnv,2787,NNAT,3105,8034
cnv,2788,LINC00489,3105,8034
cnv,2789,CTNNBL1,3105,8034
cnv,2790,VSTM2L,3105,8034
cnv,2791,RN7SKP185,3105,8034
cnv,2792,TTI1,3105,8034
cnv,2793,RPRD1B,3105,8034
cnv,2794,RN7SL237P,3105,8034
cnv,2795,TGM2,3105,8034
cnv,2796,KIAA1755,3105,8034
cnv,2797,BPI,3105,8034
cnv,2798,LBP,3105,8034
cnv,2799,SNHG17,3105,8034
cnv,2800,SNORA71B,3105,8034
cnv,2801,SNORA71A,3105,8034
cnv,2802,SNORA71C,3105,8034
cnv,2803,SNORA71D,3105,8034
cnv,2804,SNORA71|ENSG00000201811.1,3105,8034
cnv,2805,SNHG11,3105,8034
cnv,2806,SNORA60,3105,8034
cnv,2807,RALGAPB,3105,8034
cnv,2808,MIR548O2,3105,8034
cnv,2809,ADIG,3105,8034
cnv,2810,ARHGAP40,3105,8034
cnv,2811,SLC32A1,3105,8034
cnv,2812,ACTR5,3105,8034
cnv,2813,RN7SKP173,3105,8034
cnv,2814,PPP1R16B,3105,8034
cnv,2815,RN7SL116P,3105,8034
cnv,2816,FAM83D,3105,8034
cnv,2817,DHX35,3105,8034
cnv,2818,RN7SL680P,3105,8034
cnv,2819,RN7SL194P,3105,8034
cnv,2820,SNORD112|ENSG00000252434.1,3105,8034
cnv,2821,MAFB,3105,8034
cnv,2822,RNA5SP484,3105,8034
cnv,2823,TOP1,3105,8034
cnv,2824,PLCG1,3105,8034
cnv,2825,ZHX3,3105,8034
cnv,2826,RN7SL615P,3105,8034
cnv,2827,LPIN3,3105,8034
cnv,2828,EMILIN3,3105,8034
cnv,2829,CHD6,3105,8034
cnv,2830,SNORA26|ENSG00000212224.1,3105,8034
cnv,2831,PTPRT,3105,8034
cnv,2832,RN7SKP100,3105,8034
cnv,2833,RN7SL666P,3105,8034
cnv,2834,SCARNA15|ENSG00000252193.1,3105,8034
cnv,2835,SRSF6,3105,8034
cnv,2836,L3MBTL1,3105,8034
cnv,2837,SGK2,3105,8034
cnv,2838,IFT52,3105,8034
cnv,2839,MYBL2,3105,8034
cnv,2840,GTSF1L,3105,8034
cnv,2841,TOX2,3105,8034
cnv,2842,RN7SL443P,3105,8034
cnv,2843,JPH2,3105,8034
cnv,2844,OSER1,3105,8034
cnv,2845,GDAP1L1,3105,8034
cnv,2846,FITM2,3105,8034
cnv,2847,R3HDML,3105,8034
cnv,2848,HNF4A,3105,8034
cnv,2849,MIR3646,3105,8034
cnv,2850,C20orf62,3105,8034
cnv,2851,TTPAL,3105,8034
cnv,2852,SERINC3,3105,8034
cnv,2853,PKIG,3105,8034
cnv,2854,ADA,3105,8034
cnv,2855,WISP2,3105,8034
cnv,2856,KCNK15,3105,8034
cnv,2857,RIMS4,3105,8034
cnv,2858,RN7SL31P,3105,8034
cnv,2859,YWHAB,3105,8034
cnv,2860,PABPC1L,3105,8034
cnv,2861,TOMM34,3105,8034
cnv,2862,STK4,3105,8034
cnv,2863,KCNS1,3105,8034
cnv,2864,WFDC5,3105,8034
cnv,2865,WFDC12,3105,8034
cnv,2866,PI3,3105,8034
cnv,2867,SEMG1,3105,8034
cnv,2868,SEMG2,3105,8034
cnv,2869,SLPI,3105,8034
cnv,2870,MATN4,3105,8034
cnv,2871,RBPJL,3105,8034
cnv,2872,SDC4,3105,8034
cnv,2873,SYS1,3105,8034
cnv,2874,TP53TG5,3105,8034
cnv,2875,DBNDD2,3105,8034
cnv,2876,PIGT,3105,8034
cnv,2877,WFDC2,3105,8034
cnv,2878,SPINT3,3105,8034
cnv,2879,WFDC6,3105,8034
cnv,2880,EPPIN,3105,8034
cnv,2881,WFDC8,3105,8034
cnv,2882,RNA5SP485,3105,8034
cnv,2883,WFDC9,3105,8034
cnv,2884,WFDC10A,3105,8034
cnv,2885,WFDC11,3105,8034
cnv,2886,WFDC10B,3105,8034
cnv,2887,WFDC13,3105,8034
cnv,2888,MIR3617,3105,8034
cnv,2889,SPINT4,3105,8034
cnv,2890,WFDC3,3105,8034
cnv,2891,RNU6ATAC38P,3105,8034
cnv,2892,DNTTIP1,3105,8034
cnv,2893,UBE2C,3105,8034
cnv,2894,TNNC2,3105,8034
cnv,2895,SNX21,3105,8034
cnv,2896,ACOT8,3105,8034
cnv,2897,ZSWIM3,3105,8034
cnv,2898,ZSWIM1,3105,8034
cnv,2899,NEURL2,3105,8034
cnv,2900,SPATA25,3105,8034
cnv,2901,CTSA,3105,8034
cnv,2902,PLTP,3105,8034
cnv,2903,PCIF1,3105,8034
cnv,2904,ZNF335,3105,8034
cnv,2905,MMP9,3105,8034
cnv,2906,SLC12A5,3105,8034
cnv,2907,NCOA5,3105,8034
cnv,2908,CD40,3105,8034
cnv,2909,CDH22,3105,8034
cnv,2910,SLC35C2,3105,8034
cnv,2911,ELMO2,3105,8034
cnv,2912,ZNF334,3105,8034
cnv,2913,OCSTAMP,3105,8034
cnv,2914,SLC13A3,3105,8034
cnv,2915,TP53RK,3105,8034
cnv,2916,SLC2A10,3105,8034
cnv,2917,RN7SKP33,3105,8034
cnv,2918,EYA2,3105,8034
cnv,2919,MIR3616,3105,8034
cnv,2920,ZMYND8,3105,8034
cnv,2921,RN7SL243P,3105,8034
cnv,2922,NCOA3,3105,8034
cnv,2923,SULF2,3105,8034
cnv,2924,RNA5SP486,3105,8034
cnv,2925,SNORD36|ENSG00000252227.1,3105,8034
cnv,2926,LINC00494,3105,8034
cnv,2927,PREX1,3105,8034
cnv,2928,ARFGEF2,3105,8034
cnv,2929,CSE1L,3105,8034
cnv,2930,STAU1,3105,8034
cnv,2931,DDX27,3105,8034
cnv,2932,ZNFX1,3105,8034
cnv,2933,SNORD12B,3105,8034
cnv,2934,SNORD12C,3105,8034
cnv,2935,SNORD12,3105,8034
cnv,2936,ZFAS1,3105,8034
cnv,2937,KCNB1,3105,8034
cnv,2938,PTGIS,3105,8034
cnv,2939,B4GALT5,3105,8034
cnv,2940,RN7SL197P,3105,8034
cnv,2941,SLC9A8,3105,8034
cnv,2942,SPATA2,3105,8034
cnv,2943,RNF114,3105,8034
cnv,2944,snoU13|ENSG00000239157.1,3105,8034
cnv,2945,SNAI1,3105,8034
cnv,2946,LINC00651,3105,8034
cnv,2947,TMEM189,3105,8034
cnv,2948,UBE2V1,3105,8034
cnv,2949,CEBPB,3105,8034
cnv,2950,RN7SL636P,3105,8034
cnv,2951,PTPN1,3105,8034
cnv,2952,RN7SL672P,3105,8034
cnv,2953,FAM65C,3105,8034
cnv,2954,MIR645,3105,8034
cnv,2955,PARD6B,3105,8034
cnv,2956,BCAS4,3105,8034
cnv,2957,ADNP,3105,8034
cnv,2958,DPM1,3105,8034
cnv,2959,MOCS3,3105,8034
cnv,2960,KCNG1,3105,8034
cnv,2961,NFATC2,3105,8034
cnv,2962,MIR3194,3105,8034
cnv,2963,ATP9A,3105,8034
cnv,2964,SALL4,3105,8034
cnv,2965,RN7SL603P,3105,8034
cnv,2966,ZFP64,3105,8034
cnv,2967,TSHZ2,3105,8034
cnv,2968,RN7SKP184,3105,8034
cnv,2969,ZNF217,3105,8034
cnv,2970,BCAS1,3105,8034
cnv,2971,MIR4756,3105,8034
cnv,2972,CYP24A1,3105,8034
cnv,2973,PFDN4,3105,8034
cnv,2974,DOK5,3105,8034
cnv,2975,RNU4ATAC7P,3105,8034
cnv,2976,CBLN4,3105,8034
cnv,2977,RNA5SP487,3105,8034
cnv,2978,MC3R,3105,8034
cnv,2979,FAM210B,3105,8034
cnv,2980,AURKA,3105,8034
cnv,2981,CSTF1,3105,8034
cnv,2982,CASS4,3105,8034
cnv,2983,RTFDC1,3105,8034
cnv,2984,snoU13|ENSG00000238294.1,3105,8034
cnv,2985,GCNT7,3105,8034
cnv,2986,FAM209A,3105,8034
cnv,2987,FAM209B,3105,8034
cnv,2988,U3|ENSG00000252536.1,3105,8034
cnv,2989,TFAP2C,3105,8034
cnv,2990,RN7SL170P,3105,8034
cnv,2991,BMP7,3105,8034
cnv,2992,MIR4325,3105,8034
cnv,2993,SPO11,3105,8034
cnv,2994,RAE1,3105,8034
cnv,2995,MTRNR2L3,3105,8034
cnv,2996,RBM38,3105,8034
cnv,2997,CTCFL,3105,8034
cnv,2998,PCK1,3105,8034
cnv,2999,ZBP1,3105,8034
cnv,3000,PMEPA1,3105,8034
cnv,3001,MIR4532,3105,8034
cnv,3002,C20orf85,3105,8034
cnv,3003,ANKRD60,3105,8034
cnv,3004,PPP4R1L,3105,8034
cnv,3005,RAB22A,3105,8034
cnv,3006,VAPB,3105,8034
cnv,3007,APCDD1L,3105,8034
cnv,3008,MGC4294,3105,8034
cnv,3009,STX16,3105,8034
cnv,3010,NPEPL1,3105,8034
cnv,3011,MIR296,3105,8034
cnv,3012,MIR298,3105,8034
cnv,3013,GNAS,3105,8034
cnv,3014,NELFCD,3105,8034
cnv,3015,CTSZ,3105,8034
cnv,3016,TUBB1,3105,8034
cnv,3017,ATP5E,3105,8034
cnv,3018,SLMO2,3105,8034
cnv,3019,ZNF831,3105,8034
cnv,3020,EDN3,3105,8034
cnv,3021,PHACTR3,3105,8034
cnv,3022,SYCP2,3105,8034
cnv,3023,FAM217B,3105,8034
cnv,3024,PPP1R3D,3105,8034
cnv,3025,CDH26,3105,8034
cnv,3026,C20orf197,3105,8034
cnv,3027,MIR646,3105,8034
cnv,3028,MIR4533,3105,8034
cnv,3029,MIR548AG2,3105,8034
cnv,3030,CDH4,3105,8034
cnv,3031,MIR1257,3105,8034
cnv,3032,TAF4,3105,8034
cnv,3033,LSM14B,3105,8034
cnv,3034,PSMA7,3105,8034
cnv,3035,SS18L1,3105,8034
cnv,3036,MTG2,3105,8034
cnv,3037,HRH3,3105,8034
cnv,3038,OSBPL2,3105,8034
cnv,3039,ADRM1,3105,8034
cnv,3040,LAMA5,3105,8034
cnv,3041,MIR4758,3105,8034
cnv,3042,RPS21,3105,8034
cnv,3043,CABLES2,3105,8034
cnv,3044,RBBP8NL,3105,8034
cnv,3045,GATA5,3105,8034
cnv,3046,C20orf166,3105,8034
cnv,3047,MIR133A2,3105,8034
cnv,3048,SLCO4A1,3105,8034
cnv,3049,LINC00686,3105,8034
cnv,3050,NTSR1,3105,8034
cnv,3051,LINC00659,3105,8034
cnv,3052,MRGBP,3105,8034
cnv,3053,OGFR,3105,8034
cnv,3054,COL9A3,3105,8034
cnv,3055,TCFL5,3105,8034
cnv,3056,DIDO1,3105,8034
cnv,3057,GID8,3105,8034
cnv,3058,SLC17A9,3105,8034
cnv,3059,BHLHE23,3105,8034
cnv,3060,LINC00029,3105,8034
cnv,3061,HAR1A,3105,8034
cnv,3062,HAR1B,3105,8034
cnv,3063,YTHDF1,3105,8034
cnv,3064,BIRC7,3105,8034
cnv,3065,MIR3196,3105,8034
cnv,3066,NKAIN4,3105,8034
cnv,3067,ARFGAP1,3105,8034
cnv,3068,MIR4326,3105,8034
cnv,3069,COL20A1,3105,8034
cnv,3070,CHRNA4,3105,8034
cnv,3071,KCNQ2,3105,8034
cnv,3072,EEF1A2,3105,8034
cnv,3073,PPDPF,3105,8034
cnv,3074,C20orf195,3105,8034
cnv,3075,PTK6,3105,8034
cnv,3076,SRMS,3105,8034
cnv,3077,HELZ2,3105,8034
cnv,3078,GMEB2,3105,8034
cnv,3079,ABHD16B,3105,8034
cnv,3080,ARFRP1,3105,8034
cnv,3081,C20ORF135,3105,8034
cnv,3082,C20orf201,3105,8034
cnv,3083,DNAJC5,3105,8034
cnv,3084,LIME1,3105,8034
cnv,3085,LINC00176,3105,8034
cnv,3086,MIR1914,3105,8034
cnv,3087,MIR647,3105,8034
cnv,3088,MYT1,3105,8034
cnv,3089,NPBWR2,3105,8034
cnv,3090,OPRL1,3105,8034
cnv,3091,PCMTD2,3105,8034
cnv,3092,PRPF6,3105,8034
cnv,3093,RGS19,3105,8034
cnv,3094,RTEL1,3105,8034
cnv,3095,SAMD10,3105,8034
cnv,3096,SLC2A4RG,3105,8034
cnv,3097,SOX18,3105,8034
cnv,3098,STMN3,3105,8034
cnv,3099,TCEA2,3105,8034
cnv,3100,TNFRSF6B,3105,8034
cnv,3101,TPD52L2,3105,8034
cnv,3102,UCKL1,3105,8034
cnv,3103,ZBTB46,3105,8034
cnv,3104,ZGPAT,3105,8034
cnv,3105,ZNF512B,3105,8034
miRNA,1,hsa-let-7a-2-3p,383,8034
miRNA,2,hsa-let-7a-3p,383,8034
miRNA,3,hsa-let-7c-3p,383,8034
miRNA,4,hsa-let-7c-5p,383,8034
miRNA,5,hsa-let-7d-3p,383,8034
miRNA,6,hsa-let-7e-3p,383,8034
miRNA,7,hsa-let-7f-5p,383,8034
miRNA,8,hsa-let-7g-3p,383,8034
miRNA,9,hsa-let-7i-3p,383,8034
miRNA,10,hsa-miR-1,383,8034
miRNA,11,hsa-miR-100-5p,383,8034
miRNA,12,hsa-miR-101-3p,383,8034
miRNA,13,hsa-miR-101-5p,383,8034
miRNA,14,hsa-miR-105-5p,383,8034
miRNA,15,hsa-miR-106a-5p,383,8034
miRNA,16,hsa-miR-106b-3p,383,8034
miRNA,17,hsa-miR-106b-5p,383,8034
miRNA,18,hsa-miR-10a-3p,383,8034
miRNA,19,hsa-miR-10a-5p,383,8034
miRNA,20,hsa-miR-10b-3p,383,8034
miRNA,21,hsa-miR-10b-5p,383,8034
miRNA,22,hsa-miR-1180-3p,383,8034
miRNA,23,hsa-miR-1224-5p,383,8034
miRNA,24,hsa-miR-122-5p,383,8034
miRNA,25,hsa-miR-1226-3p,383,8034
miRNA,26,hsa-miR-124-3p,383,8034
miRNA,27,hsa-miR-1247-3p,383,8034
miRNA,28,hsa-miR-1247-5p,383,8034
miRNA,29,hsa-miR-1251-5p,383,8034
miRNA,30,hsa-miR-125a-3p,383,8034
miRNA,31,hsa-miR-125a-5p,383,8034
miRNA,32,hsa-miR-125b-2-3p,383,8034
miRNA,33,hsa-miR-125b-5p,383,8034
miRNA,34,hsa-miR-126-3p,383,8034
miRNA,35,hsa-miR-126-5p,383,8034
miRNA,36,hsa-miR-1266-5p,383,8034
miRNA,37,hsa-miR-1269a,383,8034
miRNA,38,hsa-miR-1269b,383,8034
miRNA,39,hsa-miR-1270,383,8034
miRNA,40,hsa-miR-127-3p,383,8034
miRNA,41,hsa-miR-127-5p,383,8034
miRNA,42,hsa-miR-128-1-5p,383,8034
miRNA,43,hsa-miR-128-3p,383,8034
miRNA,44,hsa-miR-1287-3p,383,8034
miRNA,45,hsa-miR-1287-5p,383,8034
miRNA,46,hsa-miR-129-2-3p,383,8034
miRNA,47,hsa-miR-129-5p,383,8034
miRNA,48,hsa-miR-1296-5p,383,8034
miRNA,49,hsa-miR-1301-3p,383,8034
miRNA,50,hsa-miR-1306-5p,383,8034
miRNA,51,hsa-miR-1307-3p,383,8034
miRNA,52,hsa-miR-1307-5p,383,8034
miRNA,53,hsa-miR-130a-3p,383,8034
miRNA,54,hsa-miR-130b-3p,383,8034
miRNA,55,hsa-miR-130b-5p,383,8034
miRNA,56,hsa-miR-133a-3p,383,8034
miRNA,57,hsa-miR-133b,383,8034
miRNA,58,hsa-miR-134-5p,383,8034
miRNA,59,hsa-miR-135a-5p,383,8034
miRNA,60,hsa-miR-135b-5p,383,8034
miRNA,61,hsa-miR-136-3p,383,8034
miRNA,62,hsa-miR-136-5p,383,8034
miRNA,63,hsa-miR-137,383,8034
miRNA,64,hsa-miR-138-5p,383,8034
miRNA,65,hsa-miR-139-3p,383,8034
miRNA,66,hsa-miR-139-5p,383,8034
miRNA,67,hsa-miR-140-5p,383,8034
miRNA,68,hsa-miR-141-3p,383,8034
miRNA,69,hsa-miR-141-5p,383,8034
miRNA,70,hsa-miR-142-3p,383,8034
miRNA,71,hsa-miR-142-5p,383,8034
miRNA,72,hsa-miR-143-3p,383,8034
miRNA,73,hsa-miR-143-5p,383,8034
miRNA,74,hsa-miR-144-3p,383,8034
miRNA,75,hsa-miR-144-5p,383,8034
miRNA,76,hsa-miR-145-3p,383,8034
miRNA,77,hsa-miR-145-5p,383,8034
miRNA,78,hsa-miR-1468-5p,383,8034
miRNA,79,hsa-miR-146a-3p,383,8034
miRNA,80,hsa-miR-146a-5p,383,8034
miRNA,81,hsa-miR-146b-3p,383,8034
miRNA,82,hsa-miR-146b-5p,383,8034
miRNA,83,hsa-miR-148a-3p,383,8034
miRNA,84,hsa-miR-148a-5p,383,8034
miRNA,85,hsa-miR-149-5p,383,8034
miRNA,86,hsa-miR-150-3p,383,8034
miRNA,87,hsa-miR-150-5p,383,8034
miRNA,88,hsa-miR-152-3p,383,8034
miRNA,89,hsa-miR-153-3p,383,8034
miRNA,90,hsa-miR-153-5p,383,8034
miRNA,91,hsa-miR-155-5p,383,8034
miRNA,92,hsa-miR-15a-5p,383,8034
miRNA,93,hsa-miR-15b-3p,383,8034
miRNA,94,hsa-miR-15b-5p,383,8034
miRNA,95,hsa-miR-16-2-3p,383,8034
miRNA,96,hsa-miR-16-5p,383,8034
miRNA,97,hsa-miR-17-5p,383,8034
miRNA,98,hsa-miR-181a-2-3p,383,8034
miRNA,99,hsa-miR-181a-3p,383,8034
miRNA,100,hsa-miR-181a-5p,383,8034
miRNA,101,hsa-miR-181b-3p,383,8034
miRNA,102,hsa-miR-181b-5p,383,8034
miRNA,103,hsa-miR-181c-3p,383,8034
miRNA,104,hsa-miR-181c-5p,383,8034
miRNA,105,hsa-miR-181d-5p,383,8034
miRNA,106,hsa-miR-182-5p,383,8034
miRNA,107,hsa-miR-183-5p,383,8034
miRNA,108,hsa-miR-184,383,8034
miRNA,109,hsa-miR-185-3p,383,8034
miRNA,110,hsa-miR-185-5p,383,8034
miRNA,111,hsa-miR-187-3p,383,8034
miRNA,112,hsa-miR-18a-3p,383,8034
miRNA,113,hsa-miR-18a-5p,383,8034
miRNA,114,hsa-miR-190b,383,8034
miRNA,115,hsa-miR-191-3p,383,8034
miRNA,116,hsa-miR-191-5p,383,8034
miRNA,117,hsa-miR-192-3p,383,8034
miRNA,118,hsa-miR-192-5p,383,8034
miRNA,119,hsa-miR-193a-3p,383,8034
miRNA,120,hsa-miR-193a-5p,383,8034
miRNA,121,hsa-miR-193b-3p,383,8034
miRNA,122,hsa-miR-193b-5p,383,8034
miRNA,123,hsa-miR-194-3p,383,8034
miRNA,124,hsa-miR-194-5p,383,8034
miRNA,125,hsa-miR-195-5p,383,8034
miRNA,126,hsa-miR-196a-5p,383,8034
miRNA,127,hsa-miR-196b-5p,383,8034
miRNA,128,hsa-miR-197-3p,383,8034
miRNA,129,hsa-miR-199a-3p,383,8034
miRNA,130,hsa-miR-199a-5p,383,8034
miRNA,131,hsa-miR-199b-3p,383,8034
miRNA,132,hsa-miR-199b-5p,383,8034
miRNA,133,hsa-miR-19a-3p,383,8034
miRNA,134,hsa-miR-19b-1-5p,383,8034
miRNA,135,hsa-miR-19b-3p,383,8034
miRNA,136,hsa-miR-200a-3p,383,8034
miRNA,137,hsa-miR-200a-5p,383,8034
miRNA,138,hsa-miR-200b-3p,383,8034
miRNA,139,hsa-miR-200b-5p,383,8034
miRNA,140,hsa-miR-200c-3p,383,8034
miRNA,141,hsa-miR-200c-5p,383,8034
miRNA,142,hsa-miR-203a,383,8034
miRNA,143,hsa-miR-203b-3p,383,8034
miRNA,144,hsa-miR-204-5p,383,8034
miRNA,145,hsa-miR-205-5p,383,8034
miRNA,146,hsa-miR-206,383,8034
miRNA,147,hsa-miR-20a-3p,383,8034
miRNA,148,hsa-miR-20a-5p,383,8034
miRNA,149,hsa-miR-20b-3p,383,8034
miRNA,150,hsa-miR-20b-5p,383,8034
miRNA,151,hsa-miR-210-3p,383,8034
miRNA,152,hsa-miR-21-3p,383,8034
miRNA,153,hsa-miR-214-3p,383,8034
miRNA,154,hsa-miR-214-5p,383,8034
miRNA,155,hsa-miR-215-5p,383,8034
miRNA,156,hsa-miR-21-5p,383,8034
miRNA,157,hsa-miR-217,383,8034
miRNA,158,hsa-miR-218-5p,383,8034
miRNA,159,hsa-miR-219a-2-3p,383,8034
miRNA,160,hsa-miR-219a-5p,383,8034
miRNA,161,hsa-miR-221-3p,383,8034
miRNA,162,hsa-miR-221-5p,383,8034
miRNA,163,hsa-miR-222-3p,383,8034
miRNA,164,hsa-miR-222-5p,383,8034
miRNA,165,hsa-miR-223-3p,383,8034
miRNA,166,hsa-miR-223-5p,383,8034
miRNA,167,hsa-miR-224-5p,383,8034
miRNA,168,hsa-miR-22-5p,383,8034
miRNA,169,hsa-miR-2355-5p,383,8034
miRNA,170,hsa-miR-23a-5p,383,8034
miRNA,171,hsa-miR-24-2-5p,383,8034
miRNA,172,hsa-miR-27a-3p,383,8034
miRNA,173,hsa-miR-27a-5p,383,8034
miRNA,174,hsa-miR-296-3p,383,8034
miRNA,175,hsa-miR-296-5p,383,8034
miRNA,176,hsa-miR-29b-2-5p,383,8034
miRNA,177,hsa-miR-29b-3p,383,8034
miRNA,178,hsa-miR-29c-3p,383,8034
miRNA,179,hsa-miR-29c-5p,383,8034
miRNA,180,hsa-miR-301a-3p,383,8034
miRNA,181,hsa-miR-301a-5p,383,8034
miRNA,182,hsa-miR-3065-3p,383,8034
miRNA,183,hsa-miR-3065-5p,383,8034
miRNA,184,hsa-miR-3074-5p,383,8034
miRNA,185,hsa-miR-30a-3p,383,8034
miRNA,186,hsa-miR-30a-5p,383,8034
miRNA,187,hsa-miR-30b-5p,383,8034
miRNA,188,hsa-miR-30c-2-3p,383,8034
miRNA,189,hsa-miR-30c-5p,383,8034
miRNA,190,hsa-miR-30e-5p,383,8034
miRNA,191,hsa-miR-3127-5p,383,8034
miRNA,192,hsa-miR-3130-5p,383,8034
miRNA,193,hsa-miR-31-3p,383,8034
miRNA,194,hsa-miR-31-5p,383,8034
miRNA,195,hsa-miR-3200-3p,383,8034
miRNA,196,hsa-miR-320b,383,8034
miRNA,197,hsa-miR-323a-3p,383,8034
miRNA,198,hsa-miR-323b-3p,383,8034
miRNA,199,hsa-miR-324-3p,383,8034
miRNA,200,hsa-miR-324-5p,383,8034
miRNA,201,hsa-miR-32-5p,383,8034
miRNA,202,hsa-miR-326,383,8034
miRNA,203,hsa-miR-328-3p,383,8034
miRNA,204,hsa-miR-330-5p,383,8034
miRNA,205,hsa-miR-331-3p,383,8034
miRNA,206,hsa-miR-335-3p,383,8034
miRNA,207,hsa-miR-335-5p,383,8034
miRNA,208,hsa-miR-337-3p,383,8034
miRNA,209,hsa-miR-338-3p,383,8034
miRNA,210,hsa-miR-338-5p,383,8034
miRNA,211,hsa-miR-339-5p,383,8034
miRNA,212,hsa-miR-33a-5p,383,8034
miRNA,213,hsa-miR-33b-5p,383,8034
miRNA,214,hsa-miR-340-5p,383,8034
miRNA,215,hsa-miR-342-3p,383,8034
miRNA,216,hsa-miR-342-5p,383,8034
miRNA,217,hsa-miR-345-5p,383,8034
miRNA,218,hsa-miR-34a-5p,383,8034
miRNA,219,hsa-miR-34b-3p,383,8034
miRNA,220,hsa-miR-34b-5p,383,8034
miRNA,221,hsa-miR-34c-3p,383,8034
miRNA,222,hsa-miR-34c-5p,383,8034
miRNA,223,hsa-miR-3607-3p,383,8034
miRNA,224,hsa-miR-3613-5p,383,8034
miRNA,225,hsa-miR-3614-5p,383,8034
miRNA,226,hsa-miR-3615,383,8034
miRNA,227,hsa-miR-362-5p,383,8034
miRNA,228,hsa-miR-363-3p,383,8034
miRNA,229,hsa-miR-3653,383,8034
miRNA,230,hsa-miR-365a-3p,383,8034
miRNA,231,hsa-miR-365b-3p,383,8034
miRNA,232,hsa-miR-3677-3p,383,8034
miRNA,233,hsa-miR-3687,383,8034
miRNA,234,hsa-miR-369-3p,383,8034
miRNA,235,hsa-miR-369-5p,383,8034
miRNA,236,hsa-miR-370-3p,383,8034
miRNA,237,hsa-miR-374a-3p,383,8034
miRNA,238,hsa-miR-374a-5p,383,8034
miRNA,239,hsa-miR-375,383,8034
miRNA,240,hsa-miR-376c-3p,383,8034
miRNA,241,hsa-miR-378a-3p,383,8034
miRNA,242,hsa-miR-378a-5p,383,8034
miRNA,243,hsa-miR-378c,383,8034
miRNA,244,hsa-miR-379-5p,383,8034
miRNA,245,hsa-miR-381-3p,383,8034
miRNA,246,hsa-miR-382-5p,383,8034
miRNA,247,hsa-miR-383-5p,383,8034
miRNA,248,hsa-miR-409-3p,383,8034
miRNA,249,hsa-miR-409-5p,383,8034
miRNA,250,hsa-miR-410-3p,383,8034
miRNA,251,hsa-miR-411-5p,383,8034
miRNA,252,hsa-miR-412-5p,383,8034
miRNA,253,hsa-miR-424-3p,383,8034
miRNA,254,hsa-miR-424-5p,383,8034
miRNA,255,hsa-miR-425-3p,383,8034
miRNA,256,hsa-miR-425-5p,383,8034
miRNA,257,hsa-miR-429,383,8034
miRNA,258,hsa-miR-431-3p,383,8034
miRNA,259,hsa-miR-432-5p,383,8034
miRNA,260,hsa-miR-4326,383,8034
miRNA,261,hsa-miR-433-3p,383,8034
miRNA,262,hsa-miR-449a,383,8034
miRNA,263,hsa-miR-450a-5p,383,8034
miRNA,264,hsa-miR-450b-5p,383,8034
miRNA,265,hsa-miR-451a,383,8034
miRNA,266,hsa-miR-452-3p,383,8034
miRNA,267,hsa-miR-452-5p,383,8034
miRNA,268,hsa-miR-455-3p,383,8034
miRNA,269,hsa-miR-455-5p,383,8034
miRNA,270,hsa-miR-4652-5p,383,8034
miRNA,271,hsa-miR-4661-5p,383,8034
miRNA,272,hsa-miR-4662a-5p,383,8034
miRNA,273,hsa-miR-4728-3p,383,8034
miRNA,274,hsa-miR-4772-3p,383,8034
miRNA,275,hsa-miR-483-3p,383,8034
miRNA,276,hsa-miR-483-5p,383,8034
miRNA,277,hsa-miR-485-3p,383,8034
miRNA,278,hsa-miR-486-5p,383,8034
miRNA,279,hsa-miR-487b-3p,383,8034
miRNA,280,hsa-miR-490-3p,383,8034
miRNA,281,hsa-miR-493-3p,383,8034
miRNA,282,hsa-miR-493-5p,383,8034
miRNA,283,hsa-miR-495-3p,383,8034
miRNA,284,hsa-miR-497-5p,383,8034
miRNA,285,hsa-miR-500a-3p,383,8034
miRNA,286,hsa-miR-501-3p,383,8034
miRNA,287,hsa-miR-503-5p,383,8034
miRNA,288,hsa-miR-506-3p,383,8034
miRNA,289,hsa-miR-508-3p,383,8034
miRNA,290,hsa-miR-508-5p,383,8034
miRNA,291,hsa-miR-509-3-5p,383,8034
miRNA,292,hsa-miR-509-3p,383,8034
miRNA,293,hsa-miR-511-5p,383,8034
miRNA,294,hsa-miR-513c-5p,383,8034
miRNA,295,hsa-miR-514a-3p,383,8034
miRNA,296,hsa-miR-532-3p,383,8034
miRNA,297,hsa-miR-539-5p,383,8034
miRNA,298,hsa-miR-542-3p,383,8034
miRNA,299,hsa-miR-551b-3p,383,8034
miRNA,300,hsa-miR-552-3p,383,8034
miRNA,301,hsa-miR-552-5p,383,8034
miRNA,302,hsa-miR-5683,383,8034
miRNA,303,hsa-miR-574-3p,383,8034
miRNA,304,hsa-miR-577,383,8034
miRNA,305,hsa-miR-582-3p,383,8034
miRNA,306,hsa-miR-582-5p,383,8034
miRNA,307,hsa-miR-584-5p,383,8034
miRNA,308,hsa-miR-590-5p,383,8034
miRNA,309,hsa-miR-592,383,8034
miRNA,310,hsa-miR-598-3p,383,8034
miRNA,311,hsa-miR-6087,383,8034
miRNA,312,hsa-miR-615-3p,383,8034
miRNA,313,hsa-miR-625-3p,383,8034
miRNA,314,hsa-miR-628-5p,383,8034
miRNA,315,hsa-miR-629-3p,383,8034
miRNA,316,hsa-miR-6510-3p,383,8034
miRNA,317,hsa-miR-652-3p,383,8034
miRNA,318,hsa-miR-653-5p,383,8034
miRNA,319,hsa-miR-654-3p,383,8034
miRNA,320,hsa-miR-660-5p,383,8034
miRNA,321,hsa-miR-671-3p,383,8034
miRNA,322,hsa-miR-6715a-3p,383,8034
miRNA,323,hsa-miR-6720-3p,383,8034
miRNA,324,hsa-miR-675-3p,383,8034
miRNA,325,hsa-miR-708-3p,383,8034
miRNA,326,hsa-miR-708-5p,383,8034
miRNA,327,hsa-miR-7-1-3p,383,8034
miRNA,328,hsa-miR-744-3p,383,8034
miRNA,329,hsa-miR-744-5p,383,8034
miRNA,330,hsa-miR-758-3p,383,8034
miRNA,331,hsa-miR-758-5p,383,8034
miRNA,332,hsa-miR-7-5p,383,8034
miRNA,333,hsa-miR-760,383,8034
miRNA,334,hsa-miR-766-3p,383,8034
miRNA,335,hsa-miR-767-5p,383,8034
miRNA,336,hsa-miR-7702,383,8034
miRNA,337,hsa-miR-874-3p,383,8034
miRNA,338,hsa-miR-877-5p,383,8034
miRNA,339,hsa-miR-885-5p,383,8034
miRNA,340,hsa-miR-887-3p,383,8034
miRNA,341,hsa-miR-889-3p,383,8034
miRNA,342,hsa-miR-891a-5p,383,8034
miRNA,343,hsa-miR-92a-1-5p,383,8034
miRNA,344,hsa-miR-92a-3p,383,8034
miRNA,345,hsa-miR-92b-3p,383,8034
miRNA,346,hsa-miR-93-3p,383,8034
miRNA,347,hsa-miR-934,383,8034
miRNA,348,hsa-miR-935,383,8034
miRNA,349,hsa-miR-937-3p,383,8034
miRNA,350,hsa-miR-9-3p,383,8034
miRNA,351,hsa-miR-940,383,8034
miRNA,352,hsa-miR-942-5p,383,8034
miRNA,353,hsa-miR-944,383,8034
miRNA,354,hsa-miR-95-3p,383,8034
miRNA,355,hsa-miR-9-5p,383,8034
miRNA,356,hsa-miR-96-5p,383,8034
miRNA,357,hsa-miR-99a-3p,383,8034
miRNA,358,hsa-miR-99a-5p,383,8034
miRNA,359,hsa-miR-99b-3p,383,8034
miRNA,360,hsa-miR-99b-5p,383,8034
miRNA,361,hsa-miR-122-3p,383,8034
miRNA,362,hsa-miR-302a-5p,383,8034
miRNA,363,hsa-miR-302b-3p,383,8034
miRNA,364,hsa-miR-371a-3p,383,8034
miRNA,365,hsa-miR-371a-5p,383,8034
miRNA,366,hsa-miR-372-3p,383,8034
miRNA,367,hsa-miR-373-3p,383,8034
miRNA,368,hsa-miR-512-3p,383,8034
miRNA,369,hsa-miR-516a-5p,383,8034
miRNA,370,hsa-miR-516b-5p,383,8034
miRNA,371,hsa-miR-517-5p,383,8034
miRNA,372,hsa-miR-517a-3p,383,8034
miRNA,373,hsa-miR-517b-3p,383,8034
miRNA,374,hsa-miR-518b,383,8034
miRNA,375,hsa-miR-518c-5p,383,8034
miRNA,376,hsa-miR-518f-5p,383,8034
miRNA,377,hsa-miR-519a-5p,383,8034
miRNA,378,hsa-miR-520a-3p,383,8034
miRNA,379,hsa-miR-520a-5p,383,8034
miRNA,380,hsa-miR-520f-3p,383,8034
miRNA,381,hsa-miR-520g-3p,383,8034
miRNA,382,hsa-miR-525-5p,383,8034
miRNA,383,hsa-miR-526b-5p,383,8034
rna,1,A1BG,3008,8034
rna,2,A1CF,3008,8034
rna,3,A2ML1,3008,8034
rna,4,AADAC,3008,8034
rna,5,ABAT,3008,8034
rna,6,ABCA12,3008,8034
rna,7,ABCA13,3008,8034
rna,8,ABCA3,3008,8034
rna,9,ABCA4,3008,8034
rna,10,ABCA6,3008,8034
rna,11,ABCA8,3008,8034
rna,12,ABCB1,3008,8034
rna,13,ABCB4,3008,8034
rna,14,ABCB5,3008,8034
rna,15,ABCC11,3008,8034
rna,16,ABCC2,3008,8034
rna,17,ABCC3,3008,8034
rna,18,ABCC6,3008,8034
rna,19,ABCC6P1,3008,8034
rna,20,ABCC6P2,3008,8034
rna,21,ABCC8,3008,8034
rna,22,ABCG8,3008,8034
rna,23,ABI3BP,3008,8034
rna,24,ABO,3008,8034
rna,25,ACADL,3008,8034
rna,26,ACAN,3008,8034
rna,27,ACE2,3008,8034
rna,28,ACHE,3008,8034
rna,29,ACMSD,3008,8034
rna,30,ACOX2,3008,8034
rna,31,ACPP,3008,8034
rna,32,ACSBG1,3008,8034
rna,33,ACSL6,3008,8034
rna,34,ACSM1,3008,8034
rna,35,ACSM2A,3008,8034
rna,36,ACSM2B,3008,8034
rna,37,ACSM3,3008,8034
rna,38,ACSM5,3008,8034
rna,39,ACSS3,3008,8034
rna,40,ACTA1,3008,8034
rna,41,ACTC1,3008,8034
rna,42,ACTG2,3008,8034
rna,43,ACTL6B,3008,8034
rna,44,ACTL8,3008,8034
rna,45,ACTN2,3008,8034
rna,46,ACY3,3008,8034
rna,47,ADAM12,3008,8034
rna,48,ADAM22,3008,8034
rna,49,ADAM23,3008,8034
rna,50,ADAM33,3008,8034
rna,51,ADAM6,3008,8034
rna,52,ADAMDEC1,3008,8034
rna,53,ADAMTS12,3008,8034
rna,54,ADAMTS15,3008,8034
rna,55,ADAMTS16,3008,8034
rna,56,ADAMTS19,3008,8034
rna,57,ADAMTS8,3008,8034
rna,58,ADAMTSL3,3008,8034
rna,59,ADARB2,3008,8034
rna,60,ADCY1,3008,8034
rna,61,ADCY2,3008,8034
rna,62,ADCY5,3008,8034
rna,63,ADCY8,3008,8034
rna,64,ADCYAP1,3008,8034
rna,65,ADCYAP1R1,3008,8034
rna,66,ADD2,3008,8034
rna,67,ADH1A,3008,8034
rna,68,ADH1B,3008,8034
rna,69,ADH1C,3008,8034
rna,70,ADH4,3008,8034
rna,71,ADH6,3008,8034
rna,72,ADH7,3008,8034
rna,73,ADIPOQ,3008,8034
rna,74,ADORA1,3008,8034
rna,75,ADRA1B,3008,8034
rna,76,ADRA2A,3008,8034
rna,77,ADRA2C,3008,8034
rna,78,ADRB1,3008,8034
rna,79,AFF2,3008,8034
rna,80,AFF3,3008,8034
rna,81,AFM,3008,8034
rna,82,AFP,3008,8034
rna,83,AGMAT,3008,8034
rna,84,AGR2,3008,8034
rna,85,AGR3,3008,8034
rna,86,AGT,3008,8034
rna,87,AGTR1,3008,8034
rna,88,AGXT,3008,8034
rna,89,AGXT2,3008,8034
rna,90,AHNAK2,3008,8034
rna,91,AHSG,3008,8034
rna,92,AIF1L,3008,8034
rna,93,AIM1L,3008,8034
rna,94,AIM2,3008,8034
rna,95,AJAP1,3008,8034
rna,96,AK5,3008,8034
rna,97,AKR1B10,3008,8034
rna,98,AKR1B15,3008,8034
rna,99,AKR1C1,3008,8034
rna,100,AKR1C2,3008,8034
rna,101,AKR1C3,3008,8034
rna,102,AKR1C4,3008,8034
rna,103,AKR1D1,3008,8034
rna,104,AKR7A3,3008,8034
rna,105,ALB,3008,8034
rna,106,ALDH1A1,3008,8034
rna,107,ALDH1A2,3008,8034
rna,108,ALDH1A3,3008,8034
rna,109,ALDH1L1,3008,8034
rna,110,ALDH3A1,3008,8034
rna,111,ALDH3B2,3008,8034
rna,112,ALDH8A1,3008,8034
rna,113,ALDOB,3008,8034
rna,114,ALDOC,3008,8034
rna,115,ALG1L,3008,8034
rna,116,ALK,3008,8034
rna,117,ALOX12B,3008,8034
rna,118,ALOX12P2,3008,8034
rna,119,ALOX15,3008,8034
rna,120,ALOX15B,3008,8034
rna,121,ALPI,3008,8034
rna,122,ALPK2,3008,8034
rna,123,ALPL,3008,8034
rna,124,ALPP,3008,8034
rna,125,ALPPL2,3008,8034
rna,126,ALX1,3008,8034
rna,127,AMBP,3008,8034
rna,128,AMDHD1,3008,8034
rna,129,AMH,3008,8034
rna,130,AMN,3008,8034
rna,131,AMPH,3008,8034
rna,132,AMTN,3008,8034
rna,133,AMY1A,3008,8034
rna,134,ANGPTL1,3008,8034
rna,135,ANGPTL3,3008,8034
rna,136,ANGPTL4,3008,8034
rna,137,ANGPTL7,3008,8034
rna,138,ANK1,3008,8034
rna,139,ANK2,3008,8034
rna,140,ANKRD1,3008,8034
rna,141,ANKRD22,3008,8034
rna,142,ANKRD30A,3008,8034
rna,143,ANKRD30B,3008,8034
rna,144,ANKS1B,3008,8034
rna,145,ANKS4B,3008,8034
rna,146,ANO1,3008,8034
rna,147,ANO3,3008,8034
rna,148,ANO4,3008,8034
rna,149,ANO5,3008,8034
rna,150,ANO9,3008,8034
rna,151,ANPEP,3008,8034
rna,152,ANXA10,3008,8034
rna,153,ANXA13,3008,8034
rna,154,ANXA3,3008,8034
rna,155,ANXA8,3008,8034
rna,156,AOX1,3008,8034
rna,157,AP1M2,3008,8034
rna,158,AP3B2,3008,8034
rna,159,APBA2,3008,8034
rna,160,APC2,3008,8034
rna,161,APCDD1L,3008,8034
rna,162,APCS,3008,8034
rna,163,APLP1,3008,8034
rna,164,APOA1,3008,8034
rna,165,APOA2,3008,8034
rna,166,APOA4,3008,8034
rna,167,APOA5,3008,8034
rna,168,APOB,3008,8034
rna,169,APOBEC3A,3008,8034
rna,170,APOC1,3008,8034
rna,171,APOC2,3008,8034
rna,172,APOC3,3008,8034
rna,173,APOC4,3008,8034
rna,174,APOD,3008,8034
rna,175,APOE,3008,8034
rna,176,APOF,3008,8034
rna,177,APOH,3008,8034
rna,178,AQP2,3008,8034
rna,179,AQP3,3008,8034
rna,180,AQP4,3008,8034
rna,181,AQP5,3008,8034
rna,182,AQP6,3008,8034
rna,183,AQP7,3008,8034
rna,184,AQP9,3008,8034
rna,185,AR,3008,8034
rna,186,ARC,3008,8034
rna,187,AREG,3008,8034
rna,188,ARG1,3008,8034
rna,189,ARHGAP36,3008,8034
rna,190,ARHGAP6,3008,8034
rna,191,ARHGAP8,3008,8034
rna,192,ARHGDIG,3008,8034
rna,193,ARHGEF16,3008,8034
rna,194,ARHGEF38,3008,8034
rna,195,ARHGEF4,3008,8034
rna,196,ARL14,3008,8034
rna,197,ARMC3,3008,8034
rna,198,ARMC4,3008,8034
rna,199,ARNT2,3008,8034
rna,200,ARNTL2,3008,8034
rna,201,ARPP21,3008,8034
rna,202,ARSE,3008,8034
rna,203,ARSF,3008,8034
rna,204,ARSI,3008,8034
rna,205,ARX,3008,8034
rna,206,ASB5,3008,8034
rna,207,ASCL1,3008,8034
rna,208,ASCL2,3008,8034
rna,209,ASGR1,3008,8034
rna,210,ASGR2,3008,8034
rna,211,ASPA,3008,8034
rna,212,ASPDH,3008,8034
rna,213,ASPG,3008,8034
rna,214,ASPHD1,3008,8034
rna,215,ASPM,3008,8034
rna,216,ASPN,3008,8034
rna,217,ASS1,3008,8034
rna,218,ASTN1,3008,8034
rna,219,ASXL3,3008,8034
rna,220,ATCAY,3008,8034
rna,221,ATOH8,3008,8034
rna,222,ATP10B,3008,8034
rna,223,ATP12A,3008,8034
rna,224,ATP13A4,3008,8034
rna,225,ATP13A5,3008,8034
rna,226,ATP1A2,3008,8034
rna,227,ATP1A3,3008,8034
rna,228,ATP1B2,3008,8034
rna,229,ATP2B2,3008,8034
rna,230,ATP2B3,3008,8034
rna,231,ATP2C2,3008,8034
rna,232,ATP6V0A4,3008,8034
rna,233,ATP6V0D2,3008,8034
rna,234,ATP6V1B1,3008,8034
rna,235,ATP6V1G2,3008,8034
rna,236,ATRNL1,3008,8034
rna,237,AURKB,3008,8034
rna,238,AZGP1,3008,8034
rna,239,B3GALT2,3008,8034
rna,240,B3GALT5,3008,8034
rna,241,B3GAT1,3008,8034
rna,242,B3GNT3,3008,8034
rna,243,B3GNT6,3008,8034
rna,244,B4GALNT1,3008,8034
rna,245,B4GALNT2,3008,8034
rna,246,B4GALNT3,3008,8034
rna,247,B4GALNT4,3008,8034
rna,248,BAALC,3008,8034
rna,249,BAAT,3008,8034
rna,250,BAIAP2L1,3008,8034
rna,251,BAIAP2L2,3008,8034
rna,252,BAMBI,3008,8034
rna,253,BANK1,3008,8034
rna,254,BARX1,3008,8034
rna,255,BARX2,3008,8034
rna,256,BBOX1,3008,8034
rna,257,BCAN,3008,8034
rna,258,BCAS1,3008,8034
rna,259,BCHE,3008,8034
rna,260,BCL11A,3008,8034
rna,261,BCL2L14,3008,8034
rna,262,BCL2L15,3008,8034
rna,263,BEND4,3008,8034
rna,264,BEST3,3008,8034
rna,265,BEX1,3008,8034
rna,266,BEX2,3008,8034
rna,267,BEX5,3008,8034
rna,268,BHMT,3008,8034
rna,269,BHMT2,3008,8034
rna,270,BICC1,3008,8034
rna,271,BIK,3008,8034
rna,272,BIRC5,3008,8034
rna,273,BIRC7,3008,8034
rna,274,BLK,3008,8034
rna,275,BMP2,3008,8034
rna,276,BMP3,3008,8034
rna,277,BMP5,3008,8034
rna,278,BMP7,3008,8034
rna,279,BMPER,3008,8034
rna,280,BMPR1B,3008,8034
rna,281,BNC1,3008,8034
rna,282,BNIPL,3008,8034
rna,283,BRSK2,3008,8034
rna,284,BSPRY,3008,8034
rna,285,BTBD11,3008,8034
rna,286,BTBD16,3008,8034
rna,287,BTBD17,3008,8034
rna,288,BTNL3,3008,8034
rna,289,BTNL8,3008,8034
rna,290,C10orf107,3008,8034
rna,291,C10orf82,3008,8034
rna,292,C10orf90,3008,8034
rna,293,C10orf99,3008,8034
rna,294,C11orf52,3008,8034
rna,295,C11orf53,3008,8034
rna,296,C11orf87,3008,8034
rna,297,C12orf56,3008,8034
rna,298,C14orf105,3008,8034
rna,299,C14orf132,3008,8034
rna,300,C15orf48,3008,8034
rna,301,C15orf59,3008,8034
rna,302,C16orf89,3008,8034
rna,303,C19orf33,3008,8034
rna,304,C1QL1,3008,8034
rna,305,C1QL4,3008,8034
rna,306,C1orf106,3008,8034
rna,307,C1orf110,3008,8034
rna,308,C1orf116,3008,8034
rna,309,C1orf168,3008,8034
rna,310,C1orf186,3008,8034
rna,311,C1orf194,3008,8034
rna,312,C1orf210,3008,8034
rna,313,C1orf61,3008,8034
rna,314,C1orf64,3008,8034
rna,315,C1orf95,3008,8034
rna,316,C2,3008,8034
rna,317,C20orf85,3008,8034
rna,318,C21orf62,3008,8034
rna,319,C2CD4A,3008,8034
rna,320,C2CD4B,3008,8034
rna,321,C2orf40,3008,8034
rna,322,C2orf54,3008,8034
rna,323,C2orf72,3008,8034
rna,324,C3,3008,8034
rna,325,C3orf52,3008,8034
rna,326,C4A,3008,8034
rna,327,C4BPA,3008,8034
rna,328,C4BPB,3008,8034
rna,329,C4orf19,3008,8034
rna,330,C5orf38,3008,8034
rna,331,C5orf46,3008,8034
rna,332,C5orf49,3008,8034
rna,333,C6,3008,8034
rna,334,C6orf132,3008,8034
rna,335,C6orf141,3008,8034
rna,336,C6orf15,3008,8034
rna,337,C6orf222,3008,8034
rna,338,C6orf223,3008,8034
rna,339,C7,3008,8034
rna,340,C8A,3008,8034
rna,341,C8B,3008,8034
rna,342,C8G,3008,8034
rna,343,C8orf4,3008,8034
rna,344,C8orf46,3008,8034
rna,345,C9,3008,8034
rna,346,C9orf152,3008,8034
rna,347,CA10,3008,8034
rna,348,CA12,3008,8034
rna,349,CA14,3008,8034
rna,350,CA2,3008,8034
rna,351,CA3,3008,8034
rna,352,CA4,3008,8034
rna,353,CA8,3008,8034
rna,354,CA9,3008,8034
rna,355,CABP1,3008,8034
rna,356,CACNA1B,3008,8034
rna,357,CACNA1D,3008,8034
rna,358,CACNA1E,3008,8034
rna,359,CACNA1G,3008,8034
rna,360,CACNA1I,3008,8034
rna,361,CACNA2D1,3008,8034
rna,362,CACNA2D2,3008,8034
rna,363,CACNA2D3,3008,8034
rna,364,CACNG4,3008,8034
rna,365,CACNG7,3008,8034
rna,366,CADM2,3008,8034
rna,367,CADM3,3008,8034
rna,368,CADPS,3008,8034
rna,369,CALB1,3008,8034
rna,370,CALB2,3008,8034
rna,371,CALCA,3008,8034
rna,372,CALML3,3008,8034
rna,373,CALML5,3008,8034
rna,374,CALN1,3008,8034
rna,375,CALY,3008,8034
rna,376,CAMK2A,3008,8034
rna,377,CAMK2B,3008,8034
rna,378,CAMKV,3008,8034
rna,379,CAPN13,3008,8034
rna,380,CAPN6,3008,8034
rna,381,CAPN8,3008,8034
rna,382,CAPN9,3008,8034
rna,383,CAPNS2,3008,8034
rna,384,CAPSL,3008,8034
rna,385,CARTPT,3008,8034
rna,386,CASKIN1,3008,8034
rna,387,CASP14,3008,8034
rna,388,CASQ1,3008,8034
rna,389,CASQ2,3008,8034
rna,390,CASR,3008,8034
rna,391,CBLC,3008,8034
rna,392,CBLN1,3008,8034
rna,393,CBLN2,3008,8034
rna,394,CBLN4,3008,8034
rna,395,CBS,3008,8034
rna,396,CCBE1,3008,8034
rna,397,CCDC108,3008,8034
rna,398,CCDC160,3008,8034
rna,399,CCDC64B,3008,8034
rna,400,CCDC68,3008,8034
rna,401,CCDC8,3008,8034
rna,402,CCK,3008,8034
rna,403,CCKBR,3008,8034
rna,404,CCL11,3008,8034
rna,405,CCL13,3008,8034
rna,406,CCL14,3008,8034
rna,407,CCL15,3008,8034
rna,408,CCL18,3008,8034
rna,409,CCL19,3008,8034
rna,410,CCL20,3008,8034
rna,411,CCL21,3008,8034
rna,412,CCL22,3008,8034
rna,413,CCL25,3008,8034
rna,414,CCL28,3008,8034
rna,415,CCNA1,3008,8034
rna,416,CCNO,3008,8034
rna,417,CD164L2,3008,8034
rna,418,CD19,3008,8034
rna,419,CD1A,3008,8034
rna,420,CD1C,3008,8034
rna,421,CD1E,3008,8034
rna,422,CD207,3008,8034
rna,423,CD22,3008,8034
rna,424,CD24,3008,8034
rna,425,CD300LG,3008,8034
rna,426,CD36,3008,8034
rna,427,CD38,3008,8034
rna,428,CD3D,3008,8034
rna,429,CD5L,3008,8034
rna,430,CD70,3008,8034
rna,431,CD79A,3008,8034
rna,432,CD8B,3008,8034
rna,433,CDC20,3008,8034
rna,434,CDC20B,3008,8034
rna,435,CDC42BPG,3008,8034
rna,436,CDC45,3008,8034
rna,437,CDCA7,3008,8034
rna,438,CDCP1,3008,8034
rna,439,CDH1,3008,8034
rna,440,CDH10,3008,8034
rna,441,CDH11,3008,8034
rna,442,CDH16,3008,8034
rna,443,CDH17,3008,8034
rna,444,CDH18,3008,8034
rna,445,CDH19,3008,8034
rna,446,CDH2,3008,8034
rna,447,CDH20,3008,8034
rna,448,CDH22,3008,8034
rna,449,CDH26,3008,8034
rna,450,CDH3,3008,8034
rna,451,CDH4,3008,8034
rna,452,CDH6,3008,8034
rna,453,CDHR1,3008,8034
rna,454,CDHR2,3008,8034
rna,455,CDHR5,3008,8034
rna,456,CDK5R2,3008,8034
rna,457,CDKL2,3008,8034
rna,458,CDKN2A,3008,8034
rna,459,CDO1,3008,8034
rna,460,CDR1,3008,8034
rna,461,CDS1,3008,8034
rna,462,CDSN,3008,8034
rna,463,CDX1,3008,8034
rna,464,CDX2,3008,8034
rna,465,CEACAM1,3008,8034
rna,466,CEACAM5,3008,8034
rna,467,CEACAM6,3008,8034
rna,468,CEACAM7,3008,8034
rna,469,CECR2,3008,8034
rna,470,CECR7,3008,8034
rna,471,CEL,3008,8034
rna,472,CELF3,3008,8034
rna,473,CELF4,3008,8034
rna,474,CELF5,3008,8034
rna,475,CELSR1,3008,8034
rna,476,CEND1,3008,8034
rna,477,CENPA,3008,8034
rna,478,CEP55,3008,8034
rna,479,CES1,3008,8034
rna,480,CES3,3008,8034
rna,481,CFB,3008,8034
rna,482,CFHR1,3008,8034
rna,483,CFHR2,3008,8034
rna,484,CFHR3,3008,8034
rna,485,CFHR5,3008,8034
rna,486,CFI,3008,8034
rna,487,CFTR,3008,8034
rna,488,CGN,3008,8034
rna,489,CGNL1,3008,8034
rna,490,CGREF1,3008,8034
rna,491,CHAD,3008,8034
rna,492,CHD5,3008,8034
rna,493,CHDH,3008,8034
rna,494,CHGA,3008,8034
rna,495,CHGB,3008,8034
rna,496,CHI3L1,3008,8034
rna,497,CHI3L2,3008,8034
rna,498,CHIT1,3008,8034
rna,499,CHL1,3008,8034
rna,500,CHMP4C,3008,8034
rna,501,CHODL,3008,8034
rna,502,CHP2,3008,8034
rna,503,CHRDL1,3008,8034
rna,504,CHRDL2,3008,8034
rna,505,CHRM1,3008,8034
rna,506,CHRM3,3008,8034
rna,507,CHRNA1,3008,8034
rna,508,CHRNA2,3008,8034
rna,509,CHRNA3,3008,8034
rna,510,CHRNA4,3008,8034
rna,511,CHRNB2,3008,8034
rna,512,CHST13,3008,8034
rna,513,CHST4,3008,8034
rna,514,CHST6,3008,8034
rna,515,CHST8,3008,8034
rna,516,CHST9,3008,8034
rna,517,CIDEC,3008,8034
rna,518,CILP,3008,8034
rna,519,CILP2,3008,8034
rna,520,CITED1,3008,8034
rna,521,CKB,3008,8034
rna,522,CKM,3008,8034
rna,523,CKMT1A,3008,8034
rna,524,CKMT1B,3008,8034
rna,525,CKMT2,3008,8034
rna,526,CLCA1,3008,8034
rna,527,CLCA2,3008,8034
rna,528,CLCA4,3008,8034
rna,529,CLCNKA,3008,8034
rna,530,CLCNKB,3008,8034
rna,531,CLDN1,3008,8034
rna,532,CLDN10,3008,8034
rna,533,CLDN11,3008,8034
rna,534,CLDN14,3008,8034
rna,535,CLDN16,3008,8034
rna,536,CLDN18,3008,8034
rna,537,CLDN19,3008,8034
rna,538,CLDN2,3008,8034
rna,539,CLDN3,3008,8034
rna,540,CLDN4,3008,8034
rna,541,CLDN6,3008,8034
rna,542,CLDN7,3008,8034
rna,543,CLDN8,3008,8034
rna,544,CLDN9,3008,8034
rna,545,CLEC18A,3008,8034
rna,546,CLEC18B,3008,8034
rna,547,CLEC18C,3008,8034
rna,548,CLEC2L,3008,8034
rna,549,CLEC3A,3008,8034
rna,550,CLGN,3008,8034
rna,551,CLIC3,3008,8034
rna,552,CLIC5,3008,8034
rna,553,CLIC6,3008,8034
rna,554,CLRN3,3008,8034
rna,555,CLSTN2,3008,8034
rna,556,CLU,3008,8034
rna,557,CLUL1,3008,8034
rna,558,CMTM5,3008,8034
rna,559,CMYA5,3008,8034
rna,560,CNDP1,3008,8034
rna,561,CNFN,3008,8034
rna,562,CNGA1,3008,8034
rna,563,CNGA3,3008,8034
rna,564,CNGB1,3008,8034
rna,565,CNIH2,3008,8034
rna,566,CNKSR1,3008,8034
rna,567,CNKSR2,3008,8034
rna,568,CNN1,3008,8034
rna,569,CNNM1,3008,8034
rna,570,CNR1,3008,8034
rna,571,CNTD2,3008,8034
rna,572,CNTFR,3008,8034
rna,573,CNTN1,3008,8034
rna,574,CNTN2,3008,8034
rna,575,CNTN3,3008,8034
rna,576,CNTN4,3008,8034
rna,577,CNTN6,3008,8034
rna,578,CNTNAP2,3008,8034
rna,579,CNTNAP4,3008,8034
rna,580,COBL,3008,8034
rna,581,COCH,3008,8034
rna,582,COL10A1,3008,8034
rna,583,COL11A1,3008,8034
rna,584,COL11A2,3008,8034
rna,585,COL12A1,3008,8034
rna,586,COL14A1,3008,8034
rna,587,COL15A1,3008,8034
rna,588,COL17A1,3008,8034
rna,589,COL1A1,3008,8034
rna,590,COL1A2,3008,8034
rna,591,COL20A1,3008,8034
rna,592,COL21A1,3008,8034
rna,593,COL22A1,3008,8034
rna,594,COL23A1,3008,8034
rna,595,COL28A1,3008,8034
rna,596,COL2A1,3008,8034
rna,597,COL3A1,3008,8034
rna,598,COL4A3,3008,8034
rna,599,COL4A4,3008,8034
rna,600,COL4A5,3008,8034
rna,601,COL4A6,3008,8034
rna,602,COL5A1,3008,8034
rna,603,COL5A2,3008,8034
rna,604,COL6A3,3008,8034
rna,605,COL6A6,3008,8034
rna,606,COL7A1,3008,8034
rna,607,COL8A1,3008,8034
rna,608,COL9A1,3008,8034
rna,609,COL9A2,3008,8034
rna,610,COL9A3,3008,8034
rna,611,COLEC11,3008,8034
rna,612,COLEC12,3008,8034
rna,613,COMP,3008,8034
rna,614,CORO2B,3008,8034
rna,615,CORO6,3008,8034
rna,616,COX6B2,3008,8034
rna,617,CP,3008,8034
rna,618,CPA3,3008,8034
rna,619,CPA4,3008,8034
rna,620,CPA6,3008,8034
rna,621,CPAMD8,3008,8034
rna,622,CPB1,3008,8034
rna,623,CPB2,3008,8034
rna,624,CPE,3008,8034
rna,625,CPEB1,3008,8034
rna,626,CPLX2,3008,8034
rna,627,CPLX3,3008,8034
rna,628,CPN1,3008,8034
rna,629,CPN2,3008,8034
rna,630,CPNE4,3008,8034
rna,631,CPNE6,3008,8034
rna,632,CPNE7,3008,8034
rna,633,CPS1,3008,8034
rna,634,CPXM1,3008,8034
rna,635,CPXM2,3008,8034
rna,636,CPZ,3008,8034
rna,637,CR1,3008,8034
rna,638,CR2,3008,8034
rna,639,CRABP1,3008,8034
rna,640,CRABP2,3008,8034
rna,641,CRB1,3008,8034
rna,642,CRB2,3008,8034
rna,643,CRB3,3008,8034
rna,644,CRCT1,3008,8034
rna,645,CREB3L1,3008,8034
rna,646,CREB3L3,3008,8034
rna,647,CRHBP,3008,8034
rna,648,CRIP1,3008,8034
rna,649,CRISP3,3008,8034
rna,650,CRISPLD1,3008,8034
rna,651,CRLF1,3008,8034
rna,652,CRNN,3008,8034
rna,653,CRP,3008,8034
rna,654,CRTAC1,3008,8034
rna,655,CRYAB,3008,8034
rna,656,CRYM,3008,8034
rna,657,CSAG1,3008,8034
rna,658,CSAG2,3008,8034
rna,659,CSAG3,3008,8034
rna,660,CSDC2,3008,8034
rna,661,CSF3,3008,8034
rna,662,CSMD1,3008,8034
rna,663,CSMD2,3008,8034
rna,664,CSMD3,3008,8034
rna,665,CSPG5,3008,8034
rna,666,CST1,3008,8034
rna,667,CST2,3008,8034
rna,668,CST4,3008,8034
rna,669,CST6,3008,8034
rna,670,CSTA,3008,8034
rna,671,CT45A1,3008,8034
rna,672,CTAG1B,3008,8034
rna,673,CTAG2,3008,8034
rna,674,CTHRC1,3008,8034
rna,675,CTNNA2,3008,8034
rna,676,CTNND2,3008,8034
rna,677,CTSE,3008,8034
rna,678,CTSG,3008,8034
rna,679,CTTNBP2,3008,8034
rna,680,CTXN1,3008,8034
rna,681,CUBN,3008,8034
rna,682,CUX2,3008,8034
rna,683,CWH43,3008,8034
rna,684,CX3CR1,3008,8034
rna,685,CXADR,3008,8034
rna,686,CXCL1,3008,8034
rna,687,CXCL10,3008,8034
rna,688,CXCL11,3008,8034
rna,689,CXCL13,3008,8034
rna,690,CXCL14,3008,8034
rna,691,CXCL17,3008,8034
rna,692,CXCL2,3008,8034
rna,693,CXCL3,3008,8034
rna,694,CXCL5,3008,8034
rna,695,CXCL6,3008,8034
rna,696,CXCL9,3008,8034
rna,697,CXCR2P1,3008,8034
rna,698,CXorf57,3008,8034
rna,699,CYP11A1,3008,8034
rna,700,CYP17A1,3008,8034
rna,701,CYP1A1,3008,8034
rna,702,CYP1A2,3008,8034
rna,703,CYP1B1,3008,8034
rna,704,CYP21A2,3008,8034
rna,705,CYP24A1,3008,8034
rna,706,CYP26A1,3008,8034
rna,707,CYP27C1,3008,8034
rna,708,CYP2A6,3008,8034
rna,709,CYP2B6,3008,8034
rna,710,CYP2C18,3008,8034
rna,711,CYP2C8,3008,8034
rna,712,CYP2C9,3008,8034
rna,713,CYP2D6,3008,8034
rna,714,CYP2E1,3008,8034
rna,715,CYP2J2,3008,8034
rna,716,CYP2S1,3008,8034
rna,717,CYP2W1,3008,8034
rna,718,CYP3A4,3008,8034
rna,719,CYP3A5,3008,8034
rna,720,CYP3A7,3008,8034
rna,721,CYP4A11,3008,8034
rna,722,CYP4B1,3008,8034
rna,723,CYP4F11,3008,8034
rna,724,CYP4F12,3008,8034
rna,725,CYP4F2,3008,8034
rna,726,CYP4F22,3008,8034
rna,727,CYP4F3,3008,8034
rna,728,CYP4F8,3008,8034
rna,729,CYP4X1,3008,8034
rna,730,CYP4Z1,3008,8034
rna,731,CYP4Z2P,3008,8034
rna,732,CYP8B1,3008,8034
rna,733,CYS1,3008,8034
rna,734,D4S234E,3008,8034
rna,735,DAAM2,3008,8034
rna,736,DACH1,3008,8034
rna,737,DACT2,3008,8034
rna,738,DAO,3008,8034
rna,739,DAPL1,3008,8034
rna,740,DAZ1,3008,8034
rna,741,DBH,3008,8034
rna,742,DCAF12L1,3008,8034
rna,743,DCDC2,3008,8034
rna,744,DCHS2,3008,8034
rna,745,DCLK1,3008,8034
rna,746,DCN,3008,8034
rna,747,DCT,3008,8034
rna,748,DCX,3008,8034
rna,749,DDC,3008,8034
rna,750,DDIT4L,3008,8034
rna,751,DDN,3008,8034
rna,752,DDX25,3008,8034
rna,753,DDX3Y,3008,8034
rna,754,DDX43,3008,8034
rna,755,DEFB1,3008,8034
rna,756,DEGS2,3008,8034
rna,757,DEPDC1,3008,8034
rna,758,DES,3008,8034
rna,759,DGCR5,3008,8034
rna,760,DGKB,3008,8034
rna,761,DHRS2,3008,8034
rna,762,DHRS9,3008,8034
rna,763,DIO1,3008,8034
rna,764,DIO2,3008,8034
rna,765,DIRAS1,3008,8034
rna,766,DIRAS2,3008,8034
rna,767,DIRAS3,3008,8034
rna,768,DKK1,3008,8034
rna,769,DLG2,3008,8034
rna,770,DLGAP1,3008,8034
rna,771,DLGAP5,3008,8034
rna,772,DLK1,3008,8034
rna,773,DLK2,3008,8034
rna,774,DLL3,3008,8034
rna,775,DLX1,3008,8034
rna,776,DLX2,3008,8034
rna,777,DLX3,3008,8034
rna,778,DLX5,3008,8034
rna,779,DLX6,3008,8034
rna,780,DMBT1,3008,8034
rna,781,DMBX1,3008,8034
rna,782,DMGDH,3008,8034
rna,783,DMKN,3008,8034
rna,784,DMRT2,3008,8034
rna,785,DMRT3,3008,8034
rna,786,DMRTA1,3008,8034
rna,787,DMRTA2,3008,8034
rna,788,DMRTC1B,3008,8034
rna,789,DNAH11,3008,8034
rna,790,DNAH2,3008,8034
rna,791,DNAH3,3008,8034
rna,792,DNAH5,3008,8034
rna,793,DNAH9,3008,8034
rna,794,DNAI1,3008,8034
rna,795,DNAJB13,3008,8034
rna,796,DNAJC12,3008,8034
rna,797,DNAJC22,3008,8034
rna,798,DNALI1,3008,8034
rna,799,DNASE1L3,3008,8034
rna,800,DNER,3008,8034
rna,801,DOC2A,3008,8034
rna,802,DOCK3,3008,8034
rna,803,DOK5,3008,8034
rna,804,DOK7,3008,8034
rna,805,DPCR1,3008,8034
rna,806,DPEP1,3008,8034
rna,807,DPF1,3008,8034
rna,808,DPP10,3008,8034
rna,809,DPP4,3008,8034
rna,810,DPP6,3008,8034
rna,811,DPT,3008,8034
rna,812,DPY19L2,3008,8034
rna,813,DPYS,3008,8034
rna,814,DPYSL4,3008,8034
rna,815,DPYSL5,3008,8034
rna,816,DQX1,3008,8034
rna,817,DRD2,3008,8034
rna,818,DRP2,3008,8034
rna,819,DSC2,3008,8034
rna,820,DSC3,3008,8034
rna,821,DSCAM,3008,8034
rna,822,DSCAML1,3008,8034
rna,823,DSG1,3008,8034
rna,824,DSG2,3008,8034
rna,825,DSG3,3008,8034
rna,826,DSP,3008,8034
rna,827,DTNA,3008,8034
rna,828,DUOX1,3008,8034
rna,829,DUOX2,3008,8034
rna,830,DUOXA1,3008,8034
rna,831,DUOXA2,3008,8034
rna,832,DUSP15,3008,8034
rna,833,DUSP26,3008,8034
rna,834,DUSP27,3008,8034
rna,835,DUSP4,3008,8034
rna,836,DUSP9,3008,8034
rna,837,DYNC1I1,3008,8034
rna,838,E2F8,3008,8034
rna,839,ECEL1,3008,8034
rna,840,ECHDC3,3008,8034
rna,841,EDAR,3008,8034
rna,842,EDIL3,3008,8034
rna,843,EDN2,3008,8034
rna,844,EDN3,3008,8034
rna,845,EDNRB,3008,8034
rna,846,EEF1A2,3008,8034
rna,847,EFCAB1,3008,8034
rna,848,EFEMP1,3008,8034
rna,849,EFHD1,3008,8034
rna,850,EFNA5,3008,8034
rna,851,EFNB3,3008,8034
rna,852,EFR3B,3008,8034
rna,853,EFS,3008,8034
rna,854,EGF,3008,8034
rna,855,EGFL6,3008,8034
rna,856,EGFR,3008,8034
rna,857,EGLN3,3008,8034
rna,858,EHF,3008,8034
rna,859,EIF1AY,3008,8034
rna,860,ELAVL2,3008,8034
rna,861,ELAVL3,3008,8034
rna,862,ELF3,3008,8034
rna,863,ELF5,3008,8034
rna,864,ELFN2,3008,8034
rna,865,ELMOD1,3008,8034
rna,866,ELN,3008,8034
rna,867,ELOVL2,3008,8034
rna,868,ELOVL4,3008,8034
rna,869,EMILIN3,3008,8034
rna,870,EMX1,3008,8034
rna,871,EMX2,3008,8034
rna,872,EMX2OS,3008,8034
rna,873,EN1,3008,8034
rna,874,EN2,3008,8034
rna,875,ENAM,3008,8034
rna,876,ENHO,3008,8034
rna,877,ENKUR,3008,8034
rna,878,ENPEP,3008,8034
rna,879,ENPP1,3008,8034
rna,880,ENPP3,3008,8034
rna,881,ENPP5,3008,8034
rna,882,ENPP6,3008,8034
rna,883,ENPP7,3008,8034
rna,884,ENTPD2,3008,8034
rna,885,ENTPD3,3008,8034
rna,886,ENTPD8,3008,8034
rna,887,EPB41L4B,3008,8034
rna,888,EPCAM,3008,8034
rna,889,EPHA1,3008,8034
rna,890,EPHA10,3008,8034
rna,891,EPHA3,3008,8034
rna,892,EPHA5,3008,8034
rna,893,EPHA7,3008,8034
rna,894,EPHB1,3008,8034
rna,895,EPHB3,3008,8034
rna,896,EPHB6,3008,8034
rna,897,EPHX3,3008,8034
rna,898,EPN3,3008,8034
rna,899,EPPK1,3008,8034
rna,900,EPS8L1,3008,8034
rna,901,EPS8L3,3008,8034
rna,902,EPYC,3008,8034
rna,903,ERBB3,3008,8034
rna,904,ERBB4,3008,8034
rna,905,EREG,3008,8034
rna,906,ERMN,3008,8034
rna,907,ERN2,3008,8034
rna,908,ERP27,3008,8034
rna,909,ESM1,3008,8034
rna,910,ESPN,3008,8034
rna,911,ESR1,3008,8034
rna,912,ESRP1,3008,8034
rna,913,ESRRG,3008,8034
rna,914,ESYT3,3008,8034
rna,915,ETV1,3008,8034
rna,916,ETV4,3008,8034
rna,917,EVPL,3008,8034
rna,918,EVPLL,3008,8034
rna,919,EXTL1,3008,8034
rna,920,EYA1,3008,8034
rna,921,EYA2,3008,8034
rna,922,EYA4,3008,8034
rna,923,F10,3008,8034
rna,924,F11,3008,8034
rna,925,F12,3008,8034
rna,926,F13B,3008,8034
rna,927,F2,3008,8034
rna,928,F2RL1,3008,8034
rna,929,F2RL2,3008,8034
rna,930,F3,3008,8034
rna,931,F5,3008,8034
rna,932,F7,3008,8034
rna,933,F9,3008,8034
rna,934,FA2H,3008,8034
rna,935,FABP1,3008,8034
rna,936,FABP4,3008,8034
rna,937,FABP5,3008,8034
rna,938,FABP6,3008,8034
rna,939,FABP7,3008,8034
rna,940,FADS6,3008,8034
rna,941,FAIM2,3008,8034
rna,942,FAM101A,3008,8034
rna,943,FAM107A,3008,8034
rna,944,FAM131B,3008,8034
rna,945,FAM131C,3008,8034
rna,946,FAM133A,3008,8034
rna,947,FAM135B,3008,8034
rna,948,FAM150A,3008,8034
rna,949,FAM150B,3008,8034
rna,950,FAM151A,3008,8034
rna,951,FAM155A,3008,8034
rna,952,FAM155B,3008,8034
rna,953,FAM160A1,3008,8034
rna,954,FAM163A,3008,8034
rna,955,FAM167A,3008,8034
rna,956,FAM178B,3008,8034
rna,957,FAM181A,3008,8034
rna,958,FAM181B,3008,8034
rna,959,FAM184A,3008,8034
rna,960,FAM184B,3008,8034
rna,961,FAM189A1,3008,8034
rna,962,FAM189A2,3008,8034
rna,963,FAM196B,3008,8034
rna,964,FAM19A5,3008,8034
rna,965,FAM20A,3008,8034
rna,966,FAM25A,3008,8034
rna,967,FAM3B,3008,8034
rna,968,FAM3D,3008,8034
rna,969,FAM46B,3008,8034
rna,970,FAM57B,3008,8034
rna,971,FAM69C,3008,8034
rna,972,FAM81B,3008,8034
rna,973,FAM83A,3008,8034
rna,974,FAM83B,3008,8034
rna,975,FAM83C,3008,8034
rna,976,FAM83E,3008,8034
rna,977,FAM83F,3008,8034
rna,978,FAM84A,3008,8034
rna,979,FAP,3008,8034
rna,980,FAT2,3008,8034
rna,981,FAT3,3008,8034
rna,982,FBLL1,3008,8034
rna,983,FBLN1,3008,8034
rna,984,FBN2,3008,8034
rna,985,FBN3,3008,8034
rna,986,FBP1,3008,8034
rna,987,FBXL16,3008,8034
rna,988,FBXO17,3008,8034
rna,989,FBXO2,3008,8034
rna,990,FCAMR,3008,8034
rna,991,FCER1A,3008,8034
rna,992,FCGBP,3008,8034
rna,993,FCN1,3008,8034
rna,994,FCN3,3008,8034
rna,995,FCRL2,3008,8034
rna,996,FCRL3,3008,8034
rna,997,FCRL5,3008,8034
rna,998,FCRLA,3008,8034
rna,999,FER1L4,3008,8034
rna,1000,FER1L6,3008,8034
rna,1001,FERMT1,3008,8034
rna,1002,FETUB,3008,8034
rna,1003,FEV,3008,8034
rna,1004,FGA,3008,8034
rna,1005,FGB,3008,8034
rna,1006,FGF1,3008,8034
rna,1007,FGF12,3008,8034
rna,1008,FGF14,3008,8034
rna,1009,FGF19,3008,8034
rna,1010,FGF9,3008,8034
rna,1011,FGFBP1,3008,8034
rna,1012,FGFBP2,3008,8034
rna,1013,FGFR2,3008,8034
rna,1014,FGFR3,3008,8034
rna,1015,FGFR4,3008,8034
rna,1016,FGG,3008,8034
rna,1017,FGL1,3008,8034
rna,1018,FHL1,3008,8034
rna,1019,FIBCD1,3008,8034
rna,1020,FIBIN,3008,8034
rna,1021,FIGF,3008,8034
rna,1022,FLG,3008,8034
rna,1023,FLJ16779,3008,8034
rna,1024,FLNC,3008,8034
rna,1025,FLRT1,3008,8034
rna,1026,FLRT2,3008,8034
rna,1027,FLRT3,3008,8034
rna,1028,FLT3,3008,8034
rna,1029,FMN2,3008,8034
rna,1030,FMO1,3008,8034
rna,1031,FMO2,3008,8034
rna,1032,FMO3,3008,8034
rna,1033,FMO5,3008,8034
rna,1034,FMOD,3008,8034
rna,1035,FN1,3008,8034
rna,1036,FNDC1,3008,8034
rna,1037,FNDC5,3008,8034
rna,1038,FOLH1,3008,8034
rna,1039,FOLR1,3008,8034
rna,1040,FOSB,3008,8034
rna,1041,FOSL1,3008,8034
rna,1042,FOXA1,3008,8034
rna,1043,FOXA2,3008,8034
rna,1044,FOXA3,3008,8034
rna,1045,FOXD1,3008,8034
rna,1046,FOXD3,3008,8034
rna,1047,FOXE1,3008,8034
rna,1048,FOXF2,3008,8034
rna,1049,FOXG1,3008,8034
rna,1050,FOXI1,3008,8034
rna,1051,FOXJ1,3008,8034
rna,1052,FOXL2,3008,8034
rna,1053,FOXN1,3008,8034
rna,1054,FOXP2,3008,8034
rna,1055,FOXQ1,3008,8034
rna,1056,FRAS1,3008,8034
rna,1057,FREM1,3008,8034
rna,1058,FREM2,3008,8034
rna,1059,FRMD1,3008,8034
rna,1060,FRMD3,3008,8034
rna,1061,FRMD5,3008,8034
rna,1062,FSD1,3008,8034
rna,1063,FST,3008,8034
rna,1064,FSTL4,3008,8034
rna,1065,FSTL5,3008,8034
rna,1066,FTCD,3008,8034
rna,1067,FUT2,3008,8034
rna,1068,FUT3,3008,8034
rna,1069,FUT6,3008,8034
rna,1070,FUT9,3008,8034
rna,1071,FXYD1,3008,8034
rna,1072,FXYD2,3008,8034
rna,1073,FXYD3,3008,8034
rna,1074,FXYD4,3008,8034
rna,1075,FZD10,3008,8034
rna,1076,G0S2,3008,8034
rna,1077,G6PC,3008,8034
rna,1078,GABBR2,3008,8034
rna,1079,GABRA2,3008,8034
rna,1080,GABRA3,3008,8034
rna,1081,GABRA5,3008,8034
rna,1082,GABRB2,3008,8034
rna,1083,GABRB3,3008,8034
rna,1084,GABRE,3008,8034
rna,1085,GABRG1,3008,8034
rna,1086,GABRG2,3008,8034
rna,1087,GABRG3,3008,8034
rna,1088,GABRP,3008,8034
rna,1089,GABRQ,3008,8034
rna,1090,GAD1,3008,8034
rna,1091,GAGE12D,3008,8034
rna,1092,GAGE12J,3008,8034
rna,1093,GAL,3008,8034
rna,1094,GAL3ST1,3008,8034
rna,1095,GAL3ST3,3008,8034
rna,1096,GALNT13,3008,8034
rna,1097,GALNT14,3008,8034
rna,1098,GALNT3,3008,8034
rna,1099,GALNT5,3008,8034
rna,1100,GALNT6,3008,8034
rna,1101,GALNT9,3008,8034
rna,1102,GAP43,3008,8034
rna,1103,GAS1,3008,8034
rna,1104,GATA3,3008,8034
rna,1105,GATA4,3008,8034
rna,1106,GATA5,3008,8034
rna,1107,GATA6,3008,8034
rna,1108,GATM,3008,8034
rna,1109,GBA3,3008,8034
rna,1110,GBP5,3008,8034
rna,1111,GBP6,3008,8034
rna,1112,GC,3008,8034
rna,1113,GCGR,3008,8034
rna,1114,GCKR,3008,8034
rna,1115,GCNT3,3008,8034
rna,1116,GCOM1,3008,8034
rna,1117,GDA,3008,8034
rna,1118,GDAP1L1,3008,8034
rna,1119,GDF1,3008,8034
rna,1120,GDF10,3008,8034
rna,1121,GDF15,3008,8034
rna,1122,GDF5,3008,8034
rna,1123,GDF6,3008,8034
rna,1124,GDPD2,3008,8034
rna,1125,GFAP,3008,8034
rna,1126,GFPT2,3008,8034
rna,1127,GFRA1,3008,8034
rna,1128,GFRA2,3008,8034
rna,1129,GFRA3,3008,8034
rna,1130,GGT1,3008,8034
rna,1131,GGT3P,3008,8034
rna,1132,GGT6,3008,8034
rna,1133,GGTLC1,3008,8034
rna,1134,GGTLC2,3008,8034
rna,1135,GHR,3008,8034
rna,1136,GIPC2,3008,8034
rna,1137,GJA3,3008,8034
rna,1138,GJB1,3008,8034
rna,1139,GJB2,3008,8034
rna,1140,GJB3,3008,8034
rna,1141,GJB4,3008,8034
rna,1142,GJB5,3008,8034
rna,1143,GJB6,3008,8034
rna,1144,GJB7,3008,8034
rna,1145,GLB1L2,3008,8034
rna,1146,GLB1L3,3008,8034
rna,1147,GLDC,3008,8034
rna,1148,GLIS1,3008,8034
rna,1149,GLRB,3008,8034
rna,1150,GLT1D1,3008,8034
rna,1151,GLTPD2,3008,8034
rna,1152,GLYAT,3008,8034
rna,1153,GLYATL1,3008,8034
rna,1154,GLYATL2,3008,8034
rna,1155,GNAO1,3008,8034
rna,1156,GNG4,3008,8034
rna,1157,GNMT,3008,8034
rna,1158,GOLGA7B,3008,8034
rna,1159,GOLT1A,3008,8034
rna,1160,GP2,3008,8034
rna,1161,GPA33,3008,8034
rna,1162,GPC3,3008,8034
rna,1163,GPC5,3008,8034
rna,1164,GPD1,3008,8034
rna,1165,GPIHBP1,3008,8034
rna,1166,GPM6A,3008,8034
rna,1167,GPM6B,3008,8034
rna,1168,GPNMB,3008,8034
rna,1169,GPR1,3008,8034
rna,1170,GPR143,3008,8034
rna,1171,GPR158,3008,8034
rna,1172,GPR17,3008,8034
rna,1173,GPR35,3008,8034
rna,1174,GPR37,3008,8034
rna,1175,GPR37L1,3008,8034
rna,1176,GPR39,3008,8034
rna,1177,GPR87,3008,8034
rna,1178,GPRC5A,3008,8034
rna,1179,GPRIN2,3008,8034
rna,1180,GPT,3008,8034
rna,1181,GPX2,3008,8034
rna,1182,GPX3,3008,8034
rna,1183,GRAMD2,3008,8034
rna,1184,GRB14,3008,8034
rna,1185,GRB7,3008,8034
rna,1186,GREB1,3008,8034
rna,1187,GREB1L,3008,8034
rna,1188,GREM1,3008,8034
rna,1189,GREM2,3008,8034
rna,1190,GRHL1,3008,8034
rna,1191,GRHL2,3008,8034
rna,1192,GRHL3,3008,8034
rna,1193,GRIA1,3008,8034
rna,1194,GRIA2,3008,8034
rna,1195,GRIA3,3008,8034
rna,1196,GRIA4,3008,8034
rna,1197,GRID1,3008,8034
rna,1198,GRIK1,3008,8034
rna,1199,GRIK2,3008,8034
rna,1200,GRIK3,3008,8034
rna,1201,GRIK4,3008,8034
rna,1202,GRIK5,3008,8034
rna,1203,GRIN1,3008,8034
rna,1204,GRIN2A,3008,8034
rna,1205,GRIN2D,3008,8034
rna,1206,GRM4,3008,8034
rna,1207,GRM5,3008,8034
rna,1208,GRM8,3008,8034
rna,1209,GRP,3008,8034
rna,1210,GSDMC,3008,8034
rna,1211,GSG1L,3008,8034
rna,1212,GSTA1,3008,8034
rna,1213,GSTA2,3008,8034
rna,1214,GSTM1,3008,8034
rna,1215,GSTM5,3008,8034
rna,1216,GTSF1,3008,8034
rna,1217,GUCY2C,3008,8034
rna,1218,GYG2,3008,8034
rna,1219,GYLTL1B,3008,8034
rna,1220,GZMB,3008,8034
rna,1221,GZMK,3008,8034
rna,1222,H19,3008,8034
rna,1223,HABP2,3008,8034
rna,1224,HAL,3008,8034
rna,1225,HAMP,3008,8034
rna,1226,HAND2,3008,8034
rna,1227,HAO1,3008,8034
rna,1228,HAO2,3008,8034
rna,1229,HAP1,3008,8034
rna,1230,HAPLN1,3008,8034
rna,1231,HAPLN4,3008,8034
rna,1232,HAS1,3008,8034
rna,1233,HAS2,3008,8034
rna,1234,HAS3,3008,8034
rna,1235,HAVCR1,3008,8034
rna,1236,HBA1,3008,8034
rna,1237,HBA2,3008,8034
rna,1238,HBB,3008,8034
rna,1239,HCG4,3008,8034
rna,1240,HCN1,3008,8034
rna,1241,HCN2,3008,8034
rna,1242,HCN4,3008,8034
rna,1243,HDC,3008,8034
rna,1244,HECW1,3008,8034
rna,1245,HEPACAM,3008,8034
rna,1246,HEPACAM2,3008,8034
rna,1247,HEPHL1,3008,8034
rna,1248,HEPN1,3008,8034
rna,1249,HES2,3008,8034
rna,1250,HFE2,3008,8034
rna,1251,HGD,3008,8034
rna,1252,HGFAC,3008,8034
rna,1253,HHATL,3008,8034
rna,1254,HHIP,3008,8034
rna,1255,HHLA2,3008,8034
rna,1256,HIF3A,3008,8034
rna,1257,HKDC1,3008,8034
rna,1258,HLA-DQA2,3008,8034
rna,1259,HLA-DQB2,3008,8034
rna,1260,HLF,3008,8034
rna,1261,HMCN1,3008,8034
rna,1262,HMGA2,3008,8034
rna,1263,HMGCLL1,3008,8034
rna,1264,HMGCS2,3008,8034
rna,1265,HMP19,3008,8034
rna,1266,HNF1A,3008,8034
rna,1267,HNF1B,3008,8034
rna,1268,HNF4A,3008,8034
rna,1269,HNF4G,3008,8034
rna,1270,HOMER2,3008,8034
rna,1271,HOOK1,3008,8034
rna,1272,HOPX,3008,8034
rna,1273,HORMAD1,3008,8034
rna,1274,HOTAIR,3008,8034
rna,1275,HOXA10,3008,8034
rna,1276,HOXA11,3008,8034
rna,1277,HOXA13,3008,8034
rna,1278,HOXA3,3008,8034
rna,1279,HOXA5,3008,8034
rna,1280,HOXA7,3008,8034
rna,1281,HOXA9,3008,8034
rna,1282,HOXB13,3008,8034
rna,1283,HOXB2,3008,8034
rna,1284,HOXB3,3008,8034
rna,1285,HOXB5,3008,8034
rna,1286,HOXB6,3008,8034
rna,1287,HOXB7,3008,8034
rna,1288,HOXB8,3008,8034
rna,1289,HOXB9,3008,8034
rna,1290,HOXC10,3008,8034
rna,1291,HOXC11,3008,8034
rna,1292,HOXC13,3008,8034
rna,1293,HOXC4,3008,8034
rna,1294,HOXC6,3008,8034
rna,1295,HOXC8,3008,8034
rna,1296,HOXC9,3008,8034
rna,1297,HOXD10,3008,8034
rna,1298,HOXD11,3008,8034
rna,1299,HOXD13,3008,8034
rna,1300,HOXD8,3008,8034
rna,1301,HOXD9,3008,8034
rna,1302,HP,3008,8034
rna,1303,HPCAL4,3008,8034
rna,1304,HPD,3008,8034
rna,1305,HPDL,3008,8034
rna,1306,HPGD,3008,8034
rna,1307,HPN,3008,8034
rna,1308,HPR,3008,8034
rna,1309,HPSE2,3008,8034
rna,1310,HPX,3008,8034
rna,1311,HR,3008,8034
rna,1312,HRASLS,3008,8034
rna,1313,HRASLS2,3008,8034
rna,1314,HRASLS5,3008,8034
rna,1315,HRG,3008,8034
rna,1316,HS3ST2,3008,8034
rna,1317,HS3ST4,3008,8034
rna,1318,HS3ST6,3008,8034
rna,1319,HS6ST2,3008,8034
rna,1320,HS6ST3,3008,8034
rna,1321,HSD11B1,3008,8034
rna,1322,HSD11B2,3008,8034
rna,1323,HSD17B13,3008,8034
rna,1324,HSD17B2,3008,8034
rna,1325,HSD17B6,3008,8034
rna,1326,HSH2D,3008,8034
rna,1327,HSPB6,3008,8034
rna,1328,HSPB7,3008,8034
rna,1329,HSPB8,3008,8034
rna,1330,HTR1D,3008,8034
rna,1331,HTR2C,3008,8034
rna,1332,HTR3A,3008,8034
rna,1333,HTRA3,3008,8034
rna,1334,HULC,3008,8034
rna,1335,HUNK,3008,8034
rna,1336,HYAL1,3008,8034
rna,1337,HYDIN,3008,8034
rna,1338,IBSP,3008,8034
rna,1339,ICAM5,3008,8034
rna,1340,ID4,3008,8034
rna,1341,IDO1,3008,8034
rna,1342,IFI27,3008,8034
rna,1343,IGDCC3,3008,8034
rna,1344,IGF1,3008,8034
rna,1345,IGF2,3008,8034
rna,1346,IGF2BP1,3008,8034
rna,1347,IGF2BP2,3008,8034
rna,1348,IGF2BP3,3008,8034
rna,1349,IGFALS,3008,8034
rna,1350,IGFBP1,3008,8034
rna,1351,IGFBP2,3008,8034
rna,1352,IGFBP5,3008,8034
rna,1353,IGFBP6,3008,8034
rna,1354,IGFBPL1,3008,8034
rna,1355,IGFL1,3008,8034
rna,1356,IGFL2,3008,8034
rna,1357,IGFN1,3008,8034
rna,1358,IGLON5,3008,8034
rna,1359,IGSF1,3008,8034
rna,1360,IGSF10,3008,8034
rna,1361,IGSF11,3008,8034
rna,1362,IGSF21,3008,8034
rna,1363,IGSF9,3008,8034
rna,1364,IGSF9B,3008,8034
rna,1365,IHH,3008,8034
rna,1366,IL11,3008,8034
rna,1367,IL12RB2,3008,8034
rna,1368,IL13RA2,3008,8034
rna,1369,IL17D,3008,8034
rna,1370,IL1A,3008,8034
rna,1371,IL1R2,3008,8034
rna,1372,IL1RL1,3008,8034
rna,1373,IL1RN,3008,8034
rna,1374,IL20RA,3008,8034
rna,1375,IL20RB,3008,8034
rna,1376,IL22RA1,3008,8034
rna,1377,IL24,3008,8034
rna,1378,IL33,3008,8034
rna,1379,IL6,3008,8034
rna,1380,IL7R,3008,8034
rna,1381,ILDR1,3008,8034
rna,1382,INA,3008,8034
rna,1383,INHA,3008,8034
rna,1384,INHBA,3008,8034
rna,1385,INHBE,3008,8034
rna,1386,INMT,3008,8034
rna,1387,INPP5J,3008,8034
rna,1388,INSM1,3008,8034
rna,1389,IP6K3,3008,8034
rna,1390,IQCA1,3008,8034
rna,1391,IQSEC3,3008,8034
rna,1392,IRF4,3008,8034
rna,1393,IRF6,3008,8034
rna,1394,IRX1,3008,8034
rna,1395,IRX2,3008,8034
rna,1396,IRX3,3008,8034
rna,1397,IRX4,3008,8034
rna,1398,IRX5,3008,8034
rna,1399,IRX6,3008,8034
rna,1400,ISL1,3008,8034
rna,1401,ISLR,3008,8034
rna,1402,ISM1,3008,8034
rna,1403,ISX,3008,8034
rna,1404,ITGA11,3008,8034
rna,1405,ITGA8,3008,8034
rna,1406,ITGB3,3008,8034
rna,1407,ITGB4,3008,8034
rna,1408,ITGB6,3008,8034
rna,1409,ITGB8,3008,8034
rna,1410,ITGBL1,3008,8034
rna,1411,ITIH1,3008,8034
rna,1412,ITIH2,3008,8034
rna,1413,ITIH3,3008,8034
rna,1414,ITIH4,3008,8034
rna,1415,ITIH5,3008,8034
rna,1416,ITLN1,3008,8034
rna,1417,ITPKA,3008,8034
rna,1418,IVL,3008,8034
rna,1419,IYD,3008,8034
rna,1420,JAKMIP1,3008,8034
rna,1421,JAKMIP2,3008,8034
rna,1422,JPH2,3008,8034
rna,1423,JPH3,3008,8034
rna,1424,JPH4,3008,8034
rna,1425,JSRP1,3008,8034
rna,1426,KANK4,3008,8034
rna,1427,KBTBD11,3008,8034
rna,1428,KBTBD12,3008,8034
rna,1429,KCNA1,3008,8034
rna,1430,KCNA6,3008,8034
rna,1431,KCNB1,3008,8034
rna,1432,KCNC1,3008,8034
rna,1433,KCNC2,3008,8034
rna,1434,KCND2,3008,8034
rna,1435,KCND3,3008,8034
rna,1436,KCNF1,3008,8034
rna,1437,KCNG1,3008,8034
rna,1438,KCNH1,3008,8034
rna,1439,KCNH2,3008,8034
rna,1440,KCNH3,3008,8034
rna,1441,KCNH6,3008,8034
rna,1442,KCNH8,3008,8034
rna,1443,KCNIP1,3008,8034
rna,1444,KCNIP3,3008,8034
rna,1445,KCNJ10,3008,8034
rna,1446,KCNJ11,3008,8034
rna,1447,KCNJ13,3008,8034
rna,1448,KCNJ15,3008,8034
rna,1449,KCNJ16,3008,8034
rna,1450,KCNJ3,3008,8034
rna,1451,KCNJ4,3008,8034
rna,1452,KCNK1,3008,8034
rna,1453,KCNK10,3008,8034
rna,1454,KCNK15,3008,8034
rna,1455,KCNK2,3008,8034
rna,1456,KCNK3,3008,8034
rna,1457,KCNK5,3008,8034
rna,1458,KCNK9,3008,8034
rna,1459,KCNMA1,3008,8034
rna,1460,KCNMB2,3008,8034
rna,1461,KCNN1,3008,8034
rna,1462,KCNN2,3008,8034
rna,1463,KCNN4,3008,8034
rna,1464,KCNQ2,3008,8034
rna,1465,KCNQ5,3008,8034
rna,1466,KCNS1,3008,8034
rna,1467,KCNT1,3008,8034
rna,1468,KCNT2,3008,8034
rna,1469,KCP,3008,8034
rna,1470,KDM5D,3008,8034
rna,1471,KIAA0125,3008,8034
rna,1472,KIAA0319,3008,8034
rna,1473,KIAA0408,3008,8034
rna,1474,KIAA1211,3008,8034
rna,1475,KIAA1324,3008,8034
rna,1476,KIAA1644,3008,8034
rna,1477,KIAA1755,3008,8034
rna,1478,KIAA2022,3008,8034
rna,1479,KIF12,3008,8034
rna,1480,KIF14,3008,8034
rna,1481,KIF18B,3008,8034
rna,1482,KIF1A,3008,8034
rna,1483,KIF20A,3008,8034
rna,1484,KIF5A,3008,8034
rna,1485,KIF5C,3008,8034
rna,1486,KIRREL2,3008,8034
rna,1487,KIRREL3,3008,8034
rna,1488,KIT,3008,8034
rna,1489,KL,3008,8034
rna,1490,KLB,3008,8034
rna,1491,KLC3,3008,8034
rna,1492,KLF15,3008,8034
rna,1493,KLF5,3008,8034
rna,1494,KLHDC7A,3008,8034
rna,1495,KLHDC7B,3008,8034
rna,1496,KLHDC8A,3008,8034
rna,1497,KLHL14,3008,8034
rna,1498,KLHL4,3008,8034
rna,1499,KLK1,3008,8034
rna,1500,KLK10,3008,8034
rna,1501,KLK11,3008,8034
rna,1502,KLK12,3008,8034
rna,1503,KLK13,3008,8034
rna,1504,KLK14,3008,8034
rna,1505,KLK2,3008,8034
rna,1506,KLK3,3008,8034
rna,1507,KLK4,3008,8034
rna,1508,KLK5,3008,8034
rna,1509,KLK6,3008,8034
rna,1510,KLK7,3008,8034
rna,1511,KLK8,3008,8034
rna,1512,KLK9,3008,8034
rna,1513,KLKB1,3008,8034
rna,1514,KLRG2,3008,8034
rna,1515,KMO,3008,8034
rna,1516,KNDC1,3008,8034
rna,1517,KNG1,3008,8034
rna,1518,KREMEN2,3008,8034
rna,1519,KRT1,3008,8034
rna,1520,KRT13,3008,8034
rna,1521,KRT14,3008,8034
rna,1522,KRT15,3008,8034
rna,1523,KRT16,3008,8034
rna,1524,KRT17,3008,8034
rna,1525,KRT18,3008,8034
rna,1526,KRT19,3008,8034
rna,1527,KRT20,3008,8034
rna,1528,KRT23,3008,8034
rna,1529,KRT31,3008,8034
rna,1530,KRT4,3008,8034
rna,1531,KRT5,3008,8034
rna,1532,KRT6A,3008,8034
rna,1533,KRT6B,3008,8034
rna,1534,KRT6C,3008,8034
rna,1535,KRT7,3008,8034
rna,1536,KRT75,3008,8034
rna,1537,KRT78,3008,8034
rna,1538,KRT8,3008,8034
rna,1539,KRT80,3008,8034
rna,1540,KRT81,3008,8034
rna,1541,KRTCAP3,3008,8034
rna,1542,KRTDAP,3008,8034
rna,1543,KSR2,3008,8034
rna,1544,KY,3008,8034
rna,1545,KYNU,3008,8034
rna,1546,L1CAM,3008,8034
rna,1547,L1TD1,3008,8034
rna,1548,LAD1,3008,8034
rna,1549,LAMA1,3008,8034
rna,1550,LAMA3,3008,8034
rna,1551,LAMB3,3008,8034
rna,1552,LAMC2,3008,8034
rna,1553,LAMC3,3008,8034
rna,1554,LAMP3,3008,8034
rna,1555,LBP,3008,8034
rna,1556,LCE3D,3008,8034
rna,1557,LCN10,3008,8034
rna,1558,LCN12,3008,8034
rna,1559,LCN2,3008,8034
rna,1560,LDB3,3008,8034
rna,1561,LDOC1,3008,8034
rna,1562,LEFTY1,3008,8034
rna,1563,LEFTY2,3008,8034
rna,1564,LEMD1,3008,8034
rna,1565,LEP,3008,8034
rna,1566,LGALS2,3008,8034
rna,1567,LGALS4,3008,8034
rna,1568,LGALS7,3008,8034
rna,1569,LGALS7B,3008,8034
rna,1570,LGI1,3008,8034
rna,1571,LGI3,3008,8034
rna,1572,LGR5,3008,8034
rna,1573,LGR6,3008,8034
rna,1574,LGSN,3008,8034
rna,1575,LHFPL3,3008,8034
rna,1576,LHFPL4,3008,8034
rna,1577,LHX2,3008,8034
rna,1578,LIFR,3008,8034
rna,1579,LIMS3,3008,8034
rna,1580,LIN28B,3008,8034
rna,1581,LIN7A,3008,8034
rna,1582,LINGO1,3008,8034
rna,1583,LIPC,3008,8034
rna,1584,LIPG,3008,8034
rna,1585,LIPH,3008,8034
rna,1586,LIX1,3008,8034
rna,1587,LMO1,3008,8034
rna,1588,LMO3,3008,8034
rna,1589,LMOD1,3008,8034
rna,1590,LMX1B,3008,8034
rna,1591,LONRF2,3008,8034
rna,1592,LOXL4,3008,8034
rna,1593,LPAR3,3008,8034
rna,1594,LPL,3008,8034
rna,1595,LPPR3,3008,8034
rna,1596,LPPR5,3008,8034
rna,1597,LRAT,3008,8034
rna,1598,LRFN5,3008,8034
rna,1599,LRG1,3008,8034
rna,1600,LRP1B,3008,8034
rna,1601,LRP2,3008,8034
rna,1602,LRP4,3008,8034
rna,1603,LRRC15,3008,8034
rna,1604,LRRC19,3008,8034
rna,1605,LRRC2,3008,8034
rna,1606,LRRC26,3008,8034
rna,1607,LRRC31,3008,8034
rna,1608,LRRC4B,3008,8034
rna,1609,LRRC4C,3008,8034
rna,1610,LRRC55,3008,8034
rna,1611,LRRC7,3008,8034
rna,1612,LRRC8E,3008,8034
rna,1613,LRRIQ1,3008,8034
rna,1614,LRRK2,3008,8034
rna,1615,LRRN1,3008,8034
rna,1616,LRRN2,3008,8034
rna,1617,LRRN3,3008,8034
rna,1618,LRRN4,3008,8034
rna,1619,LRRN4CL,3008,8034
rna,1620,LRRTM1,3008,8034
rna,1621,LRRTM2,3008,8034
rna,1622,LRRTM3,3008,8034
rna,1623,LRRTM4,3008,8034
rna,1624,LSAMP,3008,8034
rna,1625,LTF,3008,8034
rna,1626,LTK,3008,8034
rna,1627,LUM,3008,8034
rna,1628,LUZP2,3008,8034
rna,1629,LY6D,3008,8034
rna,1630,LY6G6C,3008,8034
rna,1631,LY6H,3008,8034
rna,1632,LY6K,3008,8034
rna,1633,LYPD1,3008,8034
rna,1634,LYPD2,3008,8034
rna,1635,LYPD3,3008,8034
rna,1636,LYPD6,3008,8034
rna,1637,LYPD6B,3008,8034
rna,1638,LYZ,3008,8034
rna,1639,MAB21L1,3008,8034
rna,1640,MAB21L2,3008,8034
rna,1641,MACC1,3008,8034
rna,1642,MAG,3008,8034
rna,1643,MAGEA1,3008,8034
rna,1644,MAGEA11,3008,8034
rna,1645,MAGEA12,3008,8034
rna,1646,MAGEA2,3008,8034
rna,1647,MAGEA3,3008,8034
rna,1648,MAGEA4,3008,8034
rna,1649,MAGEA6,3008,8034
rna,1650,MAGEA9B,3008,8034
rna,1651,MAGEB2,3008,8034
rna,1652,MAGEC1,3008,8034
rna,1653,MAGEC2,3008,8034
rna,1654,MAGED4,3008,8034
rna,1655,MAGED4B,3008,8034
rna,1656,MAL,3008,8034
rna,1657,MAL2,3008,8034
rna,1658,MALL,3008,8034
rna,1659,MAMDC2,3008,8034
rna,1660,MAOA,3008,8034
rna,1661,MAOB,3008,8034
rna,1662,MAP2,3008,8034
rna,1663,MAP6,3008,8034
rna,1664,MAP7D2,3008,8034
rna,1665,MAPK10,3008,8034
rna,1666,MAPK15,3008,8034
rna,1667,MAPK4,3008,8034
rna,1668,MAPK8IP2,3008,8034
rna,1669,MAPT,3008,8034
rna,1670,MARCO,3008,8034
rna,1671,MARVELD3,3008,8034
rna,1672,MASP1,3008,8034
rna,1673,MAST1,3008,8034
rna,1674,MAT1A,3008,8034
rna,1675,MATN3,3008,8034
rna,1676,MB,3008,8034
rna,1677,MBL2,3008,8034
rna,1678,MCHR1,3008,8034
rna,1679,MCOLN3,3008,8034
rna,1680,MCTP2,3008,8034
rna,1681,MDFI,3008,8034
rna,1682,MDGA2,3008,8034
rna,1683,MECOM,3008,8034
rna,1684,MEG3,3008,8034
rna,1685,MEGF10,3008,8034
rna,1686,MEGF11,3008,8034
rna,1687,MELK,3008,8034
rna,1688,MEOX1,3008,8034
rna,1689,MEOX2,3008,8034
rna,1690,MEP1A,3008,8034
rna,1691,MET,3008,8034
rna,1692,METTL7B,3008,8034
rna,1693,MFAP2,3008,8034
rna,1694,MFAP4,3008,8034
rna,1695,MFAP5,3008,8034
rna,1696,MFI2,3008,8034
rna,1697,MFSD2A,3008,8034
rna,1698,MFSD6L,3008,8034
rna,1699,MGAM,3008,8034
rna,1700,MGAT3,3008,8034
rna,1701,MGAT4C,3008,8034
rna,1702,MGAT5B,3008,8034
rna,1703,MGP,3008,8034
rna,1704,MGST1,3008,8034
rna,1705,MIA,3008,8034
rna,1706,MIA2,3008,8034
rna,1707,MIOX,3008,8034
rna,1708,MKRN3,3008,8034
rna,1709,MKX,3008,8034
rna,1710,MLANA,3008,8034
rna,1711,MLC1,3008,8034
rna,1712,MLPH,3008,8034
rna,1713,MLXIPL,3008,8034
rna,1714,MMD2,3008,8034
rna,1715,MME,3008,8034
rna,1716,MMEL1,3008,8034
rna,1717,MMP1,3008,8034
rna,1718,MMP10,3008,8034
rna,1719,MMP11,3008,8034
rna,1720,MMP12,3008,8034
rna,1721,MMP13,3008,8034
rna,1722,MMP16,3008,8034
rna,1723,MMP17,3008,8034
rna,1724,MMP28,3008,8034
rna,1725,MMP3,3008,8034
rna,1726,MMP7,3008,8034
rna,1727,MMP9,3008,8034
rna,1728,MMRN1,3008,8034
rna,1729,MNX1,3008,8034
rna,1730,MOBP,3008,8034
rna,1731,MOCOS,3008,8034
rna,1732,MOG,3008,8034
rna,1733,MOGAT2,3008,8034
rna,1734,MOGAT3,3008,8034
rna,1735,MORN5,3008,8034
rna,1736,MOXD1,3008,8034
rna,1737,MPO,3008,8034
rna,1738,MPP2,3008,8034
rna,1739,MPP7,3008,8034
rna,1740,MPPED1,3008,8034
rna,1741,MPPED2,3008,8034
rna,1742,MPV17L,3008,8034
rna,1743,MPZL2,3008,8034
rna,1744,MRAP2,3008,8034
rna,1745,MRO,3008,8034
rna,1746,MS4A1,3008,8034
rna,1747,MS4A15,3008,8034
rna,1748,MS4A2,3008,8034
rna,1749,MSI1,3008,8034
rna,1750,MSLN,3008,8034
rna,1751,MSMB,3008,8034
rna,1752,MST1R,3008,8034
rna,1753,MSX1,3008,8034
rna,1754,MSX2,3008,8034
rna,1755,MT1A,3008,8034
rna,1756,MT1G,3008,8034
rna,1757,MT1H,3008,8034
rna,1758,MT1M,3008,8034
rna,1759,MT3,3008,8034
rna,1760,MTTP,3008,8034
rna,1761,MUC1,3008,8034
rna,1762,MUC12,3008,8034
rna,1763,MUC13,3008,8034
rna,1764,MUC15,3008,8034
rna,1765,MUC16,3008,8034
rna,1766,MUC17,3008,8034
rna,1767,MUC2,3008,8034
rna,1768,MUC20,3008,8034
rna,1769,MUC21,3008,8034
rna,1770,MUC4,3008,8034
rna,1771,MUC5B,3008,8034
rna,1772,MUC6,3008,8034
rna,1773,MUCL1,3008,8034
rna,1774,MUM1L1,3008,8034
rna,1775,MXRA5,3008,8034
rna,1776,MYB,3008,8034
rna,1777,MYBL2,3008,8034
rna,1778,MYBPC1,3008,8034
rna,1779,MYBPC2,3008,8034
rna,1780,MYBPH,3008,8034
rna,1781,MYCN,3008,8034
rna,1782,MYEF2,3008,8034
rna,1783,MYEOV,3008,8034
rna,1784,MYH11,3008,8034
rna,1785,MYH14,3008,8034
rna,1786,MYH7,3008,8034
rna,1787,MYL3,3008,8034
rna,1788,MYO16,3008,8034
rna,1789,MYO18B,3008,8034
rna,1790,MYO1A,3008,8034
rna,1791,MYO3A,3008,8034
rna,1792,MYO3B,3008,8034
rna,1793,MYO7B,3008,8034
rna,1794,MYOC,3008,8034
rna,1795,MYOCD,3008,8034
rna,1796,MYOM3,3008,8034
rna,1797,MYRIP,3008,8034
rna,1798,MYT1,3008,8034
rna,1799,MYT1L,3008,8034
rna,1800,NACAD,3008,8034
rna,1801,NALCN,3008,8034
rna,1802,NAP1L2,3008,8034
rna,1803,NAP1L3,3008,8034
rna,1804,NAPSA,3008,8034
rna,1805,NAT2,3008,8034
rna,1806,NAT8,3008,8034
rna,1807,NAT8L,3008,8034
rna,1808,NAV3,3008,8034
rna,1809,NBEA,3008,8034
rna,1810,NCAM1,3008,8034
rna,1811,NCAM2,3008,8034
rna,1812,NCAN,3008,8034
rna,1813,NCCRP1,3008,8034
rna,1814,NDP,3008,8034
rna,1815,NDRG4,3008,8034
rna,1816,NDUFA4L2,3008,8034
rna,1817,NEB,3008,8034
rna,1818,NEBL,3008,8034
rna,1819,NECAB2,3008,8034
rna,1820,NEFH,3008,8034
rna,1821,NEFL,3008,8034
rna,1822,NEFM,3008,8034
rna,1823,NEGR1,3008,8034
rna,1824,NEK2,3008,8034
rna,1825,NELL1,3008,8034
rna,1826,NELL2,3008,8034
rna,1827,NETO1,3008,8034
rna,1828,NEU4,3008,8034
rna,1829,NFASC,3008,8034
rna,1830,NFE2,3008,8034
rna,1831,NGEF,3008,8034
rna,1832,NGFR,3008,8034
rna,1833,NIPAL1,3008,8034
rna,1834,NIPAL4,3008,8034
rna,1835,NKAIN1,3008,8034
rna,1836,NKAIN2,3008,8034
rna,1837,NKAIN4,3008,8034
rna,1838,NKD1,3008,8034
rna,1839,NKD2,3008,8034
rna,1840,NKX2-1,3008,8034
rna,1841,NKX2-2,3008,8034
rna,1842,NKX2-3,3008,8034
rna,1843,NKX2-5,3008,8034
rna,1844,NKX3-1,3008,8034
rna,1845,NLGN1,3008,8034
rna,1846,NLGN3,3008,8034
rna,1847,NLGN4X,3008,8034
rna,1848,NLGN4Y,3008,8034
rna,1849,NLRP2,3008,8034
rna,1850,NLRP7,3008,8034
rna,1851,NME5,3008,8034
rna,1852,NMNAT2,3008,8034
rna,1853,NMU,3008,8034
rna,1854,NNAT,3008,8034
rna,1855,NNMT,3008,8034
rna,1856,NOG,3008,8034
rna,1857,NOL4,3008,8034
rna,1858,NOS1,3008,8034
rna,1859,NOS2,3008,8034
rna,1860,NOTUM,3008,8034
rna,1861,NOVA1,3008,8034
rna,1862,NOX1,3008,8034
rna,1863,NPAS3,3008,8034
rna,1864,NPC1L1,3008,8034
rna,1865,NPM2,3008,8034
rna,1866,NPNT,3008,8034
rna,1867,NPR1,3008,8034
rna,1868,NPR3,3008,8034
rna,1869,NPTX1,3008,8034
rna,1870,NPTX2,3008,8034
rna,1871,NPTXR,3008,8034
rna,1872,NPW,3008,8034
rna,1873,NPY,3008,8034
rna,1874,NPY1R,3008,8034
rna,1875,NPY6R,3008,8034
rna,1876,NR0B1,3008,8034
rna,1877,NR0B2,3008,8034
rna,1878,NR1H4,3008,8034
rna,1879,NR1I2,3008,8034
rna,1880,NR2E1,3008,8034
rna,1881,NR5A1,3008,8034
rna,1882,NRCAM,3008,8034
rna,1883,NRG1,3008,8034
rna,1884,NRG2,3008,8034
rna,1885,NRG3,3008,8034
rna,1886,NRK,3008,8034
rna,1887,NRSN1,3008,8034
rna,1888,NRXN1,3008,8034
rna,1889,NRXN2,3008,8034
rna,1890,NRXN3,3008,8034
rna,1891,NSUN7,3008,8034
rna,1892,NTF4,3008,8034
rna,1893,NTM,3008,8034
rna,1894,NTN1,3008,8034
rna,1895,NTNG1,3008,8034
rna,1896,NTRK2,3008,8034
rna,1897,NTRK3,3008,8034
rna,1898,NTS,3008,8034
rna,1899,NTSR2,3008,8034
rna,1900,NUDT10,3008,8034
rna,1901,NUDT11,3008,8034
rna,1902,NWD1,3008,8034
rna,1903,NXF2,3008,8034
rna,1904,NXPH1,3008,8034
rna,1905,NXPH4,3008,8034
rna,1906,OCA2,3008,8034
rna,1907,OCLN,3008,8034
rna,1908,ODAM,3008,8034
rna,1909,OGDHL,3008,8034
rna,1910,OGN,3008,8034
rna,1911,OIT3,3008,8034
rna,1912,OLFM1,3008,8034
rna,1913,OLFM4,3008,8034
rna,1914,OLIG1,3008,8034
rna,1915,OLIG2,3008,8034
rna,1916,OLR1,3008,8034
rna,1917,OMD,3008,8034
rna,1918,OMG,3008,8034
rna,1919,ONECUT2,3008,8034
rna,1920,OPCML,3008,8034
rna,1921,OPRK1,3008,8034
rna,1922,OR51E1,3008,8034
rna,1923,OR51E2,3008,8034
rna,1924,ORM1,3008,8034
rna,1925,ORM2,3008,8034
rna,1926,OSBPL6,3008,8034
rna,1927,OSR1,3008,8034
rna,1928,OSR2,3008,8034
rna,1929,OTC,3008,8034
rna,1930,OTX1,3008,8034
rna,1931,OVOL1,3008,8034
rna,1932,OVOL2,3008,8034
rna,1933,OXGR1,3008,8034
rna,1934,P2RX6,3008,8034
rna,1935,P2RY12,3008,8034
rna,1936,P2RY2,3008,8034
rna,1937,PABPC1L2B,3008,8034
rna,1938,PACRG,3008,8034
rna,1939,PACSIN1,3008,8034
rna,1940,PADI1,3008,8034
rna,1941,PADI2,3008,8034
rna,1942,PADI3,3008,8034
rna,1943,PAEP,3008,8034
rna,1944,PAH,3008,8034
rna,1945,PAK6,3008,8034
rna,1946,PAK7,3008,8034
rna,1947,PALM3,3008,8034
rna,1948,PANX2,3008,8034
rna,1949,PAPL,3008,8034
rna,1950,PAPPA2,3008,8034
rna,1951,PAQR5,3008,8034
rna,1952,PAQR9,3008,8034
rna,1953,PARM1,3008,8034
rna,1954,PART1,3008,8034
rna,1955,PAX1,3008,8034
rna,1956,PAX2,3008,8034
rna,1957,PAX3,3008,8034
rna,1958,PAX5,3008,8034
rna,1959,PAX7,3008,8034
rna,1960,PAX8,3008,8034
rna,1961,PAX9,3008,8034
rna,1962,PCA3,3008,8034
rna,1963,PCBP3,3008,8034
rna,1964,PCDH10,3008,8034
rna,1965,PCDH11X,3008,8034
rna,1966,PCDH15,3008,8034
rna,1967,PCDH19,3008,8034
rna,1968,PCDH20,3008,8034
rna,1969,PCDH7,3008,8034
rna,1970,PCDH8,3008,8034
rna,1971,PCDH9,3008,8034
rna,1972,PCDHA1,3008,8034
rna,1973,PCDHA10,3008,8034
rna,1974,PCDHA11,3008,8034
rna,1975,PCDHA12,3008,8034
rna,1976,PCDHA13,3008,8034
rna,1977,PCDHA3,3008,8034
rna,1978,PCDHA4,3008,8034
rna,1979,PCDHA6,3008,8034
rna,1980,PCDHAC2,3008,8034
rna,1981,PCDHB5,3008,8034
rna,1982,PCDHGB1,3008,8034
rna,1983,PCDHGB5,3008,8034
rna,1984,PCDHGB7,3008,8034
rna,1985,PCDHGC4,3008,8034
rna,1986,PCDHGC5,3008,8034
rna,1987,PCK1,3008,8034
rna,1988,PCLO,3008,8034
rna,1989,PCOLCE2,3008,8034
rna,1990,PCP4,3008,8034
rna,1991,PCP4L1,3008,8034
rna,1992,PCSK1,3008,8034
rna,1993,PCSK1N,3008,8034
rna,1994,PCSK2,3008,8034
rna,1995,PCSK6,3008,8034
rna,1996,PCSK9,3008,8034
rna,1997,PCYT1B,3008,8034
rna,1998,PDE11A,3008,8034
rna,1999,PDE1A,3008,8034
rna,2000,PDE1C,3008,8034
rna,2001,PDE8B,3008,8034
rna,2002,PDGFRA,3008,8034
rna,2003,PDGFRL,3008,8034
rna,2004,PDIA2,3008,8034
rna,2005,PDK4,3008,8034
rna,2006,PDLIM4,3008,8034
rna,2007,PDPN,3008,8034
rna,2008,PDX1,3008,8034
rna,2009,PDZD3,3008,8034
rna,2010,PDZD4,3008,8034
rna,2011,PDZK1,3008,8034
rna,2012,PDZK1IP1,3008,8034
rna,2013,PDZRN3,3008,8034
rna,2014,PDZRN4,3008,8034
rna,2015,PEBP4,3008,8034
rna,2016,PEG10,3008,8034
rna,2017,PEG3,3008,8034
rna,2018,PENK,3008,8034
rna,2019,PERP,3008,8034
rna,2020,PGA3,3008,8034
rna,2021,PGC,3008,8034
rna,2022,PGLYRP2,3008,8034
rna,2023,PGLYRP3,3008,8034
rna,2024,PGLYRP4,3008,8034
rna,2025,PGM5,3008,8034
rna,2026,PGR,3008,8034
rna,2027,PHACTR3,3008,8034
rna,2028,PHF21B,3008,8034
rna,2029,PHGR1,3008,8034
rna,2030,PHLDA2,3008,8034
rna,2031,PHYHD1,3008,8034
rna,2032,PHYHIP,3008,8034
rna,2033,PHYHIPL,3008,8034
rna,2034,PI15,3008,8034
rna,2035,PI16,3008,8034
rna,2036,PI3,3008,8034
rna,2037,PID1,3008,8034
rna,2038,PIGR,3008,8034
rna,2039,PIK3C2G,3008,8034
rna,2040,PIP,3008,8034
rna,2041,PIP5K1B,3008,8034
rna,2042,PIPOX,3008,8034
rna,2043,PIRT,3008,8034
rna,2044,PITX1,3008,8034
rna,2045,PITX2,3008,8034
rna,2046,PIWIL1,3008,8034
rna,2047,PKDCC,3008,8034
rna,2048,PKHD1,3008,8034
rna,2049,PKHD1L1,3008,8034
rna,2050,PKIA,3008,8034
rna,2051,PKLR,3008,8034
rna,2052,PKNOX2,3008,8034
rna,2053,PKP1,3008,8034
rna,2054,PKP2,3008,8034
rna,2055,PKP3,3008,8034
rna,2056,PLA1A,3008,8034
rna,2057,PLA2G10,3008,8034
rna,2058,PLA2G12B,3008,8034
rna,2059,PLA2G2A,3008,8034
rna,2060,PLA2G2D,3008,8034
rna,2061,PLA2G2F,3008,8034
rna,2062,PLA2G3,3008,8034
rna,2063,PLA2G4D,3008,8034
rna,2064,PLA2G4E,3008,8034
rna,2065,PLA2G4F,3008,8034
rna,2066,PLAC8,3008,8034
rna,2067,PLCB4,3008,8034
rna,2068,PLCH1,3008,8034
rna,2069,PLCH2,3008,8034
rna,2070,PLCXD3,3008,8034
rna,2071,PLD5,3008,8034
rna,2072,PLEK2,3008,8034
rna,2073,PLEKHA6,3008,8034
rna,2074,PLEKHB1,3008,8034
rna,2075,PLEKHG4B,3008,8034
rna,2076,PLEKHG6,3008,8034
rna,2077,PLEKHN1,3008,8034
rna,2078,PLG,3008,8034
rna,2079,PLIN1,3008,8034
rna,2080,PLIN4,3008,8034
rna,2081,PLIN5,3008,8034
rna,2082,PLN,3008,8034
rna,2083,PLP1,3008,8034
rna,2084,PLS1,3008,8034
rna,2085,PLXNA4,3008,8034
rna,2086,PLXNB3,3008,8034
rna,2087,PMP2,3008,8034
rna,2088,PNCK,3008,8034
rna,2089,PNMA2,3008,8034
rna,2090,PNMA3,3008,8034
rna,2091,PNMA6A,3008,8034
rna,2092,PNMAL1,3008,8034
rna,2093,PNMT,3008,8034
rna,2094,PNOC,3008,8034
rna,2095,PNPLA3,3008,8034
rna,2096,PODN,3008,8034
rna,2097,PODXL2,3008,8034
rna,2098,POF1B,3008,8034
rna,2099,PON1,3008,8034
rna,2100,PON3,3008,8034
rna,2101,POPDC3,3008,8034
rna,2102,POSTN,3008,8034
rna,2103,POU2AF1,3008,8034
rna,2104,POU2F3,3008,8034
rna,2105,POU3F1,3008,8034
rna,2106,POU3F2,3008,8034
rna,2107,POU3F3,3008,8034
rna,2108,POU5F1,3008,8034
rna,2109,PP14571,3008,8034
rna,2110,PPAN-P2RY11,3008,8034
rna,2111,PPAP2C,3008,8034
rna,2112,PPAPDC1A,3008,8034
rna,2113,PPARG,3008,8034
rna,2114,PPARGC1A,3008,8034
rna,2115,PPFIA2,3008,8034
rna,2116,PPFIA4,3008,8034
rna,2117,PPL,3008,8034
rna,2118,PPM1E,3008,8034
rna,2119,PPP1R14C,3008,8034
rna,2120,PPP1R14D,3008,8034
rna,2121,PPP1R1A,3008,8034
rna,2122,PPP1R1B,3008,8034
rna,2123,PPP1R3C,3008,8034
rna,2124,PPP1R9A,3008,8034
rna,2125,PPP2R2B,3008,8034
rna,2126,PPP2R2C,3008,8034
rna,2127,PPP4R4,3008,8034
rna,2128,PRAME,3008,8034
rna,2129,PRAP1,3008,8034
rna,2130,PRDM16,3008,8034
rna,2131,PRELP,3008,8034
rna,2132,PREX2,3008,8034
rna,2133,PRG4,3008,8034
rna,2134,PRIMA1,3008,8034
rna,2135,PRKAA2,3008,8034
rna,2136,PRKCG,3008,8034
rna,2137,PRKG2,3008,8034
rna,2138,PRKY,3008,8034
rna,2139,PRLR,3008,8034
rna,2140,PRMT8,3008,8034
rna,2141,PRND,3008,8034
rna,2142,PROC,3008,8034
rna,2143,PRODH,3008,8034
rna,2144,PRODH2,3008,8034
rna,2145,PROM1,3008,8034
rna,2146,PROM2,3008,8034
rna,2147,PROX1,3008,8034
rna,2148,PRPH,3008,8034
rna,2149,PRR11,3008,8034
rna,2150,PRR15,3008,8034
rna,2151,PRR15L,3008,8034
rna,2152,PRR18,3008,8034
rna,2153,PRR5-ARHGAP8,3008,8034
rna,2154,PRRT4,3008,8034
rna,2155,PRRX1,3008,8034
rna,2156,PRRX2,3008,8034
rna,2157,PRSS1,3008,8034
rna,2158,PRSS12,3008,8034
rna,2159,PRSS16,3008,8034
rna,2160,PRSS21,3008,8034
rna,2161,PRSS22,3008,8034
rna,2162,PRSS3,3008,8034
rna,2163,PRSS33,3008,8034
rna,2164,PRSS35,3008,8034
rna,2165,PRSS50,3008,8034
rna,2166,PRSS8,3008,8034
rna,2167,PRTG,3008,8034
rna,2168,PRUNE2,3008,8034
rna,2169,PSAPL1,3008,8034
rna,2170,PSAT1,3008,8034
rna,2171,PSCA,3008,8034
rna,2172,PSD,3008,8034
rna,2173,PSD2,3008,8034
rna,2174,PSORS1C2,3008,8034
rna,2175,PTCHD1,3008,8034
rna,2176,PTCHD2,3008,8034
rna,2177,PTGDS,3008,8034
rna,2178,PTGER3,3008,8034
rna,2179,PTGES,3008,8034
rna,2180,PTGFR,3008,8034
rna,2181,PTGIS,3008,8034
rna,2182,PTGS2,3008,8034
rna,2183,PTH1R,3008,8034
rna,2184,PTH2R,3008,8034
rna,2185,PTHLH,3008,8034
rna,2186,PTK6,3008,8034
rna,2187,PTN,3008,8034
rna,2188,PTPN5,3008,8034
rna,2189,PTPRD,3008,8034
rna,2190,PTPRH,3008,8034
rna,2191,PTPRN,3008,8034
rna,2192,PTPRN2,3008,8034
rna,2193,PTPRR,3008,8034
rna,2194,PTPRT,3008,8034
rna,2195,PTPRZ1,3008,8034
rna,2196,PTX3,3008,8034
rna,2197,PVALB,3008,8034
rna,2198,PVRL4,3008,8034
rna,2199,PYGM,3008,8034
rna,2200,QPRT,3008,8034
rna,2201,QRFPR,3008,8034
rna,2202,RAB17,3008,8034
rna,2203,RAB25,3008,8034
rna,2204,RAB27B,3008,8034
rna,2205,RAB38,3008,8034
rna,2206,RAB3B,3008,8034
rna,2207,RAET1L,3008,8034
rna,2208,RALYL,3008,8034
rna,2209,RAMP1,3008,8034
rna,2210,RANBP3L,3008,8034
rna,2211,RARRES1,3008,8034
rna,2212,RARRES2,3008,8034
rna,2213,RASAL1,3008,8034
rna,2214,RASD1,3008,8034
rna,2215,RASEF,3008,8034
rna,2216,RASGEF1C,3008,8034
rna,2217,RASGRF1,3008,8034
rna,2218,RASSF10,3008,8034
rna,2219,RASSF6,3008,8034
rna,2220,RASSF9,3008,8034
rna,2221,RBM24,3008,8034
rna,2222,RBP1,3008,8034
rna,2223,RBP4,3008,8034
rna,2224,RBP5,3008,8034
rna,2225,RCOR2,3008,8034
rna,2226,RDH16,3008,8034
rna,2227,REEP1,3008,8034
rna,2228,REEP2,3008,8034
rna,2229,REEP6,3008,8034
rna,2230,REG1A,3008,8034
rna,2231,REG1B,3008,8034
rna,2232,REG3A,3008,8034
rna,2233,REG4,3008,8034
rna,2234,RELN,3008,8034
rna,2235,REN,3008,8034
rna,2236,RERG,3008,8034
rna,2237,RERGL,3008,8034
rna,2238,RET,3008,8034
rna,2239,RFX4,3008,8034
rna,2240,RGL3,3008,8034
rna,2241,RGMA,3008,8034
rna,2242,RGN,3008,8034
rna,2243,RGS11,3008,8034
rna,2244,RGS20,3008,8034
rna,2245,RGS22,3008,8034
rna,2246,RGS6,3008,8034
rna,2247,RGS7,3008,8034
rna,2248,RGS7BP,3008,8034
rna,2249,RHBDL3,3008,8034
rna,2250,RHBG,3008,8034
rna,2251,RHCG,3008,8034
rna,2252,RHOD,3008,8034
rna,2253,RHOV,3008,8034
rna,2254,RIC3,3008,8034
rna,2255,RIMBP2,3008,8034
rna,2256,RIMKLA,3008,8034
rna,2257,RIMS1,3008,8034
rna,2258,RIMS2,3008,8034
rna,2259,RIMS4,3008,8034
rna,2260,RIPK4,3008,8034
rna,2261,RLBP1,3008,8034
rna,2262,RMST,3008,8034
rna,2263,RNASE7,3008,8034
rna,2264,RND2,3008,8034
rna,2265,RNF112,3008,8034
rna,2266,RNF128,3008,8034
rna,2267,RNF150,3008,8034
rna,2268,RNF165,3008,8034
rna,2269,RNF180,3008,8034
rna,2270,RNF182,3008,8034
rna,2271,RNF183,3008,8034
rna,2272,RNF186,3008,8034
rna,2273,RNF212,3008,8034
rna,2274,RNF43,3008,8034
rna,2275,ROBO2,3008,8034
rna,2276,ROPN1B,3008,8034
rna,2277,ROR2,3008,8034
rna,2278,RORB,3008,8034
rna,2279,RORC,3008,8034
rna,2280,ROS1,3008,8034
rna,2281,RPH3A,3008,8034
rna,2282,RPRM,3008,8034
rna,2283,RPS28,3008,8034
rna,2284,RPS4Y1,3008,8034
rna,2285,RPS6KA6,3008,8034
rna,2286,RPTN,3008,8034
rna,2287,RRAD,3008,8034
rna,2288,RRM2,3008,8034
rna,2289,RSPH1,3008,8034
rna,2290,RSPO1,3008,8034
rna,2291,RSPO2,3008,8034
rna,2292,RSPO3,3008,8034
rna,2293,RSPO4,3008,8034
rna,2294,RTBDN,3008,8034
rna,2295,RTN1,3008,8034
rna,2296,RTN4RL1,3008,8034
rna,2297,RUNDC3A,3008,8034
rna,2298,RXRG,3008,8034
rna,2299,RYR1,3008,8034
rna,2300,RYR2,3008,8034
rna,2301,S100A1,3008,8034
rna,2302,S100A12,3008,8034
rna,2303,S100A14,3008,8034
rna,2304,S100A2,3008,8034
rna,2305,S100A7,3008,8034
rna,2306,S100A7A,3008,8034
rna,2307,S100A8,3008,8034
rna,2308,S100A9,3008,8034
rna,2309,S100B,3008,8034
rna,2310,S100P,3008,8034
rna,2311,SAA1,3008,8034
rna,2312,SAA2,3008,8034
rna,2313,SAA4,3008,8034
rna,2314,SALL1,3008,8034
rna,2315,SALL3,3008,8034
rna,2316,SALL4,3008,8034
rna,2317,SAMD11,3008,8034
rna,2318,SAMD12,3008,8034
rna,2319,SAMD5,3008,8034
rna,2320,SBSN,3008,8034
rna,2321,SCARA5,3008,8034
rna,2322,SCD5,3008,8034
rna,2323,SCEL,3008,8034
rna,2324,SCG2,3008,8034
rna,2325,SCG3,3008,8034
rna,2326,SCG5,3008,8034
rna,2327,SCGB1A1,3008,8034
rna,2328,SCGB1D2,3008,8034
rna,2329,SCGB2A1,3008,8034
rna,2330,SCGB2A2,3008,8034
rna,2331,SCGB3A1,3008,8034
rna,2332,SCGB3A2,3008,8034
rna,2333,SCGN,3008,8034
rna,2334,SCIN,3008,8034
rna,2335,SCN1A,3008,8034
rna,2336,SCN2A,3008,8034
rna,2337,SCN2B,3008,8034
rna,2338,SCN3A,3008,8034
rna,2339,SCN3B,3008,8034
rna,2340,SCN4A,3008,8034
rna,2341,SCN4B,3008,8034
rna,2342,SCN7A,3008,8034
rna,2343,SCN9A,3008,8034
rna,2344,SCNN1A,3008,8034
rna,2345,SCNN1B,3008,8034
rna,2346,SCNN1G,3008,8034
rna,2347,SCRG1,3008,8034
rna,2348,SCRT1,3008,8034
rna,2349,SCTR,3008,8034
rna,2350,SCUBE1,3008,8034
rna,2351,SCUBE2,3008,8034
rna,2352,SCUBE3,3008,8034
rna,2353,SDC1,3008,8034
rna,2354,SDK1,3008,8034
rna,2355,SDK2,3008,8034
rna,2356,SDR16C5,3008,8034
rna,2357,SDR42E1,3008,8034
rna,2358,SDS,3008,8034
rna,2359,SEC14L4,3008,8034
rna,2360,SELE,3008,8034
rna,2361,SELENBP1,3008,8034
rna,2362,SELP,3008,8034
rna,2363,SEMA3A,3008,8034
rna,2364,SEMA3C,3008,8034
rna,2365,SEMA3D,3008,8034
rna,2366,SEMA3E,3008,8034
rna,2367,SEMA5B,3008,8034
rna,2368,SERINC2,3008,8034
rna,2369,SERPINA1,3008,8034
rna,2370,SERPINA10,3008,8034
rna,2371,SERPINA11,3008,8034
rna,2372,SERPINA3,3008,8034
rna,2373,SERPINA4,3008,8034
rna,2374,SERPINA5,3008,8034
rna,2375,SERPINA6,3008,8034
rna,2376,SERPINA7,3008,8034
rna,2377,SERPINB11,3008,8034
rna,2378,SERPINB13,3008,8034
rna,2379,SERPINB2,3008,8034
rna,2380,SERPINB3,3008,8034
rna,2381,SERPINB4,3008,8034
rna,2382,SERPINB5,3008,8034
rna,2383,SERPINB7,3008,8034
rna,2384,SERPINC1,3008,8034
rna,2385,SERPIND1,3008,8034
rna,2386,SERPINE1,3008,8034
rna,2387,SERPINE2,3008,8034
rna,2388,SERPINF2,3008,8034
rna,2389,SERTAD4,3008,8034
rna,2390,SEZ6,3008,8034
rna,2391,SEZ6L,3008,8034
rna,2392,SEZ6L2,3008,8034
rna,2393,SFN,3008,8034
rna,2394,SFRP1,3008,8034
rna,2395,SFRP2,3008,8034
rna,2396,SFRP4,3008,8034
rna,2397,SFRP5,3008,8034
rna,2398,SFTA1P,3008,8034
rna,2399,SFTA2,3008,8034
rna,2400,SFTA3,3008,8034
rna,2401,SFTPA1,3008,8034
rna,2402,SFTPA2,3008,8034
rna,2403,SFTPB,3008,8034
rna,2404,SFTPC,3008,8034
rna,2405,SFTPD,3008,8034
rna,2406,SGCA,3008,8034
rna,2407,SGCD,3008,8034
rna,2408,SGK2,3008,8034
rna,2409,SGPP2,3008,8034
rna,2410,SGSM1,3008,8034
rna,2411,SH2D3A,3008,8034
rna,2412,SH2D5,3008,8034
rna,2413,SH3GL2,3008,8034
rna,2414,SH3GL3,3008,8034
rna,2415,SH3RF2,3008,8034
rna,2416,SHANK1,3008,8034
rna,2417,SHANK2,3008,8034
rna,2418,SHC4,3008,8034
rna,2419,SHD,3008,8034
rna,2420,SHH,3008,8034
rna,2421,SHISA2,3008,8034
rna,2422,SHISA3,3008,8034
rna,2423,SHISA7,3008,8034
rna,2424,SHISA9,3008,8034
rna,2425,SHOX2,3008,8034
rna,2426,SHROOM3,3008,8034
rna,2427,SI,3008,8034
rna,2428,SIGLEC8,3008,8034
rna,2429,SIM1,3008,8034
rna,2430,SIX1,3008,8034
rna,2431,SIX2,3008,8034
rna,2432,SIX4,3008,8034
rna,2433,SKAP1,3008,8034
rna,2434,SLAIN1,3008,8034
rna,2435,SLAMF7,3008,8034
rna,2436,SLC10A1,3008,8034
rna,2437,SLC12A1,3008,8034
rna,2438,SLC13A1,3008,8034
rna,2439,SLC13A2,3008,8034
rna,2440,SLC13A3,3008,8034
rna,2441,SLC13A5,3008,8034
rna,2442,SLC14A1,3008,8034
rna,2443,SLC15A1,3008,8034
rna,2444,SLC15A2,3008,8034
rna,2445,SLC16A11,3008,8034
rna,2446,SLC16A12,3008,8034
rna,2447,SLC16A4,3008,8034
rna,2448,SLC16A9,3008,8034
rna,2449,SLC17A1,3008,8034
rna,2450,SLC17A2,3008,8034
rna,2451,SLC17A3,3008,8034
rna,2452,SLC17A4,3008,8034
rna,2453,SLC17A7,3008,8034
rna,2454,SLC19A3,3008,8034
rna,2455,SLC1A1,3008,8034
rna,2456,SLC1A2,3008,8034
rna,2457,SLC1A3,3008,8034
rna,2458,SLC1A6,3008,8034
rna,2459,SLC1A7,3008,8034
rna,2460,SLC22A1,3008,8034
rna,2461,SLC22A11,3008,8034
rna,2462,SLC22A12,3008,8034
rna,2463,SLC22A17,3008,8034
rna,2464,SLC22A2,3008,8034
rna,2465,SLC22A3,3008,8034
rna,2466,SLC22A6,3008,8034
rna,2467,SLC22A7,3008,8034
rna,2468,SLC23A1,3008,8034
rna,2469,SLC24A3,3008,8034
rna,2470,SLC24A5,3008,8034
rna,2471,SLC25A18,3008,8034
rna,2472,SLC26A3,3008,8034
rna,2473,SLC26A4,3008,8034
rna,2474,SLC26A7,3008,8034
rna,2475,SLC26A9,3008,8034
rna,2476,SLC27A2,3008,8034
rna,2477,SLC27A6,3008,8034
rna,2478,SLC28A1,3008,8034
rna,2479,SLC28A3,3008,8034
rna,2480,SLC29A4,3008,8034
rna,2481,SLC2A2,3008,8034
rna,2482,SLC2A5,3008,8034
rna,2483,SLC30A10,3008,8034
rna,2484,SLC30A2,3008,8034
rna,2485,SLC30A8,3008,8034
rna,2486,SLC34A2,3008,8034
rna,2487,SLC35F1,3008,8034
rna,2488,SLC35F3,3008,8034
rna,2489,SLC38A11,3008,8034
rna,2490,SLC38A3,3008,8034
rna,2491,SLC38A4,3008,8034
rna,2492,SLC38A5,3008,8034
rna,2493,SLC39A2,3008,8034
rna,2494,SLC39A5,3008,8034
rna,2495,SLC3A1,3008,8034
rna,2496,SLC44A4,3008,8034
rna,2497,SLC44A5,3008,8034
rna,2498,SLC45A2,3008,8034
rna,2499,SLC45A3,3008,8034
rna,2500,SLC47A1,3008,8034
rna,2501,SLC47A2,3008,8034
rna,2502,SLC4A1,3008,8034
rna,2503,SLC4A10,3008,8034
rna,2504,SLC4A11,3008,8034
rna,2505,SLC4A3,3008,8034
rna,2506,SLC4A4,3008,8034
rna,2507,SLC4A8,3008,8034
rna,2508,SLC5A1,3008,8034
rna,2509,SLC5A10,3008,8034
rna,2510,SLC5A12,3008,8034
rna,2511,SLC5A5,3008,8034
rna,2512,SLC5A8,3008,8034
rna,2513,SLC5A9,3008,8034
rna,2514,SLC6A1,3008,8034
rna,2515,SLC6A11,3008,8034
rna,2516,SLC6A12,3008,8034
rna,2517,SLC6A13,3008,8034
rna,2518,SLC6A14,3008,8034
rna,2519,SLC6A15,3008,8034
rna,2520,SLC6A17,3008,8034
rna,2521,SLC6A19,3008,8034
rna,2522,SLC6A2,3008,8034
rna,2523,SLC6A20,3008,8034
rna,2524,SLC6A3,3008,8034
rna,2525,SLC6A4,3008,8034
rna,2526,SLC7A10,3008,8034
rna,2527,SLC7A11,3008,8034
rna,2528,SLC7A14,3008,8034
rna,2529,SLC7A2,3008,8034
rna,2530,SLC7A3,3008,8034
rna,2531,SLC7A4,3008,8034
rna,2532,SLC7A9,3008,8034
rna,2533,SLC8A2,3008,8034
rna,2534,SLC8A3,3008,8034
rna,2535,SLC9A2,3008,8034
rna,2536,SLC9A3,3008,8034
rna,2537,SLC9A4,3008,8034
rna,2538,SLCO1A2,3008,8034
rna,2539,SLCO1B1,3008,8034
rna,2540,SLCO1B3,3008,8034
rna,2541,SLCO4A1,3008,8034
rna,2542,SLCO4C1,3008,8034
rna,2543,SLIT1,3008,8034
rna,2544,SLIT2,3008,8034
rna,2545,SLIT3,3008,8034
rna,2546,SLITRK1,3008,8034
rna,2547,SLITRK2,3008,8034
rna,2548,SLITRK3,3008,8034
rna,2549,SLITRK4,3008,8034
rna,2550,SLITRK5,3008,8034
rna,2551,SLITRK6,3008,8034
rna,2552,SLN,3008,8034
rna,2553,SLPI,3008,8034
rna,2554,SLURP1,3008,8034
rna,2555,SMAD9,3008,8034
rna,2556,SMC1B,3008,8034
rna,2557,SMOC1,3008,8034
rna,2558,SMOC2,3008,8034
rna,2559,SMPDL3B,3008,8034
rna,2560,SMTNL2,3008,8034
rna,2561,SMYD1,3008,8034
rna,2562,SNAP25,3008,8034
rna,2563,SNAP91,3008,8034
rna,2564,SNCA,3008,8034
rna,2565,SNCB,3008,8034
rna,2566,SNCG,3008,8034
rna,2567,SNORD116-4,3008,8034
rna,2568,SNTN,3008,8034
rna,2569,SNURF,3008,8034
rna,2570,SNX31,3008,8034
rna,2571,SOD3,3008,8034
rna,2572,SOHLH2,3008,8034
rna,2573,SORBS2,3008,8034
rna,2574,SORCS1,3008,8034
rna,2575,SORCS2,3008,8034
rna,2576,SORCS3,3008,8034
rna,2577,SOSTDC1,3008,8034
rna,2578,SOX1,3008,8034
rna,2579,SOX10,3008,8034
rna,2580,SOX11,3008,8034
rna,2581,SOX15,3008,8034
rna,2582,SOX17,3008,8034
rna,2583,SOX2,3008,8034
rna,2584,SOX21,3008,8034
rna,2585,SOX6,3008,8034
rna,2586,SOX8,3008,8034
rna,2587,SOX9,3008,8034
rna,2588,SP5,3008,8034
rna,2589,SP8,3008,8034
rna,2590,SPAG17,3008,8034
rna,2591,SPAG6,3008,8034
rna,2592,SPARCL1,3008,8034
rna,2593,SPDEF,3008,8034
rna,2594,SPEF1,3008,8034
rna,2595,SPEG,3008,8034
rna,2596,SPESP1,3008,8034
rna,2597,SPHKAP,3008,8034
rna,2598,SPIB,3008,8034
rna,2599,SPINK1,3008,8034
rna,2600,SPINK4,3008,8034
rna,2601,SPINK5,3008,8034
rna,2602,SPINT1,3008,8034
rna,2603,SPINT2,3008,8034
rna,2604,SPOCD1,3008,8034
rna,2605,SPOCK1,3008,8034
rna,2606,SPOCK3,3008,8034
rna,2607,SPON1,3008,8034
rna,2608,SPON2,3008,8034
rna,2609,SPP1,3008,8034
rna,2610,SPP2,3008,8034
rna,2611,SPRR1A,3008,8034
rna,2612,SPRR1B,3008,8034
rna,2613,SPRR2A,3008,8034
rna,2614,SPRR2B,3008,8034
rna,2615,SPRR2C,3008,8034
rna,2616,SPRR2D,3008,8034
rna,2617,SPRR2E,3008,8034
rna,2618,SPRR2F,3008,8034
rna,2619,SPRR2G,3008,8034
rna,2620,SPRR3,3008,8034
rna,2621,SPSB4,3008,8034
rna,2622,SPTBN2,3008,8034
rna,2623,SPTBN4,3008,8034
rna,2624,SRD5A2,3008,8034
rna,2625,SRPK3,3008,8034
rna,2626,SRPX,3008,8034
rna,2627,SRPX2,3008,8034
rna,2628,SRRM4,3008,8034
rna,2629,SST,3008,8034
rna,2630,SSTR1,3008,8034
rna,2631,SSX1,3008,8034
rna,2632,ST14,3008,8034
rna,2633,ST18,3008,8034
rna,2634,ST6GAL2,3008,8034
rna,2635,ST6GALNAC1,3008,8034
rna,2636,ST6GALNAC2,3008,8034
rna,2637,ST6GALNAC5,3008,8034
rna,2638,ST8SIA2,3008,8034
rna,2639,ST8SIA3,3008,8034
rna,2640,ST8SIA6,3008,8034
rna,2641,STAC,3008,8034
rna,2642,STAC2,3008,8034
rna,2643,STAP1,3008,8034
rna,2644,STAR,3008,8034
rna,2645,STC1,3008,8034
rna,2646,STC2,3008,8034
rna,2647,STEAP1,3008,8034
rna,2648,STEAP2,3008,8034
rna,2649,STEAP4,3008,8034
rna,2650,STK31,3008,8034
rna,2651,STK32A,3008,8034
rna,2652,STK32B,3008,8034
rna,2653,STK33,3008,8034
rna,2654,STMN2,3008,8034
rna,2655,STMN4,3008,8034
rna,2656,STRA6,3008,8034
rna,2657,STX19,3008,8034
rna,2658,STXBP5L,3008,8034
rna,2659,STXBP6,3008,8034
rna,2660,STYK1,3008,8034
rna,2661,SULF1,3008,8034
rna,2662,SULT1B1,3008,8034
rna,2663,SULT1C2,3008,8034
rna,2664,SULT1C4,3008,8034
rna,2665,SULT1E1,3008,8034
rna,2666,SULT2A1,3008,8034
rna,2667,SULT2B1,3008,8034
rna,2668,SULT4A1,3008,8034
rna,2669,SUSD4,3008,8034
rna,2670,SV2A,3008,8034
rna,2671,SV2B,3008,8034
rna,2672,SVOP,3008,8034
rna,2673,SVOPL,3008,8034
rna,2674,SYBU,3008,8034
rna,2675,SYCE1,3008,8034
rna,2676,SYCP2,3008,8034
rna,2677,SYN1,3008,8034
rna,2678,SYN2,3008,8034
rna,2679,SYNGR3,3008,8034
rna,2680,SYNM,3008,8034
rna,2681,SYNPO2,3008,8034
rna,2682,SYNPR,3008,8034
rna,2683,SYP,3008,8034
rna,2684,SYT1,3008,8034
rna,2685,SYT12,3008,8034
rna,2686,SYT13,3008,8034
rna,2687,SYT14,3008,8034
rna,2688,SYT3,3008,8034
rna,2689,SYT4,3008,8034
rna,2690,SYT5,3008,8034
rna,2691,SYT6,3008,8034
rna,2692,SYT7,3008,8034
rna,2693,SYT8,3008,8034
rna,2694,SYT9,3008,8034
rna,2695,SYTL1,3008,8034
rna,2696,SYTL5,3008,8034
rna,2697,TAC1,3008,8034
rna,2698,TACSTD2,3008,8034
rna,2699,TAGLN3,3008,8034
rna,2700,TAT,3008,8034
rna,2701,TBC1D3G,3008,8034
rna,2702,TBX1,3008,8034
rna,2703,TBX15,3008,8034
rna,2704,TBX18,3008,8034
rna,2705,TBX3,3008,8034
rna,2706,TBX4,3008,8034
rna,2707,TBX5,3008,8034
rna,2708,TC2N,3008,8034
rna,2709,TCAM1P,3008,8034
rna,2710,TCEAL2,3008,8034
rna,2711,TCEAL5,3008,8034
rna,2712,TCERG1L,3008,8034
rna,2713,TCF21,3008,8034
rna,2714,TCL1A,3008,8034
rna,2715,TCN1,3008,8034
rna,2716,TDGF1,3008,8034
rna,2717,TDO2,3008,8034
rna,2718,TDRD1,3008,8034
rna,2719,TDRD5,3008,8034
rna,2720,TDRD9,3008,8034
rna,2721,TEKT2,3008,8034
rna,2722,TESC,3008,8034
rna,2723,TEX15,3008,8034
rna,2724,TF,3008,8034
rna,2725,TFAP2A,3008,8034
rna,2726,TFAP2B,3008,8034
rna,2727,TFAP2C,3008,8034
rna,2728,TFCP2L1,3008,8034
rna,2729,TFF1,3008,8034
rna,2730,TFF2,3008,8034
rna,2731,TFF3,3008,8034
rna,2732,TFPI2,3008,8034
rna,2733,TFR2,3008,8034
rna,2734,TG,3008,8034
rna,2735,TGFA,3008,8034
rna,2736,TGM1,3008,8034
rna,2737,TGM3,3008,8034
rna,2738,TGM5,3008,8034
rna,2739,TH,3008,8034
rna,2740,THBS1,3008,8034
rna,2741,THBS2,3008,8034
rna,2742,THBS4,3008,8034
rna,2743,THPO,3008,8034
rna,2744,THRSP,3008,8034
rna,2745,THSD4,3008,8034
rna,2746,THSD7B,3008,8034
rna,2747,TIMD4,3008,8034
rna,2748,TIMP4,3008,8034
rna,2749,TINAG,3008,8034
rna,2750,TJP3,3008,8034
rna,2751,TKTL1,3008,8034
rna,2752,TLX1,3008,8034
rna,2753,TM4SF19,3008,8034
rna,2754,TM4SF20,3008,8034
rna,2755,TM4SF4,3008,8034
rna,2756,TM4SF5,3008,8034
rna,2757,TMC4,3008,8034
rna,2758,TMC5,3008,8034
rna,2759,TMED7-TICAM2,3008,8034
rna,2760,TMEFF2,3008,8034
rna,2761,TMEM100,3008,8034
rna,2762,TMEM108,3008,8034
rna,2763,TMEM125,3008,8034
rna,2764,TMEM130,3008,8034
rna,2765,TMEM132B,3008,8034
rna,2766,TMEM132C,3008,8034
rna,2767,TMEM132D,3008,8034
rna,2768,TMEM132E,3008,8034
rna,2769,TMEM139,3008,8034
rna,2770,TMEM145,3008,8034
rna,2771,TMEM150B,3008,8034
rna,2772,TMEM151A,3008,8034
rna,2773,TMEM163,3008,8034
rna,2774,TMEM171,3008,8034
rna,2775,TMEM176A,3008,8034
rna,2776,TMEM184A,3008,8034
rna,2777,TMEM213,3008,8034
rna,2778,TMEM215,3008,8034
rna,2779,TMEM27,3008,8034
rna,2780,TMEM30B,3008,8034
rna,2781,TMEM35,3008,8034
rna,2782,TMEM40,3008,8034
rna,2783,TMEM45B,3008,8034
rna,2784,TMEM59L,3008,8034
rna,2785,TMEM61,3008,8034
rna,2786,TMEM63C,3008,8034
rna,2787,TMEM82,3008,8034
rna,2788,TMEM92,3008,8034
rna,2789,TMPRSS11A,3008,8034
rna,2790,TMPRSS11D,3008,8034
rna,2791,TMPRSS13,3008,8034
rna,2792,TMPRSS2,3008,8034
rna,2793,TMPRSS3,3008,8034
rna,2794,TMPRSS4,3008,8034
rna,2795,TMPRSS6,3008,8034
rna,2796,TMSB15A,3008,8034
rna,2797,TMSB4Y,3008,8034
rna,2798,TNC,3008,8034
rna,2799,TNFAIP6,3008,8034
rna,2800,TNFRSF11B,3008,8034
rna,2801,TNFRSF17,3008,8034
rna,2802,TNFRSF18,3008,8034
rna,2803,TNFSF11,3008,8034
rna,2804,TNFSF12-TNFSF13,3008,8034
rna,2805,TNN,3008,8034
rna,2806,TNNC1,3008,8034
rna,2807,TNNC2,3008,8034
rna,2808,TNNI1,3008,8034
rna,2809,TNNI2,3008,8034
rna,2810,TNNI3,3008,8034
rna,2811,TNNT1,3008,8034
rna,2812,TNNT2,3008,8034
rna,2813,TNNT3,3008,8034
rna,2814,TNR,3008,8034
rna,2815,TNS4,3008,8034
rna,2816,TOP2A,3008,8034
rna,2817,TOX3,3008,8034
rna,2818,TP53AIP1,3008,8034
rna,2819,TP63,3008,8034
rna,2820,TP73,3008,8034
rna,2821,TPO,3008,8034
rna,2822,TPRG1,3008,8034
rna,2823,TPRXL,3008,8034
rna,2824,TPSAB1,3008,8034
rna,2825,TPSB2,3008,8034
rna,2826,TPSD1,3008,8034
rna,2827,TRDN,3008,8034
rna,2828,TREM1,3008,8034
rna,2829,TRH,3008,8034
rna,2830,TRHDE,3008,8034
rna,2831,TRIM10,3008,8034
rna,2832,TRIM15,3008,8034
rna,2833,TRIM29,3008,8034
rna,2834,TRIM31,3008,8034
rna,2835,TRIM54,3008,8034
rna,2836,TRIM55,3008,8034
rna,2837,TRIM58,3008,8034
rna,2838,TRIM63,3008,8034
rna,2839,TRIM9,3008,8034
rna,2840,TROAP,3008,8034
rna,2841,TRPA1,3008,8034
rna,2842,TRPM1,3008,8034
rna,2843,TRPM3,3008,8034
rna,2844,TRPM8,3008,8034
rna,2845,TRPV4,3008,8034
rna,2846,TRPV6,3008,8034
rna,2847,TSHR,3008,8034
rna,2848,TSIX,3008,8034
rna,2849,TSPAN1,3008,8034
rna,2850,TSPAN10,3008,8034
rna,2851,TSPAN12,3008,8034
rna,2852,TSPAN7,3008,8034
rna,2853,TSPAN8,3008,8034
rna,2854,TTBK1,3008,8034
rna,2855,TTC22,3008,8034
rna,2856,TTC39A,3008,8034
rna,2857,TTLL6,3008,8034
rna,2858,TTPA,3008,8034
rna,2859,TTR,3008,8034
rna,2860,TTTY15,3008,8034
rna,2861,TTYH1,3008,8034
rna,2862,TUB,3008,8034
rna,2863,TUBA3D,3008,8034
rna,2864,TUBB2B,3008,8034
rna,2865,TUBBP5,3008,8034
rna,2866,TUSC5,3008,8034
rna,2867,TWIST1,3008,8034
rna,2868,TYR,3008,8034
rna,2869,TYRP1,3008,8034
rna,2870,UBD,3008,8034
rna,2871,UBE2C,3008,8034
rna,2872,UBE2QL1,3008,8034
rna,2873,UBXN10,3008,8034
rna,2874,UCA1,3008,8034
rna,2875,UCHL1,3008,8034
rna,2876,UCN2,3008,8034
rna,2877,UGT1A1,3008,8034
rna,2878,UGT1A10,3008,8034
rna,2879,UGT1A3,3008,8034
rna,2880,UGT1A4,3008,8034
rna,2881,UGT1A6,3008,8034
rna,2882,UGT1A7,3008,8034
rna,2883,UGT1A8,3008,8034
rna,2884,UGT1A9,3008,8034
rna,2885,UGT2A3,3008,8034
rna,2886,UGT2B10,3008,8034
rna,2887,UGT2B11,3008,8034
rna,2888,UGT2B15,3008,8034
rna,2889,UGT2B4,3008,8034
rna,2890,UGT2B7,3008,8034
rna,2891,UGT3A1,3008,8034
rna,2892,UGT3A2,3008,8034
rna,2893,UGT8,3008,8034
rna,2894,ULBP2,3008,8034
rna,2895,UMOD,3008,8034
rna,2896,UMODL1,3008,8034
rna,2897,UNC13A,3008,8034
rna,2898,UNC5A,3008,8034
rna,2899,UNC5C,3008,8034
rna,2900,UNC5CL,3008,8034
rna,2901,UNC5D,3008,8034
rna,2902,UNC80,3008,8034
rna,2903,UNC93A,3008,8034
rna,2904,UPB1,3008,8034
rna,2905,UPK1A,3008,8034
rna,2906,UPK1B,3008,8034
rna,2907,UPK2,3008,8034
rna,2908,UPK3A,3008,8034
rna,2909,UPK3B,3008,8034
rna,2910,USH1C,3008,8034
rna,2911,USH1G,3008,8034
rna,2912,USP9Y,3008,8034
rna,2913,UTY,3008,8034
rna,2914,VANGL2,3008,8034
rna,2915,VAT1L,3008,8034
rna,2916,VAV3,3008,8034
rna,2917,VAX2,3008,8034
rna,2918,VCAM1,3008,8034
rna,2919,VCAN,3008,8034
rna,2920,VEPH1,3008,8034
rna,2921,VGF,3008,8034
rna,2922,VGLL1,3008,8034
rna,2923,VGLL3,3008,8034
rna,2924,VIL1,3008,8034
rna,2925,VIPR1,3008,8034
rna,2926,VIPR2,3008,8034
rna,2927,VIT,3008,8034
rna,2928,VNN1,3008,8034
rna,2929,VNN3,3008,8034
rna,2930,VSIG1,3008,8034
rna,2931,VSIG2,3008,8034
rna,2932,VSNL1,3008,8034
rna,2933,VSTM2A,3008,8034
rna,2934,VSTM2L,3008,8034
rna,2935,VTCN1,3008,8034
rna,2936,VTN,3008,8034
rna,2937,VWA2,3008,8034
rna,2938,VWA3A,3008,8034
rna,2939,VWA5B2,3008,8034
rna,2940,VWCE,3008,8034
rna,2941,VWDE,3008,8034
rna,2942,WBSCR17,3008,8034
rna,2943,WDR17,3008,8034
rna,2944,WDR49,3008,8034
rna,2945,WDR66,3008,8034
rna,2946,WDR72,3008,8034
rna,2947,WDR86,3008,8034
rna,2948,WFDC2,3008,8034
rna,2949,WFDC5,3008,8034
rna,2950,WIF1,3008,8034
rna,2951,WISP1,3008,8034
rna,2952,WISP2,3008,8034
rna,2953,WISP3,3008,8034
rna,2954,WNK2,3008,8034
rna,2955,WNK4,3008,8034
rna,2956,WNT10A,3008,8034
rna,2957,WNT11,3008,8034
rna,2958,WNT2,3008,8034
rna,2959,WNT3A,3008,8034
rna,2960,WNT4,3008,8034
rna,2961,WNT5A,3008,8034
rna,2962,WNT7A,3008,8034
rna,2963,WNT7B,3008,8034
rna,2964,WSCD1,3008,8034
rna,2965,WSCD2,3008,8034
rna,2966,WT1,3008,8034
rna,2967,XDH,3008,8034
rna,2968,XG,3008,8034
rna,2969,XIRP1,3008,8034
rna,2970,XIST,3008,8034
rna,2971,XK,3008,8034
rna,2972,XPNPEP2,3008,8034
rna,2973,YBX2,3008,8034
rna,2974,ZBED2,3008,8034
rna,2975,ZBTB16,3008,8034
rna,2976,ZBTB7C,3008,8034
rna,2977,ZCCHC12,3008,8034
rna,2978,ZDHHC15,3008,8034
rna,2979,ZDHHC22,3008,8034
rna,2980,ZDHHC8P1,3008,8034
rna,2981,ZFHX4,3008,8034
rna,2982,ZFP57,3008,8034
rna,2983,ZFR2,3008,8034
rna,2984,ZFY,3008,8034
rna,2985,ZG16,3008,8034
rna,2986,ZG16B,3008,8034
rna,2987,ZIC1,3008,8034
rna,2988,ZIC2,3008,8034
rna,2989,ZIC4,3008,8034
rna,2990,ZIC5,3008,8034
rna,2991,ZMAT4,3008,8034
rna,2992,ZMYND10,3008,8034
rna,2993,ZNF114,3008,8034
rna,2994,ZNF208,3008,8034
rna,2995,ZNF229,3008,8034
rna,2996,ZNF334,3008,8034
rna,2997,ZNF365,3008,8034
rna,2998,ZNF385B,3008,8034
rna,2999,ZNF486,3008,8034
rna,3000,ZNF488,3008,8034
rna,3001,ZNF536,3008,8034
rna,3002,ZNF560,3008,8034
rna,3003,ZNF667,3008,8034
rna,3004,ZNF676,3008,8034
rna,3005,ZNF750,3008,8034
rna,3006,ZNHIT2,3008,8034
rna,3007,ZYG11A,3008,8034
methylation,1,cg00001747,3166,8034
methylation,2,cg00002719,3166,8034
methylation,3,cg00003298,3166,8034
methylation,4,cg00008629,3166,8034
methylation,5,cg00011616,3166,8034
methylation,6,cg00013655,3166,8034
methylation,7,cg00022997,3166,8034
methylation,8,cg00040312,3166,8034
methylation,9,cg00063174,3166,8034
methylation,10,cg00063471,3166,8034
methylation,11,cg00064255,3166,8034
methylation,12,cg00074145,3166,8034
methylation,13,cg00076195,3166,8034
methylation,14,cg00084338,3166,8034
methylation,15,cg00092518,3166,8034
methylation,16,cg00100121,3166,8034
methylation,17,cg00103771,3166,8034
methylation,18,cg00106345,3166,8034
methylation,19,cg00107982,3166,8034
methylation,20,cg00123762,3166,8034
methylation,21,cg00147788,3166,8034
methylation,22,cg00150025,3166,8034
methylation,23,cg00157199,3166,8034
methylation,24,cg00164949,3166,8034
methylation,25,cg00172603,3166,8034
methylation,26,cg00177787,3166,8034
methylation,27,cg00186815,3166,8034
methylation,28,cg00211215,3166,8034
methylation,29,cg00217080,3166,8034
methylation,30,cg00221185,3166,8034
methylation,31,cg00249511,3166,8034
methylation,32,cg00251716,3166,8034
methylation,33,cg00253658,3166,8034
methylation,34,cg00268840,3166,8034
methylation,35,cg00295794,3166,8034
methylation,36,cg00299943,3166,8034
methylation,37,cg00334063,3166,8034
methylation,38,cg00343633,3166,8034
methylation,39,cg00347563,3166,8034
methylation,40,cg00347757,3166,8034
methylation,41,cg00366413,3166,8034
methylation,42,cg00370106,3166,8034
methylation,43,cg00370229,3166,8034
methylation,44,cg00377344,3166,8034
methylation,45,cg00396667,3166,8034
methylation,46,cg00399591,3166,8034
methylation,47,cg00400827,3166,8034
methylation,48,cg00405688,3166,8034
methylation,49,cg00423153,3166,8034
methylation,50,cg00428457,3166,8034
methylation,51,cg00430542,3166,8034
methylation,52,cg00431602,3166,8034
methylation,53,cg00446123,3166,8034
methylation,54,cg00450617,3166,8034
methylation,55,cg00450784,3166,8034
methylation,56,cg00459623,3166,8034
methylation,57,cg00467244,3166,8034
methylation,58,cg00482162,3166,8034
methylation,59,cg00490406,3166,8034
methylation,60,cg00494919,3166,8034
methylation,61,cg00495860,3166,8034
methylation,62,cg00498591,3166,8034
methylation,63,cg00513941,3166,8034
methylation,64,cg00557947,3166,8034
methylation,65,cg00582524,3166,8034
methylation,66,cg00582971,3166,8034
methylation,67,cg00584026,3166,8034
methylation,68,cg00610577,3166,8034
methylation,69,cg00611789,3166,8034
methylation,70,cg00627029,3166,8034
methylation,71,cg00650640,3166,8034
methylation,72,cg00655552,3166,8034
methylation,73,cg00660167,3166,8034
methylation,74,cg00661970,3166,8034
methylation,75,cg00663077,3166,8034
methylation,76,cg00674365,3166,8034
methylation,77,cg00674706,3166,8034
methylation,78,cg00680551,3166,8034
methylation,79,cg00683332,3166,8034
methylation,80,cg00685614,3166,8034
methylation,81,cg00697992,3166,8034
methylation,82,cg00713400,3166,8034
methylation,83,cg00714725,3166,8034
methylation,84,cg00722320,3166,8034
methylation,85,cg00723973,3166,8034
methylation,86,cg00735923,3166,8034
methylation,87,cg00744866,3166,8034
methylation,88,cg00750880,3166,8034
methylation,89,cg00768487,3166,8034
methylation,90,cg00778807,3166,8034
methylation,91,cg00793935,3166,8034
methylation,92,cg00802903,3166,8034
methylation,93,cg00806644,3166,8034
methylation,94,cg00807871,3166,8034
methylation,95,cg00813378,3166,8034
methylation,96,cg00817367,3166,8034
methylation,97,cg00839579,3166,8034
methylation,98,cg00842351,3166,8034
methylation,99,cg00857907,3166,8034
methylation,100,cg00891541,3166,8034
methylation,101,cg00892742,3166,8034
methylation,102,cg00904966,3166,8034
methylation,103,cg00907288,3166,8034
methylation,104,cg00907810,3166,8034
methylation,105,cg00910015,3166,8034
methylation,106,cg00925616,3166,8034
methylation,107,cg00931644,3166,8034
methylation,108,cg00939682,3166,8034
methylation,109,cg00944421,3166,8034
methylation,110,cg00963378,3166,8034
methylation,111,cg00970396,3166,8034
methylation,112,cg00981879,3166,8034
methylation,113,cg00983904,3166,8034
methylation,114,cg00991875,3166,8034
methylation,115,cg00995986,3166,8034
methylation,116,cg01019875,3166,8034
methylation,117,cg01020475,3166,8034
methylation,118,cg01021196,3166,8034
methylation,119,cg01030534,3166,8034
methylation,120,cg01058360,3166,8034
methylation,121,cg01072076,3166,8034
methylation,122,cg01074657,3166,8034
methylation,123,cg01089498,3166,8034
methylation,124,cg01089914,3166,8034
methylation,125,cg01096199,3166,8034
methylation,126,cg01104724,3166,8034
methylation,127,cg01109574,3166,8034
methylation,128,cg01128482,3166,8034
methylation,129,cg01135464,3166,8034
methylation,130,cg01140416,3166,8034
methylation,131,cg01142676,3166,8034
methylation,132,cg01152056,3166,8034
methylation,133,cg01156249,3166,8034
methylation,134,cg01159194,3166,8034
methylation,135,cg01163842,3166,8034
methylation,136,cg01178624,3166,8034
methylation,137,cg01189072,3166,8034
methylation,138,cg01207684,3166,8034
methylation,139,cg01221209,3166,8034
methylation,140,cg01227537,3166,8034
methylation,141,cg01232969,3166,8034
methylation,142,cg01235820,3166,8034
methylation,143,cg01246520,3166,8034
methylation,144,cg01252526,3166,8034
methylation,145,cg01263631,3166,8034
methylation,146,cg01263942,3166,8034
methylation,147,cg01268824,3166,8034
methylation,148,cg01288184,3166,8034
methylation,149,cg01301382,3166,8034
methylation,150,cg01303372,3166,8034
methylation,151,cg01306183,3166,8034
methylation,152,cg01307130,3166,8034
methylation,153,cg01308827,3166,8034
methylation,154,cg01316378,3166,8034
methylation,155,cg01331772,3166,8034
methylation,156,cg01336231,3166,8034
methylation,157,cg01336390,3166,8034
methylation,158,cg01377268,3166,8034
methylation,159,cg01381846,3166,8034
methylation,160,cg01405445,3166,8034
methylation,161,cg01413054,3166,8034
methylation,162,cg01414185,3166,8034
methylation,163,cg01414268,3166,8034
methylation,164,cg01423916,3166,8034
methylation,165,cg01445580,3166,8034
methylation,166,cg01493728,3166,8034
methylation,167,cg01509330,3166,8034
methylation,168,cg01515802,3166,8034
methylation,169,cg01517680,3166,8034
methylation,170,cg01518607,3166,8034
methylation,171,cg01518889,3166,8034
methylation,172,cg01532436,3166,8034
methylation,173,cg01538731,3166,8034
methylation,174,cg01540102,3166,8034
methylation,175,cg01543184,3166,8034
methylation,176,cg01561304,3166,8034
methylation,177,cg01573321,3166,8034
methylation,178,cg01610165,3166,8034
methylation,179,cg01620164,3166,8034
methylation,180,cg01623261,3166,8034
methylation,181,cg01642521,3166,8034
methylation,182,cg01671070,3166,8034
methylation,183,cg01680010,3166,8034
methylation,184,cg01682111,3166,8034
methylation,185,cg01688536,3166,8034
methylation,186,cg01696784,3166,8034
methylation,187,cg01697719,3166,8034
methylation,188,cg01719405,3166,8034
methylation,189,cg01735384,3166,8034
methylation,190,cg01736164,3166,8034
methylation,191,cg01738022,3166,8034
methylation,192,cg01742836,3166,8034
methylation,193,cg01749491,3166,8034
methylation,194,cg01751245,3166,8034
methylation,195,cg01754525,3166,8034
methylation,196,cg01760475,3166,8034
methylation,197,cg01764252,3166,8034
methylation,198,cg01765077,3166,8034
methylation,199,cg01765111,3166,8034
methylation,200,cg01774894,3166,8034
methylation,201,cg01779765,3166,8034
methylation,202,cg01783662,3166,8034
methylation,203,cg01793449,3166,8034
methylation,204,cg01799671,3166,8034
methylation,205,cg01804925,3166,8034
methylation,206,cg01806382,3166,8034
methylation,207,cg01817364,3166,8034
methylation,208,cg01824466,3166,8034
methylation,209,cg01828474,3166,8034
methylation,210,cg01851378,3166,8034
methylation,211,cg01878345,3166,8034
methylation,212,cg01889143,3166,8034
methylation,213,cg01890568,3166,8034
methylation,214,cg01891172,3166,8034
methylation,215,cg01893212,3166,8034
methylation,216,cg01896761,3166,8034
methylation,217,cg01898377,3166,8034
methylation,218,cg01901262,3166,8034
methylation,219,cg01913196,3166,8034
methylation,220,cg01916088,3166,8034
methylation,221,cg01919011,3166,8034
methylation,222,cg01940181,3166,8034
methylation,223,cg01961086,3166,8034
methylation,224,cg01963134,3166,8034
methylation,225,cg01963754,3166,8034
methylation,226,cg01965874,3166,8034
methylation,227,cg01969701,3166,8034
methylation,228,cg01972751,3166,8034
methylation,229,cg01973676,3166,8034
methylation,230,cg01979888,3166,8034
methylation,231,cg01984743,3166,8034
methylation,232,cg01992382,3166,8034
methylation,233,cg01996116,3166,8034
methylation,234,cg02011392,3166,8034
methylation,235,cg02013838,3166,8034
methylation,236,cg02017926,3166,8034
methylation,237,cg02025737,3166,8034
methylation,238,cg02027945,3166,8034
methylation,239,cg02032299,3166,8034
methylation,240,cg02048922,3166,8034
methylation,241,cg02081006,3166,8034
methylation,242,cg02081701,3166,8034
methylation,243,cg02085507,3166,8034
methylation,244,cg02090033,3166,8034
methylation,245,cg02090762,3166,8034
methylation,246,cg02101355,3166,8034
methylation,247,cg02119792,3166,8034
methylation,248,cg02121529,3166,8034
methylation,249,cg02152985,3166,8034
methylation,250,cg02159489,3166,8034
methylation,251,cg02164574,3166,8034
methylation,252,cg02202923,3166,8034
methylation,253,cg02213103,3166,8034
methylation,254,cg02225720,3166,8034
methylation,255,cg02227188,3166,8034
methylation,256,cg02235562,3166,8034
methylation,257,cg02245004,3166,8034
methylation,258,cg02246055,3166,8034
methylation,259,cg02253760,3166,8034
methylation,260,cg02256049,3166,8034
methylation,261,cg02261899,3166,8034
methylation,262,cg02268650,3166,8034
methylation,263,cg02276807,3166,8034
methylation,264,cg02281970,3166,8034
methylation,265,cg02285579,3166,8034
methylation,266,cg02286091,3166,8034
methylation,267,cg02296931,3166,8034
methylation,268,cg02297063,3166,8034
methylation,269,cg02300154,3166,8034
methylation,270,cg02320862,3166,8034
methylation,271,cg02344527,3166,8034
methylation,272,cg02346342,3166,8034
methylation,273,cg02346492,3166,8034
methylation,274,cg02381279,3166,8034
methylation,275,cg02383368,3166,8034
methylation,276,cg02384857,3166,8034
methylation,277,cg02387803,3166,8034
methylation,278,cg02389040,3166,8034
methylation,279,cg02391713,3166,8034
methylation,280,cg02401399,3166,8034
methylation,281,cg02407342,3166,8034
methylation,282,cg02415779,3166,8034
methylation,283,cg02423105,3166,8034
methylation,284,cg02423318,3166,8034
methylation,285,cg02460251,3166,8034
methylation,286,cg02467990,3166,8034
methylation,287,cg02477603,3166,8034
methylation,288,cg02486253,3166,8034
methylation,289,cg02486855,3166,8034
methylation,290,cg02503981,3166,8034
methylation,291,cg02519751,3166,8034
methylation,292,cg02523270,3166,8034
methylation,293,cg02534363,3166,8034
methylation,294,cg02535674,3166,8034
methylation,295,cg02571816,3166,8034
methylation,296,cg02574073,3166,8034
methylation,297,cg02578087,3166,8034
methylation,298,cg02582848,3166,8034
methylation,299,cg02583618,3166,8034
methylation,300,cg02621287,3166,8034
methylation,301,cg02622647,3166,8034
methylation,302,cg02629106,3166,8034
methylation,303,cg02632490,3166,8034
methylation,304,cg02637318,3166,8034
methylation,305,cg02639181,3166,8034
methylation,306,cg02644510,3166,8034
methylation,307,cg02650401,3166,8034
methylation,308,cg02653559,3166,8034
methylation,309,cg02657401,3166,8034
methylation,310,cg02670123,3166,8034
methylation,311,cg02686793,3166,8034
methylation,312,cg02707854,3166,8034
methylation,313,cg02716776,3166,8034
methylation,314,cg02734358,3166,8034
methylation,315,cg02734505,3166,8034
methylation,316,cg02740007,3166,8034
methylation,317,cg02748089,3166,8034
methylation,318,cg02749463,3166,8034
methylation,319,cg02758612,3166,8034
methylation,320,cg02762475,3166,8034
methylation,321,cg02768721,3166,8034
methylation,322,cg02772121,3166,8034
methylation,323,cg02783887,3166,8034
methylation,324,cg02791973,3166,8034
methylation,325,cg02793828,3166,8034
methylation,326,cg02798576,3166,8034
methylation,327,cg02803819,3166,8034
methylation,328,cg02837536,3166,8034
methylation,329,cg02840535,3166,8034
methylation,330,cg02864844,3166,8034
methylation,331,cg02886375,3166,8034
methylation,332,cg02899346,3166,8034
methylation,333,cg02925367,3166,8034
methylation,334,cg02963266,3166,8034
methylation,335,cg02970696,3166,8034
methylation,336,cg02970836,3166,8034
methylation,337,cg02973171,3166,8034
methylation,338,cg02989244,3166,8034
methylation,339,cg03014326,3166,8034
methylation,340,cg03030717,3166,8034
methylation,341,cg03044249,3166,8034
methylation,342,cg03048083,3166,8034
methylation,343,cg03048654,3166,8034
methylation,344,cg03051384,3166,8034
methylation,345,cg03062944,3166,8034
methylation,346,cg03064067,3166,8034
methylation,347,cg03065447,3166,8034
methylation,348,cg03070236,3166,8034
methylation,349,cg03078269,3166,8034
methylation,350,cg03079733,3166,8034
methylation,351,cg03103218,3166,8034
methylation,352,cg03113878,3166,8034
methylation,353,cg03117976,3166,8034
methylation,354,cg03119829,3166,8034
methylation,355,cg03120555,3166,8034
methylation,356,cg03126579,3166,8034
methylation,357,cg03126946,3166,8034
methylation,358,cg03132824,3166,8034
methylation,359,cg03140412,3166,8034
methylation,360,cg03146625,3166,8034
methylation,361,cg03149565,3166,8034
methylation,362,cg03161803,3166,8034
methylation,363,cg03163459,3166,8034
methylation,364,cg03178838,3166,8034
methylation,365,cg03184290,3166,8034
methylation,366,cg03192598,3166,8034
methylation,367,cg03202526,3166,8034
methylation,368,cg03224621,3166,8034
methylation,369,cg03225210,3166,8034
methylation,370,cg03232056,3166,8034
methylation,371,cg03232620,3166,8034
methylation,372,cg03233624,3166,8034
methylation,373,cg03238075,3166,8034
methylation,374,cg03239552,3166,8034
methylation,375,cg03257575,3166,8034
methylation,376,cg03260566,3166,8034
methylation,377,cg03274456,3166,8034
methylation,378,cg03277049,3166,8034
methylation,379,cg03278514,3166,8034
methylation,380,cg03278611,3166,8034
methylation,381,cg03292377,3166,8034
methylation,382,cg03297163,3166,8034
methylation,383,cg03306374,3166,8034
methylation,384,cg03306486,3166,8034
methylation,385,cg03310242,3166,8034
methylation,386,cg03314029,3166,8034
methylation,387,cg03315407,3166,8034
methylation,388,cg03352106,3166,8034
methylation,389,cg03356595,3166,8034
methylation,390,cg03393769,3166,8034
methylation,391,cg03409187,3166,8034
methylation,392,cg03419885,3166,8034
methylation,393,cg03445151,3166,8034
methylation,394,cg03451670,3166,8034
methylation,395,cg03452625,3166,8034
methylation,396,cg03457729,3166,8034
methylation,397,cg03465028,3166,8034
methylation,398,cg03475293,3166,8034
methylation,399,cg03480346,3166,8034
methylation,400,cg03501539,3166,8034
methylation,401,cg03501666,3166,8034
methylation,402,cg03502002,3166,8034
methylation,403,cg03514404,3166,8034
methylation,404,cg03517776,3166,8034
methylation,405,cg03518729,3166,8034
methylation,406,cg03532030,3166,8034
methylation,407,cg03532926,3166,8034
methylation,408,cg03535099,3166,8034
methylation,409,cg03544320,3166,8034
methylation,410,cg03548062,3166,8034
methylation,411,cg03554573,3166,8034
methylation,412,cg03555299,3166,8034
methylation,413,cg03564727,3166,8034
methylation,414,cg03576469,3166,8034
methylation,415,cg03582419,3166,8034
methylation,416,cg03596016,3166,8034
methylation,417,cg03602280,3166,8034
methylation,418,cg03604774,3166,8034
methylation,419,cg03612357,3166,8034
methylation,420,cg03616722,3166,8034
methylation,421,cg03643948,3166,8034
methylation,422,cg03646916,3166,8034
methylation,423,cg03655371,3166,8034
methylation,424,cg03679504,3166,8034
methylation,425,cg03686593,3166,8034
methylation,426,cg03687070,3166,8034
methylation,427,cg03692651,3166,8034
methylation,428,cg03706175,3166,8034
methylation,429,cg03714619,3166,8034
methylation,430,cg03728296,3166,8034
methylation,431,cg03730533,3166,8034
methylation,432,cg03736795,3166,8034
methylation,433,cg03738025,3166,8034
methylation,434,cg03742250,3166,8034
methylation,435,cg03744197,3166,8034
methylation,436,cg03761750,3166,8034
methylation,437,cg03774803,3166,8034
methylation,438,cg03787864,3166,8034
methylation,439,cg03791955,3166,8034
methylation,440,cg03807298,3166,8034
methylation,441,cg03826594,3166,8034
methylation,442,cg03847932,3166,8034
methylation,443,cg03867465,3166,8034
methylation,444,cg03889013,3166,8034
methylation,445,cg03889263,3166,8034
methylation,446,cg03890691,3166,8034
methylation,447,cg03892356,3166,8034
methylation,448,cg03899054,3166,8034
methylation,449,cg03900143,3166,8034
methylation,450,cg03922126,3166,8034
methylation,451,cg03923561,3166,8034
methylation,452,cg03930313,3166,8034
methylation,453,cg03935060,3166,8034
methylation,454,cg03940848,3166,8034
methylation,455,cg03943218,3166,8034
methylation,456,cg03949008,3166,8034
methylation,457,cg03953626,3166,8034
methylation,458,cg03954048,3166,8034
methylation,459,cg03961010,3166,8034
methylation,460,cg03961510,3166,8034
methylation,461,cg03970036,3166,8034
methylation,462,cg03982831,3166,8034
methylation,463,cg04004158,3166,8034
methylation,464,cg04008703,3166,8034
methylation,465,cg04021697,3166,8034
methylation,466,cg04029159,3166,8034
methylation,467,cg04034767,3166,8034
methylation,468,cg04037038,3166,8034
methylation,469,cg04039555,3166,8034
methylation,470,cg04058281,3166,8034
methylation,471,cg04080282,3166,8034
methylation,472,cg04097639,3166,8034
methylation,473,cg04109898,3166,8034
methylation,474,cg04111071,3166,8034
methylation,475,cg04111789,3166,8034
methylation,476,cg04115680,3166,8034
methylation,477,cg04117801,3166,8034
methylation,478,cg04131969,3166,8034
methylation,479,cg04140663,3166,8034
methylation,480,cg04156293,3166,8034
methylation,481,cg04177426,3166,8034
methylation,482,cg04178787,3166,8034
methylation,483,cg04187185,3166,8034
methylation,484,cg04189187,3166,8034
methylation,485,cg04203238,3166,8034
methylation,486,cg04209913,3166,8034
methylation,487,cg04214938,3166,8034
methylation,488,cg04227892,3166,8034
methylation,489,cg04227961,3166,8034
methylation,490,cg04234412,3166,8034
methylation,491,cg04243827,3166,8034
methylation,492,cg04244970,3166,8034
methylation,493,cg04246763,3166,8034
methylation,494,cg04249522,3166,8034
methylation,495,cg04275695,3166,8034
methylation,496,cg04290346,3166,8034
methylation,497,cg04293085,3166,8034
methylation,498,cg04295144,3166,8034
methylation,499,cg04302300,3166,8034
methylation,500,cg04317962,3166,8034
methylation,501,cg04319611,3166,8034
methylation,502,cg04319873,3166,8034
methylation,503,cg04347874,3166,8034
methylation,504,cg04349084,3166,8034
methylation,505,cg04360793,3166,8034
methylation,506,cg04362790,3166,8034
methylation,507,cg04386400,3166,8034
methylation,508,cg04387835,3166,8034
methylation,509,cg04401986,3166,8034
methylation,510,cg04402007,3166,8034
methylation,511,cg04407470,3166,8034
methylation,512,cg04415798,3166,8034
methylation,513,cg04416414,3166,8034
methylation,514,cg04418647,3166,8034
methylation,515,cg04425920,3166,8034
methylation,516,cg04428071,3166,8034
methylation,517,cg04456219,3166,8034
methylation,518,cg04466840,3166,8034
methylation,519,cg04470054,3166,8034
methylation,520,cg04473654,3166,8034
methylation,521,cg04498913,3166,8034
methylation,522,cg04505435,3166,8034
methylation,523,cg04515001,3166,8034
methylation,524,cg04518342,3166,8034
methylation,525,cg04522310,3166,8034
methylation,526,cg04523661,3166,8034
methylation,527,cg04540383,3166,8034
methylation,528,cg04543516,3166,8034
methylation,529,cg04554272,3166,8034
methylation,530,cg04569837,3166,8034
methylation,531,cg04583813,3166,8034
methylation,532,cg04595393,3166,8034
methylation,533,cg04625338,3166,8034
methylation,534,cg04633922,3166,8034
methylation,535,cg04645150,3166,8034
methylation,536,cg04701034,3166,8034
methylation,537,cg04704531,3166,8034
methylation,538,cg04715503,3166,8034
methylation,539,cg04728296,3166,8034
methylation,540,cg04737131,3166,8034
methylation,541,cg04743654,3166,8034
methylation,542,cg04751811,3166,8034
methylation,543,cg04757389,3166,8034
methylation,544,cg04770088,3166,8034
methylation,545,cg04778178,3166,8034
methylation,546,cg04786142,3166,8034
methylation,547,cg04787024,3166,8034
methylation,548,cg04792330,3166,8034
methylation,549,cg04809453,3166,8034
methylation,550,cg04825491,3166,8034
methylation,551,cg04842146,3166,8034
methylation,552,cg04847275,3166,8034
methylation,553,cg04873098,3166,8034
methylation,554,cg04875162,3166,8034
methylation,555,cg04904331,3166,8034
methylation,556,cg04904609,3166,8034
methylation,557,cg04908380,3166,8034
methylation,558,cg04911005,3166,8034
methylation,559,cg04912712,3166,8034
methylation,560,cg04915044,3166,8034
methylation,561,cg04921315,3166,8034
methylation,562,cg04927931,3166,8034
methylation,563,cg04948892,3166,8034
methylation,564,cg04970570,3166,8034
methylation,565,cg04987071,3166,8034
methylation,566,cg04988514,3166,8034
methylation,567,cg04992638,3166,8034
methylation,568,cg05000761,3166,8034
methylation,569,cg05004142,3166,8034
methylation,570,cg05006473,3166,8034
methylation,571,cg05016408,3166,8034
methylation,572,cg05021743,3166,8034
methylation,573,cg05032903,3166,8034
methylation,574,cg05033333,3166,8034
methylation,575,cg05036212,3166,8034
methylation,576,cg05042749,3166,8034
methylation,577,cg05047401,3166,8034
methylation,578,cg05057720,3166,8034
methylation,579,cg05063520,3166,8034
methylation,580,cg05064925,3166,8034
methylation,581,cg05083852,3166,8034
methylation,582,cg05084668,3166,8034
methylation,583,cg05090759,3166,8034
methylation,584,cg05098566,3166,8034
methylation,585,cg05109049,3166,8034
methylation,586,cg05124021,3166,8034
methylation,587,cg05127821,3166,8034
methylation,588,cg05130816,3166,8034
methylation,589,cg05135828,3166,8034
methylation,590,cg05137263,3166,8034
methylation,591,cg05141014,3166,8034
methylation,592,cg05142677,3166,8034
methylation,593,cg05146544,3166,8034
methylation,594,cg05164933,3166,8034
methylation,595,cg05167251,3166,8034
methylation,596,cg05173913,3166,8034
methylation,597,cg05174942,3166,8034
methylation,598,cg05191879,3166,8034
methylation,599,cg05224741,3166,8034
methylation,600,cg05267427,3166,8034
methylation,601,cg05283521,3166,8034
methylation,602,cg05297854,3166,8034
methylation,603,cg05302386,3166,8034
methylation,604,cg05306745,3166,8034
methylation,605,cg05307752,3166,8034
methylation,606,cg05308495,3166,8034
methylation,607,cg05311410,3166,8034
methylation,608,cg05327835,3166,8034
methylation,609,cg05330472,3166,8034
methylation,610,cg05344495,3166,8034
methylation,611,cg05347845,3166,8034
methylation,612,cg05348366,3166,8034
methylation,613,cg05353872,3166,8034
methylation,614,cg05364884,3166,8034
methylation,615,cg05369857,3166,8034
methylation,616,cg05373251,3166,8034
methylation,617,cg05373263,3166,8034
methylation,618,cg05385513,3166,8034
methylation,619,cg05390968,3166,8034
methylation,620,cg05391892,3166,8034
methylation,621,cg05398903,3166,8034
methylation,622,cg05404698,3166,8034
methylation,623,cg05408649,3166,8034
methylation,624,cg05415308,3166,8034
methylation,625,cg05422029,3166,8034
methylation,626,cg05427639,3166,8034
methylation,627,cg05452406,3166,8034
methylation,628,cg05454501,3166,8034
methylation,629,cg05460318,3166,8034
methylation,630,cg05482942,3166,8034
methylation,631,cg05496203,3166,8034
methylation,632,cg05513806,3166,8034
methylation,633,cg05528899,3166,8034
methylation,634,cg05529816,3166,8034
methylation,635,cg05575614,3166,8034
methylation,636,cg05583676,3166,8034
methylation,637,cg05585149,3166,8034
methylation,638,cg05589784,3166,8034
methylation,639,cg05604079,3166,8034
methylation,640,cg05617980,3166,8034
methylation,641,cg05632088,3166,8034
methylation,642,cg05633523,3166,8034
methylation,643,cg05634428,3166,8034
methylation,644,cg05636047,3166,8034
methylation,645,cg05639246,3166,8034
methylation,646,cg05649108,3166,8034
methylation,647,cg05651243,3166,8034
methylation,648,cg05661282,3166,8034
methylation,649,cg05667348,3166,8034
methylation,650,cg05671385,3166,8034
methylation,651,cg05690644,3166,8034
methylation,652,cg05696969,3166,8034
methylation,653,cg05697866,3166,8034
methylation,654,cg05702218,3166,8034
methylation,655,cg05716270,3166,8034
methylation,656,cg05735180,3166,8034
methylation,657,cg05738240,3166,8034
methylation,658,cg05749728,3166,8034
methylation,659,cg05789595,3166,8034
methylation,660,cg05797854,3166,8034
methylation,661,cg05799507,3166,8034
methylation,662,cg05806018,3166,8034
methylation,663,cg05809668,3166,8034
methylation,664,cg05825244,3166,8034
methylation,665,cg05826295,3166,8034
methylation,666,cg05829338,3166,8034
methylation,667,cg05835105,3166,8034
methylation,668,cg05848579,3166,8034
methylation,669,cg05850327,3166,8034
methylation,670,cg05855917,3166,8034
methylation,671,cg05856321,3166,8034
methylation,672,cg05857999,3166,8034
methylation,673,cg05864326,3166,8034
methylation,674,cg05877497,3166,8034
methylation,675,cg05890377,3166,8034
methylation,676,cg05904716,3166,8034
methylation,677,cg05905176,3166,8034
methylation,678,cg05911774,3166,8034
methylation,679,cg05920961,3166,8034
methylation,680,cg05921905,3166,8034
methylation,681,cg05922253,3166,8034
methylation,682,cg05922993,3166,8034
methylation,683,cg05931423,3166,8034
methylation,684,cg05940691,3166,8034
methylation,685,cg05942459,3166,8034
methylation,686,cg05945782,3166,8034
methylation,687,cg05970721,3166,8034
methylation,688,cg05971966,3166,8034
methylation,689,cg05980719,3166,8034
methylation,690,cg05981038,3166,8034
methylation,691,cg05982460,3166,8034
methylation,692,cg05983315,3166,8034
methylation,693,cg05991442,3166,8034
methylation,694,cg06010588,3166,8034
methylation,695,cg06023661,3166,8034
methylation,696,cg06029700,3166,8034
methylation,697,cg06040034,3166,8034
methylation,698,cg06051311,3166,8034
methylation,699,cg06060135,3166,8034
methylation,700,cg06061086,3166,8034
methylation,701,cg06083330,3166,8034
methylation,702,cg06088745,3166,8034
methylation,703,cg06098276,3166,8034
methylation,704,cg06122871,3166,8034
methylation,705,cg06130360,3166,8034
methylation,706,cg06173536,3166,8034
methylation,707,cg06173663,3166,8034
methylation,708,cg06206801,3166,8034
methylation,709,cg06206957,3166,8034
methylation,710,cg06218079,3166,8034
methylation,711,cg06223767,3166,8034
methylation,712,cg06223834,3166,8034
methylation,713,cg06248767,3166,8034
methylation,714,cg06249604,3166,8034
methylation,715,cg06268921,3166,8034
methylation,716,cg06282270,3166,8034
methylation,717,cg06293983,3166,8034
methylation,718,cg06294470,3166,8034
methylation,719,cg06302025,3166,8034
methylation,720,cg06304097,3166,8034
methylation,721,cg06310816,3166,8034
methylation,722,cg06315390,3166,8034
methylation,723,cg06330323,3166,8034
methylation,724,cg06351537,3166,8034
methylation,725,cg06355129,3166,8034
methylation,726,cg06358671,3166,8034
methylation,727,cg06368590,3166,8034
methylation,728,cg06370094,3166,8034
methylation,729,cg06394109,3166,8034
methylation,730,cg06400119,3166,8034
methylation,731,cg06404175,3166,8034
methylation,732,cg06405186,3166,8034
methylation,733,cg06419732,3166,8034
methylation,734,cg06421774,3166,8034
methylation,735,cg06428620,3166,8034
methylation,736,cg06430465,3166,8034
methylation,737,cg06433467,3166,8034
methylation,738,cg06436185,3166,8034
methylation,739,cg06443888,3166,8034
methylation,740,cg06445348,3166,8034
methylation,741,cg06454760,3166,8034
methylation,742,cg06457736,3166,8034
methylation,743,cg06463958,3166,8034
methylation,744,cg06471596,3166,8034
methylation,745,cg06484274,3166,8034
methylation,746,cg06495961,3166,8034
methylation,747,cg06496728,3166,8034
methylation,748,cg06500337,3166,8034
methylation,749,cg06500727,3166,8034
methylation,750,cg06502570,3166,8034
methylation,751,cg06509223,3166,8034
methylation,752,cg06510261,3166,8034
methylation,753,cg06523224,3166,8034
methylation,754,cg06528559,3166,8034
methylation,755,cg06530338,3166,8034
methylation,756,cg06545761,3166,8034
methylation,757,cg06546677,3166,8034
methylation,758,cg06546806,3166,8034
methylation,759,cg06549238,3166,8034
methylation,760,cg06560887,3166,8034
methylation,761,cg06573787,3166,8034
methylation,762,cg06598836,3166,8034
methylation,763,cg06607764,3166,8034
methylation,764,cg06632214,3166,8034
methylation,765,cg06633438,3166,8034
methylation,766,cg06686742,3166,8034
methylation,767,cg06693983,3166,8034
methylation,768,cg06699564,3166,8034
methylation,769,cg06710672,3166,8034
methylation,770,cg06715136,3166,8034
methylation,771,cg06728252,3166,8034
methylation,772,cg06733794,3166,8034
methylation,773,cg06743037,3166,8034
methylation,774,cg06744585,3166,8034
methylation,775,cg06758255,3166,8034
methylation,776,cg06760904,3166,8034
methylation,777,cg06765217,3166,8034
methylation,778,cg06779802,3166,8034
methylation,779,cg06782035,3166,8034
methylation,780,cg06800235,3166,8034
methylation,781,cg06824394,3166,8034
methylation,782,cg06833110,3166,8034
methylation,783,cg06862374,3166,8034
methylation,784,cg06879394,3166,8034
methylation,785,cg06888746,3166,8034
methylation,786,cg06889571,3166,8034
methylation,787,cg06908244,3166,8034
methylation,788,cg06911354,3166,8034
methylation,789,cg06911744,3166,8034
methylation,790,cg06915915,3166,8034
methylation,791,cg06924241,3166,8034
methylation,792,cg06930722,3166,8034
methylation,793,cg06943420,3166,8034
methylation,794,cg06947913,3166,8034
methylation,795,cg06962177,3166,8034
methylation,796,cg06966660,3166,8034
methylation,797,cg07011778,3166,8034
methylation,798,cg07011961,3166,8034
methylation,799,cg07014673,3166,8034
methylation,800,cg07015803,3166,8034
methylation,801,cg07016276,3166,8034
methylation,802,cg07041999,3166,8034
methylation,803,cg07045089,3166,8034
methylation,804,cg07052524,3166,8034
methylation,805,cg07060505,3166,8034
methylation,806,cg07068735,3166,8034
methylation,807,cg07078225,3166,8034
methylation,808,cg07078958,3166,8034
methylation,809,cg07095230,3166,8034
methylation,810,cg07106794,3166,8034
methylation,811,cg07109453,3166,8034
methylation,812,cg07110405,3166,8034
methylation,813,cg07112337,3166,8034
methylation,814,cg07113642,3166,8034
methylation,815,cg07114009,3166,8034
methylation,816,cg07124687,3166,8034
methylation,817,cg07126525,3166,8034
methylation,818,cg07127888,3166,8034
methylation,819,cg07141605,3166,8034
methylation,820,cg07149609,3166,8034
methylation,821,cg07150062,3166,8034
methylation,822,cg07152216,3166,8034
methylation,823,cg07162000,3166,8034
methylation,824,cg07168142,3166,8034
methylation,825,cg07184578,3166,8034
methylation,826,cg07204280,3166,8034
methylation,827,cg07211212,3166,8034
methylation,828,cg07216133,3166,8034
methylation,829,cg07222505,3166,8034
methylation,830,cg07233230,3166,8034
methylation,831,cg07240413,3166,8034
methylation,832,cg07241084,3166,8034
methylation,833,cg07248223,3166,8034
methylation,834,cg07260541,3166,8034
methylation,835,cg07277756,3166,8034
methylation,836,cg07281370,3166,8034
methylation,837,cg07302069,3166,8034
methylation,838,cg07316846,3166,8034
methylation,839,cg07324702,3166,8034
methylation,840,cg07333231,3166,8034
methylation,841,cg07333715,3166,8034
methylation,842,cg07352438,3166,8034
methylation,843,cg07365127,3166,8034
methylation,844,cg07366506,3166,8034
methylation,845,cg07371589,3166,8034
methylation,846,cg07385694,3166,8034
methylation,847,cg07388969,3166,8034
methylation,848,cg07393736,3166,8034
methylation,849,cg07409471,3166,8034
methylation,850,cg07411620,3166,8034
methylation,851,cg07418387,3166,8034
methylation,852,cg07425646,3166,8034
methylation,853,cg07455757,3166,8034
methylation,854,cg07455790,3166,8034
methylation,855,cg07458308,3166,8034
methylation,856,cg07474842,3166,8034
methylation,857,cg07486474,3166,8034
methylation,858,cg07489502,3166,8034
methylation,859,cg07495363,3166,8034
methylation,860,cg07497941,3166,8034
methylation,861,cg07515422,3166,8034
methylation,862,cg07517893,3166,8034
methylation,863,cg07519235,3166,8034
methylation,864,cg07532183,3166,8034
methylation,865,cg07532353,3166,8034
methylation,866,cg07541744,3166,8034
methylation,867,cg07544796,3166,8034
methylation,868,cg07551060,3166,8034
methylation,869,cg07565505,3166,8034
methylation,870,cg07570470,3166,8034
methylation,871,cg07584066,3166,8034
methylation,872,cg07585069,3166,8034
methylation,873,cg07592963,3166,8034
methylation,874,cg07600533,3166,8034
methylation,875,cg07613752,3166,8034
methylation,876,cg07635227,3166,8034
methylation,877,cg07636194,3166,8034
methylation,878,cg07639783,3166,8034
methylation,879,cg07648454,3166,8034
methylation,880,cg07665510,3166,8034
methylation,881,cg07673080,3166,8034
methylation,882,cg07674139,3166,8034
methylation,883,cg07676361,3166,8034
methylation,884,cg07676859,3166,8034
methylation,885,cg07681935,3166,8034
methylation,886,cg07687131,3166,8034
methylation,887,cg07691152,3166,8034
methylation,888,cg07696699,3166,8034
methylation,889,cg07703462,3166,8034
methylation,890,cg07734975,3166,8034
methylation,891,cg07778290,3166,8034
methylation,892,cg07790615,3166,8034
methylation,893,cg07792478,3166,8034
methylation,894,cg07795766,3166,8034
methylation,895,cg07802350,3166,8034
methylation,896,cg07803375,3166,8034
methylation,897,cg07811110,3166,8034
methylation,898,cg07813142,3166,8034
methylation,899,cg07861180,3166,8034
methylation,900,cg07861448,3166,8034
methylation,901,cg07863022,3166,8034
methylation,902,cg07865607,3166,8034
methylation,903,cg07881405,3166,8034
methylation,904,cg07891531,3166,8034
methylation,905,cg07912922,3166,8034
methylation,906,cg07915921,3166,8034
methylation,907,cg07916589,3166,8034
methylation,908,cg07921384,3166,8034
methylation,909,cg07931391,3166,8034
methylation,910,cg07936950,3166,8034
methylation,911,cg07962143,3166,8034
methylation,912,cg07970752,3166,8034
methylation,913,cg07974511,3166,8034
methylation,914,cg07976064,3166,8034
methylation,915,cg07986239,3166,8034
methylation,916,cg08000118,3166,8034
methylation,917,cg08004073,3166,8034
methylation,918,cg08010865,3166,8034
methylation,919,cg08018572,3166,8034
methylation,920,cg08018585,3166,8034
methylation,921,cg08047907,3166,8034
methylation,922,cg08058191,3166,8034
methylation,923,cg08059778,3166,8034
methylation,924,cg08061524,3166,8034
methylation,925,cg08065231,3166,8034
methylation,926,cg08070771,3166,8034
methylation,927,cg08079908,3166,8034
methylation,928,cg08086720,3166,8034
methylation,929,cg08100618,3166,8034
methylation,930,cg08101303,3166,8034
methylation,931,cg08103988,3166,8034
methylation,932,cg08105834,3166,8034
methylation,933,cg08123444,3166,8034
methylation,934,cg08125436,3166,8034
methylation,935,cg08135406,3166,8034
methylation,936,cg08141049,3166,8034
methylation,937,cg08141395,3166,8034
methylation,938,cg08146483,3166,8034
methylation,939,cg08149193,3166,8034
methylation,940,cg08154437,3166,8034
methylation,941,cg08155625,3166,8034
methylation,942,cg08162372,3166,8034
methylation,943,cg08163199,3166,8034
methylation,944,cg08169827,3166,8034
methylation,945,cg08183724,3166,8034
methylation,946,cg08189989,3166,8034
methylation,947,cg08190858,3166,8034
methylation,948,cg08196968,3166,8034
methylation,949,cg08199953,3166,8034
methylation,950,cg08208317,3166,8034
methylation,951,cg08222513,3166,8034
methylation,952,cg08227526,3166,8034
methylation,953,cg08230483,3166,8034
methylation,954,cg08231710,3166,8034
methylation,955,cg08231870,3166,8034
methylation,956,cg08234308,3166,8034
methylation,957,cg08243728,3166,8034
methylation,958,cg08249424,3166,8034
methylation,959,cg08253651,3166,8034
methylation,960,cg08260959,3166,8034
methylation,961,cg08269485,3166,8034
methylation,962,cg08296680,3166,8034
methylation,963,cg08304084,3166,8034
methylation,964,cg08304190,3166,8034
methylation,965,cg08315202,3166,8034
methylation,966,cg08323075,3166,8034
methylation,967,cg08324862,3166,8034
methylation,968,cg08360726,3166,8034
methylation,969,cg08364561,3166,8034
methylation,970,cg08382226,3166,8034
methylation,971,cg08387538,3166,8034
methylation,972,cg08393317,3166,8034
methylation,973,cg08394412,3166,8034
methylation,974,cg08402365,3166,8034
methylation,975,cg08409113,3166,8034
methylation,976,cg08416194,3166,8034
methylation,977,cg08417382,3166,8034
methylation,978,cg08421126,3166,8034
methylation,979,cg08435683,3166,8034
methylation,980,cg08436419,3166,8034
methylation,981,cg08441803,3166,8034
methylation,982,cg08443845,3166,8034
methylation,983,cg08445802,3166,8034
methylation,984,cg08464190,3166,8034
methylation,985,cg08466792,3166,8034
methylation,986,cg08467103,3166,8034
methylation,987,cg08474164,3166,8034
methylation,988,cg08480826,3166,8034
methylation,989,cg08481075,3166,8034
methylation,990,cg08482837,3166,8034
methylation,991,cg08489309,3166,8034
methylation,992,cg08499046,3166,8034
methylation,993,cg08530838,3166,8034
methylation,994,cg08535474,3166,8034
methylation,995,cg08535928,3166,8034
methylation,996,cg08538258,3166,8034
methylation,997,cg08539872,3166,8034
methylation,998,cg08548396,3166,8034
methylation,999,cg08550523,3166,8034
methylation,1000,cg08566455,3166,8034
methylation,1001,cg08591265,3166,8034
methylation,1002,cg08599635,3166,8034
methylation,1003,cg08604097,3166,8034
methylation,1004,cg08607018,3166,8034
methylation,1005,cg08609270,3166,8034
methylation,1006,cg08610862,3166,8034
methylation,1007,cg08613144,3166,8034
methylation,1008,cg08624648,3166,8034
methylation,1009,cg08632164,3166,8034
methylation,1010,cg08632388,3166,8034
methylation,1011,cg08638320,3166,8034
methylation,1012,cg08640634,3166,8034
methylation,1013,cg08655953,3166,8034
methylation,1014,cg08668790,3166,8034
methylation,1015,cg08680048,3166,8034
methylation,1016,cg08701621,3166,8034
methylation,1017,cg08708961,3166,8034
methylation,1018,cg08718490,3166,8034
methylation,1019,cg08724310,3166,8034
methylation,1020,cg08732352,3166,8034
methylation,1021,cg08749305,3166,8034
methylation,1022,cg08750951,3166,8034
methylation,1023,cg08752433,3166,8034
methylation,1024,cg08767044,3166,8034
methylation,1025,cg08767938,3166,8034
methylation,1026,cg08768852,3166,8034
methylation,1027,cg08773462,3166,8034
methylation,1028,cg08779649,3166,8034
methylation,1029,cg08781140,3166,8034
methylation,1030,cg08782022,3166,8034
methylation,1031,cg08782677,3166,8034
methylation,1032,cg08807892,3166,8034
methylation,1033,cg08812108,3166,8034
methylation,1034,cg08813944,3166,8034
methylation,1035,cg08814405,3166,8034
methylation,1036,cg08818984,3166,8034
methylation,1037,cg08822602,3166,8034
methylation,1038,cg08822897,3166,8034
methylation,1039,cg08828819,3166,8034
methylation,1040,cg08832906,3166,8034
methylation,1041,cg08843517,3166,8034
methylation,1042,cg08847856,3166,8034
methylation,1043,cg08848711,3166,8034
methylation,1044,cg08850461,3166,8034
methylation,1045,cg08862890,3166,8034
methylation,1046,cg08866991,3166,8034
methylation,1047,cg08867825,3166,8034
methylation,1048,cg08875705,3166,8034
methylation,1049,cg08878368,3166,8034
methylation,1050,cg08879910,3166,8034
methylation,1051,cg08880849,3166,8034
methylation,1052,cg08883223,3166,8034
methylation,1053,cg08884571,3166,8034
methylation,1054,cg08887400,3166,8034
methylation,1055,cg08892613,3166,8034
methylation,1056,cg08893839,3166,8034
methylation,1057,cg08898155,3166,8034
methylation,1058,cg08901662,3166,8034
methylation,1059,cg08911368,3166,8034
methylation,1060,cg08939850,3166,8034
methylation,1061,cg08954277,3166,8034
methylation,1062,cg08958294,3166,8034
methylation,1063,cg08960448,3166,8034
methylation,1064,cg08973950,3166,8034
methylation,1065,cg08979352,3166,8034
methylation,1066,cg08986840,3166,8034
methylation,1067,cg09000583,3166,8034
methylation,1068,cg09014626,3166,8034
methylation,1069,cg09016242,3166,8034
methylation,1070,cg09016243,3166,8034
methylation,1071,cg09017928,3166,8034
methylation,1072,cg09028204,3166,8034
methylation,1073,cg09043941,3166,8034
methylation,1074,cg09060908,3166,8034
methylation,1075,cg09065876,3166,8034
methylation,1076,cg09068128,3166,8034
methylation,1077,cg09094964,3166,8034
methylation,1078,cg09106903,3166,8034
methylation,1079,cg09115646,3166,8034
methylation,1080,cg09122096,3166,8034
methylation,1081,cg09126279,3166,8034
methylation,1082,cg09129067,3166,8034
methylation,1083,cg09143801,3166,8034
methylation,1084,cg09158774,3166,8034
methylation,1085,cg09165441,3166,8034
methylation,1086,cg09170112,3166,8034
methylation,1087,cg09181792,3166,8034
methylation,1088,cg09192940,3166,8034
methylation,1089,cg09200260,3166,8034
methylation,1090,cg09225287,3166,8034
methylation,1091,cg09225457,3166,8034
methylation,1092,cg09229918,3166,8034
methylation,1093,cg09232555,3166,8034
methylation,1094,cg09234582,3166,8034
methylation,1095,cg09238049,3166,8034
methylation,1096,cg09246479,3166,8034
methylation,1097,cg09248054,3166,8034
methylation,1098,cg09248694,3166,8034
methylation,1099,cg09265054,3166,8034
methylation,1100,cg09275704,3166,8034
methylation,1101,cg09285851,3166,8034
methylation,1102,cg09287864,3166,8034
methylation,1103,cg09291131,3166,8034
methylation,1104,cg09323727,3166,8034
methylation,1105,cg09341793,3166,8034
methylation,1106,cg09359114,3166,8034
methylation,1107,cg09374838,3166,8034
methylation,1108,cg09386073,3166,8034
methylation,1109,cg09387749,3166,8034
methylation,1110,cg09422450,3166,8034
methylation,1111,cg09450200,3166,8034
methylation,1112,cg09451427,3166,8034
methylation,1113,cg09462924,3166,8034
methylation,1114,cg09465698,3166,8034
methylation,1115,cg09469667,3166,8034
methylation,1116,cg09474331,3166,8034
methylation,1117,cg09488203,3166,8034
methylation,1118,cg09489306,3166,8034
methylation,1119,cg09495643,3166,8034
methylation,1120,cg09501687,3166,8034
methylation,1121,cg09513990,3166,8034
methylation,1122,cg09527126,3166,8034
methylation,1123,cg09543819,3166,8034
methylation,1124,cg09556515,3166,8034
methylation,1125,cg09556826,3166,8034
methylation,1126,cg09559196,3166,8034
methylation,1127,cg09568647,3166,8034
methylation,1128,cg09570682,3166,8034
methylation,1129,cg09571972,3166,8034
methylation,1130,cg09577391,3166,8034
methylation,1131,cg09578028,3166,8034
methylation,1132,cg09578475,3166,8034
methylation,1133,cg09580822,3166,8034
methylation,1134,cg09597070,3166,8034
methylation,1135,cg09619624,3166,8034
methylation,1136,cg09626894,3166,8034
methylation,1137,cg09652652,3166,8034
methylation,1138,cg09655403,3166,8034
methylation,1139,cg09657963,3166,8034
methylation,1140,cg09670128,3166,8034
methylation,1141,cg09671258,3166,8034
methylation,1142,cg09671837,3166,8034
methylation,1143,cg09678939,3166,8034
methylation,1144,cg09682051,3166,8034
methylation,1145,cg09684233,3166,8034
methylation,1146,cg09695735,3166,8034
methylation,1147,cg09714458,3166,8034
methylation,1148,cg09715353,3166,8034
methylation,1149,cg09725213,3166,8034
methylation,1150,cg09734394,3166,8034
methylation,1151,cg09761040,3166,8034
methylation,1152,cg09780180,3166,8034
methylation,1153,cg09780241,3166,8034
methylation,1154,cg09791746,3166,8034
methylation,1155,cg09798888,3166,8034
methylation,1156,cg09799983,3166,8034
methylation,1157,cg09821185,3166,8034
methylation,1158,cg09827761,3166,8034
methylation,1159,cg09846875,3166,8034
methylation,1160,cg09858188,3166,8034
methylation,1161,cg09885502,3166,8034
methylation,1162,cg09887059,3166,8034
methylation,1163,cg09895920,3166,8034
methylation,1164,cg09901035,3166,8034
methylation,1165,cg09907936,3166,8034
methylation,1166,cg09908110,3166,8034
methylation,1167,cg09918657,3166,8034
methylation,1168,cg09919570,3166,8034
methylation,1169,cg09920172,3166,8034
methylation,1170,cg09955012,3166,8034
methylation,1171,cg09971314,3166,8034
methylation,1172,cg09973986,3166,8034
methylation,1173,cg09980176,3166,8034
methylation,1174,cg09982773,3166,8034
methylation,1175,cg09990962,3166,8034
methylation,1176,cg09993145,3166,8034
methylation,1177,cg09994356,3166,8034
methylation,1178,cg10009968,3166,8034
methylation,1179,cg10020892,3166,8034
methylation,1180,cg10025586,3166,8034
methylation,1181,cg10036013,3166,8034
methylation,1182,cg10055501,3166,8034
methylation,1183,cg10062193,3166,8034
methylation,1184,cg10064922,3166,8034
methylation,1185,cg10069493,3166,8034
methylation,1186,cg10096100,3166,8034
methylation,1187,cg10096929,3166,8034
methylation,1188,cg10122865,3166,8034
methylation,1189,cg10128806,3166,8034
methylation,1190,cg10134833,3166,8034
methylation,1191,cg10142520,3166,8034
methylation,1192,cg10143811,3166,8034
methylation,1193,cg10150530,3166,8034
methylation,1194,cg10152131,3166,8034
methylation,1195,cg10170504,3166,8034
methylation,1196,cg10178270,3166,8034
methylation,1197,cg10182317,3166,8034
methylation,1198,cg10192893,3166,8034
methylation,1199,cg10210594,3166,8034
methylation,1200,cg10213875,3166,8034
methylation,1201,cg10224098,3166,8034
methylation,1202,cg10224600,3166,8034
methylation,1203,cg10225865,3166,8034
methylation,1204,cg10244666,3166,8034
methylation,1205,cg10244976,3166,8034
methylation,1206,cg10249375,3166,8034
methylation,1207,cg10249637,3166,8034
methylation,1208,cg10255237,3166,8034
methylation,1209,cg10262052,3166,8034
methylation,1210,cg10268509,3166,8034
methylation,1211,cg10272601,3166,8034
methylation,1212,cg10286969,3166,8034
methylation,1213,cg10304637,3166,8034
methylation,1214,cg10317717,3166,8034
methylation,1215,cg10320410,3166,8034
methylation,1216,cg10331073,3166,8034
methylation,1217,cg10350880,3166,8034
methylation,1218,cg10364040,3166,8034
methylation,1219,cg10365886,3166,8034
methylation,1220,cg10369955,3166,8034
methylation,1221,cg10393811,3166,8034
methylation,1222,cg10400707,3166,8034
methylation,1223,cg10408284,3166,8034
methylation,1224,cg10416814,3166,8034
methylation,1225,cg10418524,3166,8034
methylation,1226,cg10422744,3166,8034
methylation,1227,cg10439246,3166,8034
methylation,1228,cg10439765,3166,8034
methylation,1229,cg10468535,3166,8034
methylation,1230,cg10486069,3166,8034
methylation,1231,cg10501210,3166,8034
methylation,1232,cg10504392,3166,8034
methylation,1233,cg10505610,3166,8034
methylation,1234,cg10512745,3166,8034
methylation,1235,cg10517290,3166,8034
methylation,1236,cg10518264,3166,8034
methylation,1237,cg10528576,3166,8034
methylation,1238,cg10530883,3166,8034
methylation,1239,cg10536999,3166,8034
methylation,1240,cg10541864,3166,8034
methylation,1241,cg10547050,3166,8034
methylation,1242,cg10570241,3166,8034
methylation,1243,cg10603275,3166,8034
methylation,1244,cg10606490,3166,8034
methylation,1245,cg10626816,3166,8034
methylation,1246,cg10662314,3166,8034
methylation,1247,cg10665891,3166,8034
methylation,1248,cg10690919,3166,8034
methylation,1249,cg10692693,3166,8034
methylation,1250,cg10708761,3166,8034
methylation,1251,cg10732215,3166,8034
methylation,1252,cg10746936,3166,8034
methylation,1253,cg10747118,3166,8034
methylation,1254,cg10754215,3166,8034
methylation,1255,cg10754395,3166,8034
methylation,1256,cg10762626,3166,8034
methylation,1257,cg10763234,3166,8034
methylation,1258,cg10767420,3166,8034
methylation,1259,cg10786572,3166,8034
methylation,1260,cg10786876,3166,8034
methylation,1261,cg10791959,3166,8034
methylation,1262,cg10792302,3166,8034
methylation,1263,cg10795659,3166,8034
methylation,1264,cg10805850,3166,8034
methylation,1265,cg10810394,3166,8034
methylation,1266,cg10811045,3166,8034
methylation,1267,cg10815657,3166,8034
methylation,1268,cg10818284,3166,8034
methylation,1269,cg10831607,3166,8034
methylation,1270,cg10841756,3166,8034
methylation,1271,cg10846615,3166,8034
methylation,1272,cg10851763,3166,8034
methylation,1273,cg10862567,3166,8034
methylation,1274,cg10874556,3166,8034
methylation,1275,cg10875499,3166,8034
methylation,1276,cg10881128,3166,8034
methylation,1277,cg10884288,3166,8034
methylation,1278,cg10890302,3166,8034
methylation,1279,cg10898024,3166,8034
methylation,1280,cg10899768,3166,8034
methylation,1281,cg10903903,3166,8034
methylation,1282,cg10909185,3166,8034
methylation,1283,cg10923662,3166,8034
methylation,1284,cg10925082,3166,8034
methylation,1285,cg10928544,3166,8034
methylation,1286,cg10932018,3166,8034
methylation,1287,cg10933959,3166,8034
methylation,1288,cg10937408,3166,8034
methylation,1289,cg10940462,3166,8034
methylation,1290,cg10941566,3166,8034
methylation,1291,cg10946576,3166,8034
methylation,1292,cg10956848,3166,8034
methylation,1293,cg10959198,3166,8034
methylation,1294,cg10967023,3166,8034
methylation,1295,cg11006453,3166,8034
methylation,1296,cg11017065,3166,8034
methylation,1297,cg11055493,3166,8034
methylation,1298,cg11062466,3166,8034
methylation,1299,cg11097433,3166,8034
methylation,1300,cg11104088,3166,8034
methylation,1301,cg11146691,3166,8034
methylation,1302,cg11157172,3166,8034
methylation,1303,cg11161597,3166,8034
methylation,1304,cg11162118,3166,8034
methylation,1305,cg11194545,3166,8034
methylation,1306,cg11201447,3166,8034
methylation,1307,cg11203512,3166,8034
methylation,1308,cg11212451,3166,8034
methylation,1309,cg11213574,3166,8034
methylation,1310,cg11213690,3166,8034
methylation,1311,cg11224582,3166,8034
methylation,1312,cg11246938,3166,8034
methylation,1313,cg11254700,3166,8034
methylation,1314,cg11267955,3166,8034
methylation,1315,cg11288144,3166,8034
methylation,1316,cg11303839,3166,8034
methylation,1317,cg11323985,3166,8034
methylation,1318,cg11324832,3166,8034
methylation,1319,cg11328303,3166,8034
methylation,1320,cg11342198,3166,8034
methylation,1321,cg11345955,3166,8034
methylation,1322,cg11347582,3166,8034
methylation,1323,cg11354603,3166,8034
methylation,1324,cg11359133,3166,8034
methylation,1325,cg11361344,3166,8034
methylation,1326,cg11362010,3166,8034
methylation,1327,cg11364273,3166,8034
methylation,1328,cg11366849,3166,8034
methylation,1329,cg11367259,3166,8034
methylation,1330,cg11382082,3166,8034
methylation,1331,cg11403907,3166,8034
methylation,1332,cg11433622,3166,8034
methylation,1333,cg11435506,3166,8034
methylation,1334,cg11450947,3166,8034
methylation,1335,cg11452329,3166,8034
methylation,1336,cg11458555,3166,8034
methylation,1337,cg11468148,3166,8034
methylation,1338,cg11492536,3166,8034
methylation,1339,cg11493223,3166,8034
methylation,1340,cg11510586,3166,8034
methylation,1341,cg11526413,3166,8034
methylation,1342,cg11528328,3166,8034
methylation,1343,cg11536474,3166,8034
methylation,1344,cg11549953,3166,8034
methylation,1345,cg11552829,3166,8034
methylation,1346,cg11553618,3166,8034
methylation,1347,cg11554566,3166,8034
methylation,1348,cg11557382,3166,8034
methylation,1349,cg11560280,3166,8034
methylation,1350,cg11588197,3166,8034
methylation,1351,cg11595545,3166,8034
methylation,1352,cg11599864,3166,8034
methylation,1353,cg11601252,3166,8034
methylation,1354,cg11638117,3166,8034
methylation,1355,cg11642106,3166,8034
methylation,1356,cg11660879,3166,8034
methylation,1357,cg11673471,3166,8034
methylation,1358,cg11693285,3166,8034
methylation,1359,cg11694519,3166,8034
methylation,1360,cg11733272,3166,8034
methylation,1361,cg11738485,3166,8034
methylation,1362,cg11749010,3166,8034
methylation,1363,cg11756095,3166,8034
methylation,1364,cg11775521,3166,8034
methylation,1365,cg11784799,3166,8034
methylation,1366,cg11793699,3166,8034
methylation,1367,cg11795854,3166,8034
methylation,1368,cg11827910,3166,8034
methylation,1369,cg11828180,3166,8034
methylation,1370,cg11837293,3166,8034
methylation,1371,cg11843238,3166,8034
methylation,1372,cg11855615,3166,8034
methylation,1373,cg11862144,3166,8034
methylation,1374,cg11878331,3166,8034
methylation,1375,cg11885357,3166,8034
methylation,1376,cg11887532,3166,8034
methylation,1377,cg11888982,3166,8034
methylation,1378,cg11891579,3166,8034
methylation,1379,cg11903133,3166,8034
methylation,1380,cg11916478,3166,8034
methylation,1381,cg11930554,3166,8034
methylation,1382,cg11931596,3166,8034
methylation,1383,cg11934688,3166,8034
methylation,1384,cg11940285,3166,8034
methylation,1385,cg11945824,3166,8034
methylation,1386,cg11946459,3166,8034
methylation,1387,cg11948766,3166,8034
methylation,1388,cg11957331,3166,8034
methylation,1389,cg12000995,3166,8034
methylation,1390,cg12002589,3166,8034
methylation,1391,cg12003064,3166,8034
methylation,1392,cg12008047,3166,8034
methylation,1393,cg12014181,3166,8034
methylation,1394,cg12015737,3166,8034
methylation,1395,cg12018098,3166,8034
methylation,1396,cg12019614,3166,8034
methylation,1397,cg12036633,3166,8034
methylation,1398,cg12060422,3166,8034
methylation,1399,cg12060499,3166,8034
methylation,1400,cg12060744,3166,8034
methylation,1401,cg12070159,3166,8034
methylation,1402,cg12072262,3166,8034
methylation,1403,cg12074025,3166,8034
methylation,1404,cg12079322,3166,8034
methylation,1405,cg12105899,3166,8034
methylation,1406,cg12105941,3166,8034
methylation,1407,cg12114200,3166,8034
methylation,1408,cg12133962,3166,8034
methylation,1409,cg12134633,3166,8034
methylation,1410,cg12148647,3166,8034
methylation,1411,cg12161228,3166,8034
methylation,1412,cg12162138,3166,8034
methylation,1413,cg12162377,3166,8034
methylation,1414,cg12170314,3166,8034
methylation,1415,cg12174804,3166,8034
methylation,1416,cg12213062,3166,8034
methylation,1417,cg12222949,3166,8034
methylation,1418,cg12245706,3166,8034
methylation,1419,cg12247222,3166,8034
methylation,1420,cg12260798,3166,8034
methylation,1421,cg12273284,3166,8034
methylation,1422,cg12277627,3166,8034
methylation,1423,cg12296772,3166,8034
methylation,1424,cg12298268,3166,8034
methylation,1425,cg12323723,3166,8034
methylation,1426,cg12336777,3166,8034
methylation,1427,cg12374721,3166,8034
methylation,1428,cg12378187,3166,8034
methylation,1429,cg12384989,3166,8034
methylation,1430,cg12387154,3166,8034
methylation,1431,cg12415687,3166,8034
methylation,1432,cg12421755,3166,8034
methylation,1433,cg12421834,3166,8034
methylation,1434,cg12422539,3166,8034
methylation,1435,cg12436377,3166,8034
methylation,1436,cg12451631,3166,8034
methylation,1437,cg12456714,3166,8034
methylation,1438,cg12462916,3166,8034
methylation,1439,cg12468255,3166,8034
methylation,1440,cg12468774,3166,8034
methylation,1441,cg12480053,3166,8034
methylation,1442,cg12500879,3166,8034
methylation,1443,cg12506930,3166,8034
methylation,1444,cg12516359,3166,8034
methylation,1445,cg12519676,3166,8034
methylation,1446,cg12526923,3166,8034
methylation,1447,cg12526997,3166,8034
methylation,1448,cg12539796,3166,8034
methylation,1449,cg12542255,3166,8034
methylation,1450,cg12579212,3166,8034
methylation,1451,cg12591668,3166,8034
methylation,1452,cg12593511,3166,8034
methylation,1453,cg12598524,3166,8034
methylation,1454,cg12600174,3166,8034
methylation,1455,cg12607188,3166,8034
methylation,1456,cg12619262,3166,8034
methylation,1457,cg12620035,3166,8034
methylation,1458,cg12628196,3166,8034
methylation,1459,cg12676534,3166,8034
methylation,1460,cg12680131,3166,8034
methylation,1461,cg12688965,3166,8034
methylation,1462,cg12694372,3166,8034
methylation,1463,cg12697139,3166,8034
methylation,1464,cg12744820,3166,8034
methylation,1465,cg12744859,3166,8034
methylation,1466,cg12747584,3166,8034
methylation,1467,cg12749132,3166,8034
methylation,1468,cg12755471,3166,8034
methylation,1469,cg12783819,3166,8034
methylation,1470,cg12804791,3166,8034
methylation,1471,cg12814550,3166,8034
methylation,1472,cg12836959,3166,8034
methylation,1473,cg12848808,3166,8034
methylation,1474,cg12875241,3166,8034
methylation,1475,cg12880095,3166,8034
methylation,1476,cg12883279,3166,8034
methylation,1477,cg12883629,3166,8034
methylation,1478,cg12892506,3166,8034
methylation,1479,cg12902206,3166,8034
methylation,1480,cg12905252,3166,8034
methylation,1481,cg12911732,3166,8034
methylation,1482,cg12922492,3166,8034
methylation,1483,cg12928379,3166,8034
methylation,1484,cg12932102,3166,8034
methylation,1485,cg12934258,3166,8034
methylation,1486,cg12934366,3166,8034
methylation,1487,cg12934884,3166,8034
methylation,1488,cg12947492,3166,8034
methylation,1489,cg12975230,3166,8034
methylation,1490,cg12997720,3166,8034
methylation,1491,cg13001868,3166,8034
methylation,1492,cg13007502,3166,8034
methylation,1493,cg13021333,3166,8034
methylation,1494,cg13023833,3166,8034
methylation,1495,cg13023870,3166,8034
methylation,1496,cg13028819,3166,8034
methylation,1497,cg13035219,3166,8034
methylation,1498,cg13045134,3166,8034
methylation,1499,cg13065507,3166,8034
methylation,1500,cg13078381,3166,8034
methylation,1501,cg13080565,3166,8034
methylation,1502,cg13081331,3166,8034
methylation,1503,cg13092806,3166,8034
methylation,1504,cg13096007,3166,8034
methylation,1505,cg13096208,3166,8034
methylation,1506,cg13096701,3166,8034
methylation,1507,cg13100449,3166,8034
methylation,1508,cg13104257,3166,8034
methylation,1509,cg13125157,3166,8034
methylation,1510,cg13130271,3166,8034
methylation,1511,cg13158272,3166,8034
methylation,1512,cg13172906,3166,8034
methylation,1513,cg13180315,3166,8034
methylation,1514,cg13181974,3166,8034
methylation,1515,cg13186228,3166,8034
methylation,1516,cg13187778,3166,8034
methylation,1517,cg13192013,3166,8034
methylation,1518,cg13225830,3166,8034
methylation,1519,cg13244998,3166,8034
methylation,1520,cg13246235,3166,8034
methylation,1521,cg13247663,3166,8034
methylation,1522,cg13248778,3166,8034
methylation,1523,cg13261536,3166,8034
methylation,1524,cg13267264,3166,8034
methylation,1525,cg13294849,3166,8034
methylation,1526,cg13298147,3166,8034
methylation,1527,cg13300273,3166,8034
methylation,1528,cg13320291,3166,8034
methylation,1529,cg13323489,3166,8034
methylation,1530,cg13337731,3166,8034
methylation,1531,cg13344095,3166,8034
methylation,1532,cg13354988,3166,8034
methylation,1533,cg13356427,3166,8034
methylation,1534,cg13356896,3166,8034
methylation,1535,cg13390867,3166,8034
methylation,1536,cg13392078,3166,8034
methylation,1537,cg13413719,3166,8034
methylation,1538,cg13427361,3166,8034
methylation,1539,cg13445796,3166,8034
methylation,1540,cg13447566,3166,8034
methylation,1541,cg13449535,3166,8034
methylation,1542,cg13453904,3166,8034
methylation,1543,cg13480937,3166,8034
methylation,1544,cg13486532,3166,8034
methylation,1545,cg13488570,3166,8034
methylation,1546,cg13495205,3166,8034
methylation,1547,cg13498757,3166,8034
methylation,1548,cg13504411,3166,8034
methylation,1549,cg13507084,3166,8034
methylation,1550,cg13526469,3166,8034
methylation,1551,cg13530938,3166,8034
methylation,1552,cg13539545,3166,8034
methylation,1553,cg13544946,3166,8034
methylation,1554,cg13545212,3166,8034
methylation,1555,cg13547712,3166,8034
methylation,1556,cg13549303,3166,8034
methylation,1557,cg13551535,3166,8034
methylation,1558,cg13574945,3166,8034
methylation,1559,cg13578134,3166,8034
methylation,1560,cg13601435,3166,8034
methylation,1561,cg13608733,3166,8034
methylation,1562,cg13614409,3166,8034
methylation,1563,cg13620034,3166,8034
methylation,1564,cg13625875,3166,8034
methylation,1565,cg13634242,3166,8034
methylation,1566,cg13656752,3166,8034
methylation,1567,cg13668207,3166,8034
methylation,1568,cg13672078,3166,8034
methylation,1569,cg13691247,3166,8034
methylation,1570,cg13692426,3166,8034
methylation,1571,cg13692446,3166,8034
methylation,1572,cg13699355,3166,8034
methylation,1573,cg13702536,3166,8034
methylation,1574,cg13703871,3166,8034
methylation,1575,cg13706058,3166,8034
methylation,1576,cg13732582,3166,8034
methylation,1577,cg13750264,3166,8034
methylation,1578,cg13759674,3166,8034
methylation,1579,cg13775050,3166,8034
methylation,1580,cg13782274,3166,8034
methylation,1581,cg13784312,3166,8034
methylation,1582,cg13791254,3166,8034
methylation,1583,cg13797425,3166,8034
methylation,1584,cg13800209,3166,8034
methylation,1585,cg13808071,3166,8034
methylation,1586,cg13832604,3166,8034
methylation,1587,cg13832669,3166,8034
methylation,1588,cg13860281,3166,8034
methylation,1589,cg13877315,3166,8034
methylation,1590,cg13877670,3166,8034
methylation,1591,cg13879483,3166,8034
methylation,1592,cg13899718,3166,8034
methylation,1593,cg13906377,3166,8034
methylation,1594,cg13912117,3166,8034
methylation,1595,cg13916459,3166,8034
methylation,1596,cg13934406,3166,8034
methylation,1597,cg13941474,3166,8034
methylation,1598,cg13943068,3166,8034
methylation,1599,cg13944468,3166,8034
methylation,1600,cg13945749,3166,8034
methylation,1601,cg13951697,3166,8034
methylation,1602,cg13958426,3166,8034
methylation,1603,cg13990947,3166,8034
methylation,1604,cg13991834,3166,8034
methylation,1605,cg14000361,3166,8034
methylation,1606,cg14007036,3166,8034
methylation,1607,cg14010405,3166,8034
methylation,1608,cg14013695,3166,8034
methylation,1609,cg14014720,3166,8034
methylation,1610,cg14015656,3166,8034
methylation,1611,cg14018024,3166,8034
methylation,1612,cg14025053,3166,8034
methylation,1613,cg14027288,3166,8034
methylation,1614,cg14029489,3166,8034
methylation,1615,cg14029686,3166,8034
methylation,1616,cg14055970,3166,8034
methylation,1617,cg14069088,3166,8034
methylation,1618,cg14072016,3166,8034
methylation,1619,cg14087921,3166,8034
methylation,1620,cg14089267,3166,8034
methylation,1621,cg14089881,3166,8034
methylation,1622,cg14100946,3166,8034
methylation,1623,cg14106234,3166,8034
methylation,1624,cg14108567,3166,8034
methylation,1625,cg14117138,3166,8034
methylation,1626,cg14118515,3166,8034
methylation,1627,cg14120049,3166,8034
methylation,1628,cg14137381,3166,8034
methylation,1629,cg14147498,3166,8034
methylation,1630,cg14160419,3166,8034
methylation,1631,cg14166701,3166,8034
methylation,1632,cg14168530,3166,8034
methylation,1633,cg14169333,3166,8034
methylation,1634,cg14175690,3166,8034
methylation,1635,cg14181576,3166,8034
methylation,1636,cg14189142,3166,8034
methylation,1637,cg14189678,3166,8034
methylation,1638,cg14195925,3166,8034
methylation,1639,cg14196395,3166,8034
methylation,1640,cg14197503,3166,8034
methylation,1641,cg14204784,3166,8034
methylation,1642,cg14211055,3166,8034
methylation,1643,cg14239111,3166,8034
methylation,1644,cg14239515,3166,8034
methylation,1645,cg14249876,3166,8034
methylation,1646,cg14250833,3166,8034
methylation,1647,cg14260083,3166,8034
methylation,1648,cg14262681,3166,8034
methylation,1649,cg14278853,3166,8034
methylation,1650,cg14284618,3166,8034
methylation,1651,cg14294859,3166,8034
methylation,1652,cg14302214,3166,8034
methylation,1653,cg14302471,3166,8034
methylation,1654,cg14308265,3166,8034
methylation,1655,cg14315558,3166,8034
methylation,1656,cg14328115,3166,8034
methylation,1657,cg14359824,3166,8034
methylation,1658,cg14367020,3166,8034
methylation,1659,cg14371731,3166,8034
methylation,1660,cg14377594,3166,8034
methylation,1661,cg14384158,3166,8034
methylation,1662,cg14394550,3166,8034
methylation,1663,cg14409810,3166,8034
methylation,1664,cg14416371,3166,8034
methylation,1665,cg14419975,3166,8034
methylation,1666,cg14449180,3166,8034
methylation,1667,cg14462553,3166,8034
methylation,1668,cg14466580,3166,8034
methylation,1669,cg14482569,3166,8034
methylation,1670,cg14487131,3166,8034
methylation,1671,cg14491820,3166,8034
methylation,1672,cg14496282,3166,8034
methylation,1673,cg14496909,3166,8034
methylation,1674,cg14498592,3166,8034
methylation,1675,cg14500486,3166,8034
methylation,1676,cg14507337,3166,8034
methylation,1677,cg14511923,3166,8034
methylation,1678,cg14523847,3166,8034
methylation,1679,cg14531663,3166,8034
methylation,1680,cg14537533,3166,8034
methylation,1681,cg14543255,3166,8034
methylation,1682,cg14544666,3166,8034
methylation,1683,cg14552947,3166,8034
methylation,1684,cg14557064,3166,8034
methylation,1685,cg14565781,3166,8034
methylation,1686,cg14591667,3166,8034
methylation,1687,cg14595003,3166,8034
methylation,1688,cg14602220,3166,8034
methylation,1689,cg14603098,3166,8034
methylation,1690,cg14608581,3166,8034
methylation,1691,cg14617041,3166,8034
methylation,1692,cg14644001,3166,8034
methylation,1693,cg14646244,3166,8034
methylation,1694,cg14654171,3166,8034
methylation,1695,cg14671764,3166,8034
methylation,1696,cg14672084,3166,8034
methylation,1697,cg14676272,3166,8034
methylation,1698,cg14676825,3166,8034
methylation,1699,cg14684457,3166,8034
methylation,1700,cg14689537,3166,8034
methylation,1701,cg14699728,3166,8034
methylation,1702,cg14711997,3166,8034
methylation,1703,cg14714222,3166,8034
methylation,1704,cg14715697,3166,8034
methylation,1705,cg14716990,3166,8034
methylation,1706,cg14731462,3166,8034
methylation,1707,cg14732324,3166,8034
methylation,1708,cg14736058,3166,8034
methylation,1709,cg14742937,3166,8034
methylation,1710,cg14757228,3166,8034
methylation,1711,cg14763548,3166,8034
methylation,1712,cg14780632,3166,8034
methylation,1713,cg14799457,3166,8034
methylation,1714,cg14802502,3166,8034
methylation,1715,cg14804181,3166,8034
methylation,1716,cg14825735,3166,8034
methylation,1717,cg14831665,3166,8034
methylation,1718,cg14839558,3166,8034
methylation,1719,cg14840848,3166,8034
methylation,1720,cg14841828,3166,8034
methylation,1721,cg14859874,3166,8034
methylation,1722,cg14861089,3166,8034
methylation,1723,cg14891195,3166,8034
methylation,1724,cg14898623,3166,8034
methylation,1725,cg14904662,3166,8034
methylation,1726,cg14931854,3166,8034
methylation,1727,cg14931884,3166,8034
methylation,1728,cg14940871,3166,8034
methylation,1729,cg14958969,3166,8034
methylation,1730,cg14972210,3166,8034
methylation,1731,cg14979301,3166,8034
methylation,1732,cg15003570,3166,8034
methylation,1733,cg15006175,3166,8034
methylation,1734,cg15014975,3166,8034
methylation,1735,cg15015892,3166,8034
methylation,1736,cg15022039,3166,8034
methylation,1737,cg15031661,3166,8034
methylation,1738,cg15083233,3166,8034
methylation,1739,cg15092343,3166,8034
methylation,1740,cg15094236,3166,8034
methylation,1741,cg15126975,3166,8034
methylation,1742,cg15127702,3166,8034
methylation,1743,cg15132565,3166,8034
methylation,1744,cg15133351,3166,8034
methylation,1745,cg15165122,3166,8034
methylation,1746,cg15167871,3166,8034
methylation,1747,cg15219228,3166,8034
methylation,1748,cg15236541,3166,8034
methylation,1749,cg15258447,3166,8034
methylation,1750,cg15267232,3166,8034
methylation,1751,cg15278374,3166,8034
methylation,1752,cg15300436,3166,8034
methylation,1753,cg15316843,3166,8034
methylation,1754,cg15319576,3166,8034
methylation,1755,cg15320905,3166,8034
methylation,1756,cg15346191,3166,8034
methylation,1757,cg15384383,3166,8034
methylation,1758,cg15415452,3166,8034
methylation,1759,cg15415945,3166,8034
methylation,1760,cg15425541,3166,8034
methylation,1761,cg15469871,3166,8034
methylation,1762,cg15497761,3166,8034
methylation,1763,cg15506609,3166,8034
methylation,1764,cg15506703,3166,8034
methylation,1765,cg15507690,3166,8034
methylation,1766,cg15515265,3166,8034
methylation,1767,cg15517113,3166,8034
methylation,1768,cg15532640,3166,8034
methylation,1769,cg15536663,3166,8034
methylation,1770,cg15564098,3166,8034
methylation,1771,cg15579650,3166,8034
methylation,1772,cg15613420,3166,8034
methylation,1773,cg15617814,3166,8034
methylation,1774,cg15622158,3166,8034
methylation,1775,cg15627089,3166,8034
methylation,1776,cg15645309,3166,8034
methylation,1777,cg15659132,3166,8034
methylation,1778,cg15661753,3166,8034
methylation,1779,cg15673034,3166,8034
methylation,1780,cg15680288,3166,8034
methylation,1781,cg15690342,3166,8034
methylation,1782,cg15701794,3166,8034
methylation,1783,cg15709989,3166,8034
methylation,1784,cg15714846,3166,8034
methylation,1785,cg15720535,3166,8034
methylation,1786,cg15720832,3166,8034
methylation,1787,cg15731035,3166,8034
methylation,1788,cg15732840,3166,8034
methylation,1789,cg15732851,3166,8034
methylation,1790,cg15754594,3166,8034
methylation,1791,cg15775406,3166,8034
methylation,1792,cg15779837,3166,8034
methylation,1793,cg15788369,3166,8034
methylation,1794,cg15792134,3166,8034
methylation,1795,cg15811515,3166,8034
methylation,1796,cg15822765,3166,8034
methylation,1797,cg15826897,3166,8034
methylation,1798,cg15827779,3166,8034
methylation,1799,cg15836635,3166,8034
methylation,1800,cg15848890,3166,8034
methylation,1801,cg15871766,3166,8034
methylation,1802,cg15902390,3166,8034
methylation,1803,cg15922174,3166,8034
methylation,1804,cg15928106,3166,8034
methylation,1805,cg15929797,3166,8034
methylation,1806,cg15954353,3166,8034
methylation,1807,cg15958289,3166,8034
methylation,1808,cg15972148,3166,8034
methylation,1809,cg15975806,3166,8034
methylation,1810,cg15977685,3166,8034
methylation,1811,cg15994026,3166,8034
methylation,1812,cg15996480,3166,8034
methylation,1813,cg16017089,3166,8034
methylation,1814,cg16026813,3166,8034
methylation,1815,cg16034168,3166,8034
methylation,1816,cg16038120,3166,8034
methylation,1817,cg16043651,3166,8034
methylation,1818,cg16047279,3166,8034
methylation,1819,cg16049391,3166,8034
methylation,1820,cg16088380,3166,8034
methylation,1821,cg16100355,3166,8034
methylation,1822,cg16104076,3166,8034
methylation,1823,cg16104371,3166,8034
methylation,1824,cg16135989,3166,8034
methylation,1825,cg16150752,3166,8034
methylation,1826,cg16171281,3166,8034
methylation,1827,cg16178603,3166,8034
methylation,1828,cg16179938,3166,8034
methylation,1829,cg16192707,3166,8034
methylation,1830,cg16206460,3166,8034
methylation,1831,cg16207110,3166,8034
methylation,1832,cg16208084,3166,8034
methylation,1833,cg16209517,3166,8034
methylation,1834,cg16210248,3166,8034
methylation,1835,cg16215203,3166,8034
methylation,1836,cg16234557,3166,8034
methylation,1837,cg16234978,3166,8034
methylation,1838,cg16236270,3166,8034
methylation,1839,cg16238993,3166,8034
methylation,1840,cg16252110,3166,8034
methylation,1841,cg16269733,3166,8034
methylation,1842,cg16276063,3166,8034
methylation,1843,cg16276982,3166,8034
methylation,1844,cg16283362,3166,8034
methylation,1845,cg16288089,3166,8034
methylation,1846,cg16296417,3166,8034
methylation,1847,cg16304656,3166,8034
methylation,1848,cg16316624,3166,8034
methylation,1849,cg16319142,3166,8034
methylation,1850,cg16327891,3166,8034
methylation,1851,cg16328106,3166,8034
methylation,1852,cg16340422,3166,8034
methylation,1853,cg16348470,3166,8034
methylation,1854,cg16357225,3166,8034
methylation,1855,cg16364121,3166,8034
methylation,1856,cg16374999,3166,8034
methylation,1857,cg16389901,3166,8034
methylation,1858,cg16393012,3166,8034
methylation,1859,cg16393713,3166,8034
methylation,1860,cg16400631,3166,8034
methylation,1861,cg16414561,3166,8034
methylation,1862,cg16419441,3166,8034
methylation,1863,cg16440561,3166,8034
methylation,1864,cg16454852,3166,8034
methylation,1865,cg16476975,3166,8034
methylation,1866,cg16476991,3166,8034
methylation,1867,cg16481280,3166,8034
methylation,1868,cg16492341,3166,8034
methylation,1869,cg16493071,3166,8034
methylation,1870,cg16505233,3166,8034
methylation,1871,cg16515238,3166,8034
methylation,1872,cg16529477,3166,8034
methylation,1873,cg16547579,3166,8034
methylation,1874,cg16551732,3166,8034
methylation,1875,cg16560389,3166,8034
methylation,1876,cg16566400,3166,8034
methylation,1877,cg16590821,3166,8034
methylation,1878,cg16596604,3166,8034
methylation,1879,cg16601494,3166,8034
methylation,1880,cg16616514,3166,8034
methylation,1881,cg16616521,3166,8034
methylation,1882,cg16620382,3166,8034
methylation,1883,cg16624482,3166,8034
methylation,1884,cg16639311,3166,8034
methylation,1885,cg16639627,3166,8034
methylation,1886,cg16640855,3166,8034
methylation,1887,cg16642284,3166,8034
methylation,1888,cg16647921,3166,8034
methylation,1889,cg16664405,3166,8034
methylation,1890,cg16665866,3166,8034
methylation,1891,cg16672562,3166,8034
methylation,1892,cg16678111,3166,8034
methylation,1893,cg16682903,3166,8034
methylation,1894,cg16683160,3166,8034
methylation,1895,cg16703956,3166,8034
methylation,1896,cg16727201,3166,8034
methylation,1897,cg16729415,3166,8034
methylation,1898,cg16732616,3166,8034
methylation,1899,cg16761390,3166,8034
methylation,1900,cg16765600,3166,8034
methylation,1901,cg16768697,3166,8034
methylation,1902,cg16783204,3166,8034
methylation,1903,cg16786640,3166,8034
methylation,1904,cg16807089,3166,8034
methylation,1905,cg16814680,3166,8034
methylation,1906,cg16824643,3166,8034
methylation,1907,cg16834823,3166,8034
methylation,1908,cg16836311,3166,8034
methylation,1909,cg16848524,3166,8034
methylation,1910,cg16854917,3166,8034
methylation,1911,cg16865446,3166,8034
methylation,1912,cg16865965,3166,8034
methylation,1913,cg16870351,3166,8034
methylation,1914,cg16871561,3166,8034
methylation,1915,cg16888658,3166,8034
methylation,1916,cg16890879,3166,8034
methylation,1917,cg16891080,3166,8034
methylation,1918,cg16896868,3166,8034
methylation,1919,cg16916914,3166,8034
methylation,1920,cg16917193,3166,8034
methylation,1921,cg16922937,3166,8034
methylation,1922,cg16937268,3166,8034
methylation,1923,cg16953816,3166,8034
methylation,1924,cg16959787,3166,8034
methylation,1925,cg16963144,3166,8034
methylation,1926,cg16964348,3166,8034
methylation,1927,cg16967003,3166,8034
methylation,1928,cg16987305,3166,8034
methylation,1929,cg17005319,3166,8034
methylation,1930,cg17024828,3166,8034
methylation,1931,cg17029019,3166,8034
methylation,1932,cg17030173,3166,8034
methylation,1933,cg17033333,3166,8034
methylation,1934,cg17034390,3166,8034
methylation,1935,cg17036062,3166,8034
methylation,1936,cg17059658,3166,8034
methylation,1937,cg17066349,3166,8034
methylation,1938,cg17069068,3166,8034
methylation,1939,cg17090968,3166,8034
methylation,1940,cg17098965,3166,8034
methylation,1941,cg17101450,3166,8034
methylation,1942,cg17117459,3166,8034
methylation,1943,cg17121747,3166,8034
methylation,1944,cg17128947,3166,8034
methylation,1945,cg17130457,3166,8034
methylation,1946,cg17143179,3166,8034
methylation,1947,cg17187762,3166,8034
methylation,1948,cg17204129,3166,8034
methylation,1949,cg17211761,3166,8034
methylation,1950,cg17214381,3166,8034
methylation,1951,cg17214408,3166,8034
methylation,1952,cg17218813,3166,8034
methylation,1953,cg17219660,3166,8034
methylation,1954,cg17227257,3166,8034
methylation,1955,cg17231999,3166,8034
methylation,1956,cg17239236,3166,8034
methylation,1957,cg17242351,3166,8034
methylation,1958,cg17265829,3166,8034
methylation,1959,cg17277001,3166,8034
methylation,1960,cg17292622,3166,8034
methylation,1961,cg17298925,3166,8034
methylation,1962,cg17300544,3166,8034
methylation,1963,cg17320707,3166,8034
methylation,1964,cg17331296,3166,8034
methylation,1965,cg17342469,3166,8034
methylation,1966,cg17342973,3166,8034
methylation,1967,cg17380661,3166,8034
methylation,1968,cg17386213,3166,8034
methylation,1969,cg17390350,3166,8034
methylation,1970,cg17394649,3166,8034
methylation,1971,cg17399362,3166,8034
methylation,1972,cg17400476,3166,8034
methylation,1973,cg17402060,3166,8034
methylation,1974,cg17415265,3166,8034
methylation,1975,cg17431280,3166,8034
methylation,1976,cg17437939,3166,8034
methylation,1977,cg17449954,3166,8034
methylation,1978,cg17455155,3166,8034
methylation,1979,cg17459215,3166,8034
methylation,1980,cg17472800,3166,8034
methylation,1981,cg17478031,3166,8034
methylation,1982,cg17479501,3166,8034
methylation,1983,cg17479716,3166,8034
methylation,1984,cg17485838,3166,8034
methylation,1985,cg17497608,3166,8034
methylation,1986,cg17504394,3166,8034
methylation,1987,cg17504591,3166,8034
methylation,1988,cg17508991,3166,8034
methylation,1989,cg17509039,3166,8034
methylation,1990,cg17510385,3166,8034
methylation,1991,cg17514766,3166,8034
methylation,1992,cg17516247,3166,8034
methylation,1993,cg17520909,3166,8034
methylation,1994,cg17526573,3166,8034
methylation,1995,cg17534029,3166,8034
methylation,1996,cg17538572,3166,8034
methylation,1997,cg17542408,3166,8034
methylation,1998,cg17553149,3166,8034
methylation,1999,cg17569842,3166,8034
methylation,2000,cg17570276,3166,8034
methylation,2001,cg17589883,3166,8034
methylation,2002,cg17601191,3166,8034
methylation,2003,cg17611686,3166,8034
methylation,2004,cg17639394,3166,8034
methylation,2005,cg17642369,3166,8034
methylation,2006,cg17648080,3166,8034
methylation,2007,cg17651959,3166,8034
methylation,2008,cg17664269,3166,8034
methylation,2009,cg17684207,3166,8034
methylation,2010,cg17698295,3166,8034
methylation,2011,cg17712694,3166,8034
methylation,2012,cg17736443,3166,8034
methylation,2013,cg17738521,3166,8034
methylation,2014,cg17754510,3166,8034
methylation,2015,cg17760405,3166,8034
methylation,2016,cg17771031,3166,8034
methylation,2017,cg17774559,3166,8034
methylation,2018,cg17794299,3166,8034
methylation,2019,cg17797591,3166,8034
methylation,2020,cg17800654,3166,8034
methylation,2021,cg17807172,3166,8034
methylation,2022,cg17820022,3166,8034
methylation,2023,cg17825572,3166,8034
methylation,2024,cg17826530,3166,8034
methylation,2025,cg17840719,3166,8034
methylation,2026,cg17842821,3166,8034
methylation,2027,cg17853216,3166,8034
methylation,2028,cg17861863,3166,8034
methylation,2029,cg17870484,3166,8034
methylation,2030,cg17884327,3166,8034
methylation,2031,cg17890940,3166,8034
methylation,2032,cg17919152,3166,8034
methylation,2033,cg17920646,3166,8034
methylation,2034,cg17935217,3166,8034
methylation,2035,cg17939295,3166,8034
methylation,2036,cg17945153,3166,8034
methylation,2037,cg17945789,3166,8034
methylation,2038,cg17949969,3166,8034
methylation,2039,cg17951878,3166,8034
methylation,2040,cg17965712,3166,8034
methylation,2041,cg17985646,3166,8034
methylation,2042,cg17987112,3166,8034
methylation,2043,cg18002126,3166,8034
methylation,2044,cg18010718,3166,8034
methylation,2045,cg18045515,3166,8034
methylation,2046,cg18077971,3166,8034
methylation,2047,cg18082788,3166,8034
methylation,2048,cg18089519,3166,8034
methylation,2049,cg18091469,3166,8034
methylation,2050,cg18096251,3166,8034
methylation,2051,cg18103859,3166,8034
methylation,2052,cg18104919,3166,8034
methylation,2053,cg18108818,3166,8034
methylation,2054,cg18121003,3166,8034
methylation,2055,cg18121066,3166,8034
methylation,2056,cg18130044,3166,8034
methylation,2057,cg18131141,3166,8034
methylation,2058,cg18147048,3166,8034
methylation,2059,cg18147485,3166,8034
methylation,2060,cg18161327,3166,8034
methylation,2061,cg18168101,3166,8034
methylation,2062,cg18173726,3166,8034
methylation,2063,cg18177414,3166,8034
methylation,2064,cg18183817,3166,8034
methylation,2065,cg18197392,3166,8034
methylation,2066,cg18222083,3166,8034
methylation,2067,cg18222500,3166,8034
methylation,2068,cg18229178,3166,8034
methylation,2069,cg18229521,3166,8034
methylation,2070,cg18235050,3166,8034
methylation,2071,cg18243760,3166,8034
methylation,2072,cg18249580,3166,8034
methylation,2073,cg18249634,3166,8034
methylation,2074,cg18263166,3166,8034
methylation,2075,cg18264486,3166,8034
methylation,2076,cg18267049,3166,8034
methylation,2077,cg18273840,3166,8034
methylation,2078,cg18275228,3166,8034
methylation,2079,cg18279094,3166,8034
methylation,2080,cg18282849,3166,8034
methylation,2081,cg18286501,3166,8034
methylation,2082,cg18320766,3166,8034
methylation,2083,cg18322510,3166,8034
methylation,2084,cg18322569,3166,8034
methylation,2085,cg18356974,3166,8034
methylation,2086,cg18363918,3166,8034
methylation,2087,cg18372607,3166,8034
methylation,2088,cg18384460,3166,8034
methylation,2089,cg18384778,3166,8034
methylation,2090,cg18391209,3166,8034
methylation,2091,cg18395917,3166,8034
methylation,2092,cg18401367,3166,8034
methylation,2093,cg18418186,3166,8034
methylation,2094,cg18438793,3166,8034
methylation,2095,cg18440692,3166,8034
methylation,2096,cg18442362,3166,8034
methylation,2097,cg18447772,3166,8034
methylation,2098,cg18448949,3166,8034
methylation,2099,cg18450582,3166,8034
methylation,2100,cg18451016,3166,8034
methylation,2101,cg18456523,3166,8034
methylation,2102,cg18465484,3166,8034
methylation,2103,cg18477674,3166,8034
methylation,2104,cg18479593,3166,8034
methylation,2105,cg18488157,3166,8034
methylation,2106,cg18499201,3166,8034
methylation,2107,cg18502142,3166,8034
methylation,2108,cg18504196,3166,8034
methylation,2109,cg18525352,3166,8034
methylation,2110,cg18537730,3166,8034
methylation,2111,cg18566883,3166,8034
methylation,2112,cg18576957,3166,8034
methylation,2113,cg18579862,3166,8034
methylation,2114,cg18582260,3166,8034
methylation,2115,cg18582992,3166,8034
methylation,2116,cg18586886,3166,8034
methylation,2117,cg18588323,3166,8034
methylation,2118,cg18617005,3166,8034
methylation,2119,cg18623980,3166,8034
methylation,2120,cg18631798,3166,8034
methylation,2121,cg18638914,3166,8034
methylation,2122,cg18648037,3166,8034
methylation,2123,cg18652900,3166,8034
methylation,2124,cg18670236,3166,8034
methylation,2125,cg18684142,3166,8034
methylation,2126,cg18690729,3166,8034
methylation,2127,cg18692070,3166,8034
methylation,2128,cg18698788,3166,8034
methylation,2129,cg18747742,3166,8034
methylation,2130,cg18757172,3166,8034
methylation,2131,cg18758433,3166,8034
methylation,2132,cg18782604,3166,8034
methylation,2133,cg18786593,3166,8034
methylation,2134,cg18786623,3166,8034
methylation,2135,cg18789918,3166,8034
methylation,2136,cg18792131,3166,8034
methylation,2137,cg18794404,3166,8034
methylation,2138,cg18803104,3166,8034
methylation,2139,cg18805164,3166,8034
methylation,2140,cg18812904,3166,8034
methylation,2141,cg18837292,3166,8034
methylation,2142,cg18856388,3166,8034
methylation,2143,cg18857467,3166,8034
methylation,2144,cg18863595,3166,8034
methylation,2145,cg18888655,3166,8034
methylation,2146,cg18890112,3166,8034
methylation,2147,cg18897632,3166,8034
methylation,2148,cg18905461,3166,8034
methylation,2149,cg18908499,3166,8034
methylation,2150,cg18914211,3166,8034
methylation,2151,cg18924324,3166,8034
methylation,2152,cg18952796,3166,8034
methylation,2153,cg18991611,3166,8034
methylation,2154,cg18998000,3166,8034
methylation,2155,cg19045293,3166,8034
methylation,2156,cg19047660,3166,8034
methylation,2157,cg19047868,3166,8034
methylation,2158,cg19050555,3166,8034
methylation,2159,cg19053239,3166,8034
methylation,2160,cg19058865,3166,8034
methylation,2161,cg19092981,3166,8034
methylation,2162,cg19113686,3166,8034
methylation,2163,cg19129687,3166,8034
methylation,2164,cg19147218,3166,8034
methylation,2165,cg19156875,3166,8034
methylation,2166,cg19170881,3166,8034
methylation,2167,cg19180514,3166,8034
methylation,2168,cg19186145,3166,8034
methylation,2169,cg19192280,3166,8034
methylation,2170,cg19206146,3166,8034
methylation,2171,cg19209066,3166,8034
methylation,2172,cg19212949,3166,8034
methylation,2173,cg19220719,3166,8034
methylation,2174,cg19236675,3166,8034
methylation,2175,cg19254118,3166,8034
methylation,2176,cg19254119,3166,8034
methylation,2177,cg19255477,3166,8034
methylation,2178,cg19255783,3166,8034
methylation,2179,cg19256731,3166,8034
methylation,2180,cg19266671,3166,8034
methylation,2181,cg19283806,3166,8034
methylation,2182,cg19291576,3166,8034
methylation,2183,cg19308375,3166,8034
methylation,2184,cg19320476,3166,8034
methylation,2185,cg19332075,3166,8034
methylation,2186,cg19333963,3166,8034
methylation,2187,cg19351954,3166,8034
methylation,2188,cg19362874,3166,8034
methylation,2189,cg19378036,3166,8034
methylation,2190,cg19401033,3166,8034
methylation,2191,cg19407410,3166,8034
methylation,2192,cg19414598,3166,8034
methylation,2193,cg19423622,3166,8034
methylation,2194,cg19437852,3166,8034
methylation,2195,cg19447962,3166,8034
methylation,2196,cg19467964,3166,8034
methylation,2197,cg19474047,3166,8034
methylation,2198,cg19483465,3166,8034
methylation,2199,cg19486070,3166,8034
methylation,2200,cg19513834,3166,8034
methylation,2201,cg19518104,3166,8034
methylation,2202,cg19521279,3166,8034
methylation,2203,cg19526685,3166,8034
methylation,2204,cg19537719,3166,8034
methylation,2205,cg19547192,3166,8034
methylation,2206,cg19551589,3166,8034
methylation,2207,cg19561297,3166,8034
methylation,2208,cg19578835,3166,8034
methylation,2209,cg19579500,3166,8034
methylation,2210,cg19598567,3166,8034
methylation,2211,cg19602728,3166,8034
methylation,2212,cg19603134,3166,8034
methylation,2213,cg19619405,3166,8034
methylation,2214,cg19623418,3166,8034
methylation,2215,cg19640166,3166,8034
methylation,2216,cg19653212,3166,8034
methylation,2217,cg19690984,3166,8034
methylation,2218,cg19695507,3166,8034
methylation,2219,cg19717586,3166,8034
methylation,2220,cg19718309,3166,8034
methylation,2221,cg19728345,3166,8034
methylation,2222,cg19730972,3166,8034
methylation,2223,cg19744936,3166,8034
methylation,2224,cg19749898,3166,8034
methylation,2225,cg19757573,3166,8034
methylation,2226,cg19764370,3166,8034
methylation,2227,cg19770281,3166,8034
methylation,2228,cg19777067,3166,8034
methylation,2229,cg19788741,3166,8034
methylation,2230,cg19807257,3166,8034
methylation,2231,cg19811337,3166,8034
methylation,2232,cg19814934,3166,8034
methylation,2233,cg19821361,3166,8034
methylation,2234,cg19826026,3166,8034
methylation,2235,cg19841369,3166,8034
methylation,2236,cg19846154,3166,8034
methylation,2237,cg19851816,3166,8034
methylation,2238,cg19852958,3166,8034
methylation,2239,cg19859290,3166,8034
methylation,2240,cg19859323,3166,8034
methylation,2241,cg19863655,3166,8034
methylation,2242,cg19870512,3166,8034
methylation,2243,cg19901801,3166,8034
methylation,2244,cg19925204,3166,8034
methylation,2245,cg19933311,3166,8034
methylation,2246,cg19933965,3166,8034
methylation,2247,cg19945931,3166,8034
methylation,2248,cg19954537,3166,8034
methylation,2249,cg19966212,3166,8034
methylation,2250,cg19968840,3166,8034
methylation,2251,cg19974227,3166,8034
methylation,2252,cg19980771,3166,8034
methylation,2253,cg19988482,3166,8034
methylation,2254,cg19990651,3166,8034
methylation,2255,cg19991916,3166,8034
methylation,2256,cg19997179,3166,8034
methylation,2257,cg19997502,3166,8034
methylation,2258,cg20014398,3166,8034
methylation,2259,cg20034617,3166,8034
methylation,2260,cg20034792,3166,8034
methylation,2261,cg20042662,3166,8034
methylation,2262,cg20056542,3166,8034
methylation,2263,cg20058937,3166,8034
methylation,2264,cg20064139,3166,8034
methylation,2265,cg20065768,3166,8034
methylation,2266,cg20072171,3166,8034
methylation,2267,cg20092531,3166,8034
methylation,2268,cg20095609,3166,8034
methylation,2269,cg20098471,3166,8034
methylation,2270,cg20100745,3166,8034
methylation,2271,cg20114732,3166,8034
methylation,2272,cg20137991,3166,8034
methylation,2273,cg20141578,3166,8034
methylation,2274,cg20148575,3166,8034
methylation,2275,cg20151476,3166,8034
methylation,2276,cg20152309,3166,8034
methylation,2277,cg20152430,3166,8034
methylation,2278,cg20162381,3166,8034
methylation,2279,cg20167074,3166,8034
methylation,2280,cg20168806,3166,8034
methylation,2281,cg20172627,3166,8034
methylation,2282,cg20175702,3166,8034
methylation,2283,cg20181739,3166,8034
methylation,2284,cg20196215,3166,8034
methylation,2285,cg20207108,3166,8034
methylation,2286,cg20223392,3166,8034
methylation,2287,cg20228731,3166,8034
methylation,2288,cg20249252,3166,8034
methylation,2289,cg20272979,3166,8034
methylation,2290,cg20286956,3166,8034
methylation,2291,cg20291855,3166,8034
methylation,2292,cg20294319,3166,8034
methylation,2293,cg20302133,3166,8034
methylation,2294,cg20308663,3166,8034
methylation,2295,cg20311002,3166,8034
methylation,2296,cg20341504,3166,8034
methylation,2297,cg20360395,3166,8034
methylation,2298,cg20373036,3166,8034
methylation,2299,cg20386316,3166,8034
methylation,2300,cg20393620,3166,8034
methylation,2301,cg20395967,3166,8034
methylation,2302,cg20399616,3166,8034
methylation,2303,cg20402783,3166,8034
methylation,2304,cg20413202,3166,8034
methylation,2305,cg20415486,3166,8034
methylation,2306,cg20418529,3166,8034
methylation,2307,cg20431191,3166,8034
methylation,2308,cg20432211,3166,8034
methylation,2309,cg20443254,3166,8034
methylation,2310,cg20446334,3166,8034
methylation,2311,cg20449590,3166,8034
methylation,2312,cg20454073,3166,8034
methylation,2313,cg20466478,3166,8034
methylation,2314,cg20475322,3166,8034
methylation,2315,cg20480723,3166,8034
methylation,2316,cg20509869,3166,8034
methylation,2317,cg20512711,3166,8034
methylation,2318,cg20513976,3166,8034
methylation,2319,cg20518446,3166,8034
methylation,2320,cg20520804,3166,8034
methylation,2321,cg20525486,3166,8034
methylation,2322,cg20527270,3166,8034
methylation,2323,cg20555674,3166,8034
methylation,2324,cg20558091,3166,8034
methylation,2325,cg20564892,3166,8034
methylation,2326,cg20601919,3166,8034
methylation,2327,cg20608783,3166,8034
methylation,2328,cg20610452,3166,8034
methylation,2329,cg20631820,3166,8034
methylation,2330,cg20634967,3166,8034
methylation,2331,cg20643952,3166,8034
methylation,2332,cg20647610,3166,8034
methylation,2333,cg20657864,3166,8034
methylation,2334,cg20659435,3166,8034
methylation,2335,cg20663852,3166,8034
methylation,2336,cg20670679,3166,8034
methylation,2337,cg20693607,3166,8034
methylation,2338,cg20740157,3166,8034
methylation,2339,cg20740434,3166,8034
methylation,2340,cg20744163,3166,8034
methylation,2341,cg20749341,3166,8034
methylation,2342,cg20750832,3166,8034
methylation,2343,cg20765408,3166,8034
methylation,2344,cg20766178,3166,8034
methylation,2345,cg20806180,3166,8034
methylation,2346,cg20837735,3166,8034
methylation,2347,cg20844851,3166,8034
methylation,2348,cg20852226,3166,8034
methylation,2349,cg20852851,3166,8034
methylation,2350,cg20853771,3166,8034
methylation,2351,cg20867963,3166,8034
methylation,2352,cg20884887,3166,8034
methylation,2353,cg20916523,3166,8034
methylation,2354,cg20927661,3166,8034
methylation,2355,cg20928945,3166,8034
methylation,2356,cg20945566,3166,8034
methylation,2357,cg20952901,3166,8034
methylation,2358,cg20985450,3166,8034
methylation,2359,cg20992181,3166,8034
methylation,2360,cg21011133,3166,8034
methylation,2361,cg21012788,3166,8034
methylation,2362,cg21017887,3166,8034
methylation,2363,cg21026830,3166,8034
methylation,2364,cg21039708,3166,8034
methylation,2365,cg21042456,3166,8034
methylation,2366,cg21045464,3166,8034
methylation,2367,cg21046148,3166,8034
methylation,2368,cg21049501,3166,8034
methylation,2369,cg21063722,3166,8034
methylation,2370,cg21082028,3166,8034
methylation,2371,cg21090033,3166,8034
methylation,2372,cg21101720,3166,8034
methylation,2373,cg21130374,3166,8034
methylation,2374,cg21131024,3166,8034
methylation,2375,cg21140898,3166,8034
methylation,2376,cg21158163,3166,8034
methylation,2377,cg21159128,3166,8034
methylation,2378,cg21163347,3166,8034
methylation,2379,cg21179088,3166,8034
methylation,2380,cg21189438,3166,8034
methylation,2381,cg21195256,3166,8034
methylation,2382,cg21197336,3166,8034
methylation,2383,cg21201401,3166,8034
methylation,2384,cg21201572,3166,8034
methylation,2385,cg21202716,3166,8034
methylation,2386,cg21215550,3166,8034
methylation,2387,cg21229570,3166,8034
methylation,2388,cg21239227,3166,8034
methylation,2389,cg21261158,3166,8034
methylation,2390,cg21266502,3166,8034
methylation,2391,cg21273275,3166,8034
methylation,2392,cg21277995,3166,8034
methylation,2393,cg21287054,3166,8034
methylation,2394,cg21290550,3166,8034
methylation,2395,cg21306240,3166,8034
methylation,2396,cg21322654,3166,8034
methylation,2397,cg21334513,3166,8034
methylation,2398,cg21340500,3166,8034
methylation,2399,cg21342392,3166,8034
methylation,2400,cg21383810,3166,8034
methylation,2401,cg21385746,3166,8034
methylation,2402,cg21394171,3166,8034
methylation,2403,cg21398280,3166,8034
methylation,2404,cg21399832,3166,8034
methylation,2405,cg21418534,3166,8034
methylation,2406,cg21428990,3166,8034
methylation,2407,cg21435684,3166,8034
methylation,2408,cg21472506,3166,8034
methylation,2409,cg21475076,3166,8034
methylation,2410,cg21479226,3166,8034
methylation,2411,cg21488538,3166,8034
methylation,2412,cg21493516,3166,8034
methylation,2413,cg21523564,3166,8034
methylation,2414,cg21538684,3166,8034
methylation,2415,cg21540621,3166,8034
methylation,2416,cg21549195,3166,8034
methylation,2417,cg21565960,3166,8034
methylation,2418,cg21570209,3166,8034
methylation,2419,cg21574271,3166,8034
methylation,2420,cg21576525,3166,8034
methylation,2421,cg21587238,3166,8034
methylation,2422,cg21606928,3166,8034
methylation,2423,cg21609526,3166,8034
methylation,2424,cg21621104,3166,8034
methylation,2425,cg21624902,3166,8034
methylation,2426,cg21629500,3166,8034
methylation,2427,cg21691367,3166,8034
methylation,2428,cg21711862,3166,8034
methylation,2429,cg21723903,3166,8034
methylation,2430,cg21726372,3166,8034
methylation,2431,cg21729992,3166,8034
methylation,2432,cg21730858,3166,8034
methylation,2433,cg21743907,3166,8034
methylation,2434,cg21749794,3166,8034
methylation,2435,cg21769093,3166,8034
methylation,2436,cg21770800,3166,8034
methylation,2437,cg21773872,3166,8034
methylation,2438,cg21775245,3166,8034
methylation,2439,cg21790626,3166,8034
methylation,2440,cg21792155,3166,8034
methylation,2441,cg21805936,3166,8034
methylation,2442,cg21809927,3166,8034
methylation,2443,cg21816330,3166,8034
methylation,2444,cg21827317,3166,8034
methylation,2445,cg21878746,3166,8034
methylation,2446,cg21884231,3166,8034
methylation,2447,cg21887193,3166,8034
methylation,2448,cg21899374,3166,8034
methylation,2449,cg21899596,3166,8034
methylation,2450,cg21912308,3166,8034
methylation,2451,cg21920221,3166,8034
methylation,2452,cg21935981,3166,8034
methylation,2453,cg21941030,3166,8034
methylation,2454,cg21974506,3166,8034
methylation,2455,cg21983484,3166,8034
methylation,2456,cg21986027,3166,8034
methylation,2457,cg22022580,3166,8034
methylation,2458,cg22047295,3166,8034
methylation,2459,cg22052659,3166,8034
methylation,2460,cg22084642,3166,8034
methylation,2461,cg22120095,3166,8034
methylation,2462,cg22153181,3166,8034
methylation,2463,cg22158650,3166,8034
methylation,2464,cg22164298,3166,8034
methylation,2465,cg22169990,3166,8034
methylation,2466,cg22177308,3166,8034
methylation,2467,cg22178238,3166,8034
methylation,2468,cg22191981,3166,8034
methylation,2469,cg22193912,3166,8034
methylation,2470,cg22195627,3166,8034
methylation,2471,cg22198044,3166,8034
methylation,2472,cg22198853,3166,8034
methylation,2473,cg22210627,3166,8034
methylation,2474,cg22212414,3166,8034
methylation,2475,cg22221554,3166,8034
methylation,2476,cg22222281,3166,8034
methylation,2477,cg22223600,3166,8034
methylation,2478,cg22229906,3166,8034
methylation,2479,cg22235821,3166,8034
methylation,2480,cg22254463,3166,8034
methylation,2481,cg22266001,3166,8034
methylation,2482,cg22272282,3166,8034
methylation,2483,cg22282405,3166,8034
methylation,2484,cg22287064,3166,8034
methylation,2485,cg22304399,3166,8034
methylation,2486,cg22305167,3166,8034
methylation,2487,cg22318514,3166,8034
methylation,2488,cg22333214,3166,8034
methylation,2489,cg22348992,3166,8034
methylation,2490,cg22365276,3166,8034
methylation,2491,cg22369786,3166,8034
methylation,2492,cg22388634,3166,8034
methylation,2493,cg22399133,3166,8034
methylation,2494,cg22400703,3166,8034
methylation,2495,cg22425474,3166,8034
methylation,2496,cg22438763,3166,8034
methylation,2497,cg22455450,3166,8034
methylation,2498,cg22457769,3166,8034
methylation,2499,cg22471075,3166,8034
methylation,2500,cg22471726,3166,8034
methylation,2501,cg22473620,3166,8034
methylation,2502,cg22473637,3166,8034
methylation,2503,cg22474464,3166,8034
methylation,2504,cg22498143,3166,8034
methylation,2505,cg22511877,3166,8034
methylation,2506,cg22524061,3166,8034
methylation,2507,cg22524657,3166,8034
methylation,2508,cg22541735,3166,8034
methylation,2509,cg22549041,3166,8034
methylation,2510,cg22557662,3166,8034
methylation,2511,cg22572362,3166,8034
methylation,2512,cg22604316,3166,8034
methylation,2513,cg22614142,3166,8034
methylation,2514,cg22617773,3166,8034
methylation,2515,cg22620090,3166,8034
methylation,2516,cg22653140,3166,8034
methylation,2517,cg22674699,3166,8034
methylation,2518,cg22676075,3166,8034
methylation,2519,cg22679813,3166,8034
methylation,2520,cg22711676,3166,8034
methylation,2521,cg22719241,3166,8034
methylation,2522,cg22723502,3166,8034
methylation,2523,cg22727783,3166,8034
methylation,2524,cg22731271,3166,8034
methylation,2525,cg22741735,3166,8034
methylation,2526,cg22747076,3166,8034
methylation,2527,cg22759823,3166,8034
methylation,2528,cg22761670,3166,8034
methylation,2529,cg22774088,3166,8034
methylation,2530,cg22777724,3166,8034
methylation,2531,cg22779651,3166,8034
methylation,2532,cg22784954,3166,8034
methylation,2533,cg22790377,3166,8034
methylation,2534,cg22794704,3166,8034
methylation,2535,cg22795586,3166,8034
methylation,2536,cg22797031,3166,8034
methylation,2537,cg22798849,3166,8034
methylation,2538,cg22817352,3166,8034
methylation,2539,cg22830113,3166,8034
methylation,2540,cg22846914,3166,8034
methylation,2541,cg22848598,3166,8034
methylation,2542,cg22855020,3166,8034
methylation,2543,cg22855900,3166,8034
methylation,2544,cg22861116,3166,8034
methylation,2545,cg22865470,3166,8034
methylation,2546,cg22875872,3166,8034
methylation,2547,cg22876812,3166,8034
methylation,2548,cg22877570,3166,8034
methylation,2549,cg22881914,3166,8034
methylation,2550,cg22897615,3166,8034
methylation,2551,cg22900057,3166,8034
methylation,2552,cg22900415,3166,8034
methylation,2553,cg22943986,3166,8034
methylation,2554,cg22954449,3166,8034
methylation,2555,cg22958090,3166,8034
methylation,2556,cg22986569,3166,8034
methylation,2557,cg22992730,3166,8034
methylation,2558,cg23004031,3166,8034
methylation,2559,cg23010538,3166,8034
methylation,2560,cg23030069,3166,8034
methylation,2561,cg23044884,3166,8034
methylation,2562,cg23049458,3166,8034
methylation,2563,cg23060646,3166,8034
methylation,2564,cg23064609,3166,8034
methylation,2565,cg23066280,3166,8034
methylation,2566,cg23072161,3166,8034
methylation,2567,cg23076537,3166,8034
methylation,2568,cg23076870,3166,8034
methylation,2569,cg23079252,3166,8034
methylation,2570,cg23089825,3166,8034
methylation,2571,cg23097402,3166,8034
methylation,2572,cg23141355,3166,8034
methylation,2573,cg23161999,3166,8034
methylation,2574,cg23168425,3166,8034
methylation,2575,cg23179456,3166,8034
methylation,2576,cg23180938,3166,8034
methylation,2577,cg23189410,3166,8034
methylation,2578,cg23192683,3166,8034
methylation,2579,cg23200020,3166,8034
methylation,2580,cg23206888,3166,8034
methylation,2581,cg23218354,3166,8034
methylation,2582,cg23230478,3166,8034
methylation,2583,cg23238315,3166,8034
methylation,2584,cg23241448,3166,8034
methylation,2585,cg23241781,3166,8034
methylation,2586,cg23244022,3166,8034
methylation,2587,cg23244910,3166,8034
methylation,2588,cg23250574,3166,8034
methylation,2589,cg23253309,3166,8034
methylation,2590,cg23263937,3166,8034
methylation,2591,cg23267759,3166,8034
methylation,2592,cg23270529,3166,8034
methylation,2593,cg23278418,3166,8034
methylation,2594,cg23279522,3166,8034
methylation,2595,cg23281529,3166,8034
methylation,2596,cg23286646,3166,8034
methylation,2597,cg23298862,3166,8034
methylation,2598,cg23302649,3166,8034
methylation,2599,cg23314826,3166,8034
methylation,2600,cg23363832,3166,8034
methylation,2601,cg23363971,3166,8034
methylation,2602,cg23385248,3166,8034
methylation,2603,cg23398076,3166,8034
methylation,2604,cg23401796,3166,8034
methylation,2605,cg23424003,3166,8034
methylation,2606,cg23426945,3166,8034
methylation,2607,cg23460250,3166,8034
methylation,2608,cg23462514,3166,8034
methylation,2609,cg23479922,3166,8034
methylation,2610,cg23483765,3166,8034
methylation,2611,cg23497020,3166,8034
methylation,2612,cg23497383,3166,8034
methylation,2613,cg23498518,3166,8034
methylation,2614,cg23505823,3166,8034
methylation,2615,cg23507945,3166,8034
methylation,2616,cg23521140,3166,8034
methylation,2617,cg23536473,3166,8034
methylation,2618,cg23541975,3166,8034
methylation,2619,cg23561979,3166,8034
methylation,2620,cg23572908,3166,8034
methylation,2621,cg23586322,3166,8034
methylation,2622,cg23591302,3166,8034
methylation,2623,cg23591609,3166,8034
methylation,2624,cg23615741,3166,8034
methylation,2625,cg23619365,3166,8034
methylation,2626,cg23642130,3166,8034
methylation,2627,cg23643466,3166,8034
methylation,2628,cg23651889,3166,8034
methylation,2629,cg23655970,3166,8034
methylation,2630,cg23663774,3166,8034
methylation,2631,cg23668057,3166,8034
methylation,2632,cg23687466,3166,8034
methylation,2633,cg23689428,3166,8034
methylation,2634,cg23690166,3166,8034
methylation,2635,cg23696472,3166,8034
methylation,2636,cg23697546,3166,8034
methylation,2637,cg23720395,3166,8034
methylation,2638,cg23727983,3166,8034
methylation,2639,cg23731272,3166,8034
methylation,2640,cg23736843,3166,8034
methylation,2641,cg23737737,3166,8034
methylation,2642,cg23739746,3166,8034
methylation,2643,cg23749482,3166,8034
methylation,2644,cg23752752,3166,8034
methylation,2645,cg23774717,3166,8034
methylation,2646,cg23780110,3166,8034
methylation,2647,cg23806894,3166,8034
methylation,2648,cg23807071,3166,8034
methylation,2649,cg23850904,3166,8034
methylation,2650,cg23864180,3166,8034
methylation,2651,cg23881926,3166,8034
methylation,2652,cg23906738,3166,8034
methylation,2653,cg23913421,3166,8034
methylation,2654,cg23920953,3166,8034
methylation,2655,cg23921031,3166,8034
methylation,2656,cg23934731,3166,8034
methylation,2657,cg23935616,3166,8034
methylation,2658,cg23947326,3166,8034
methylation,2659,cg23971170,3166,8034
methylation,2660,cg23972738,3166,8034
methylation,2661,cg23989821,3166,8034
methylation,2662,cg24000814,3166,8034
methylation,2663,cg24025550,3166,8034
methylation,2664,cg24028634,3166,8034
methylation,2665,cg24033558,3166,8034
methylation,2666,cg24033633,3166,8034
methylation,2667,cg24036791,3166,8034
methylation,2668,cg24058604,3166,8034
methylation,2669,cg24064594,3166,8034
methylation,2670,cg24067911,3166,8034
methylation,2671,cg24113818,3166,8034
methylation,2672,cg24118856,3166,8034
methylation,2673,cg24122124,3166,8034
methylation,2674,cg24145118,3166,8034
methylation,2675,cg24150623,3166,8034
methylation,2676,cg24157892,3166,8034
methylation,2677,cg24158259,3166,8034
methylation,2678,cg24169669,3166,8034
methylation,2679,cg24180402,3166,8034
methylation,2680,cg24186901,3166,8034
methylation,2681,cg24208826,3166,8034
methylation,2682,cg24213115,3166,8034
methylation,2683,cg24215159,3166,8034
methylation,2684,cg24221648,3166,8034
methylation,2685,cg24222580,3166,8034
methylation,2686,cg24245418,3166,8034
methylation,2687,cg24258712,3166,8034
methylation,2688,cg24264679,3166,8034
methylation,2689,cg24324815,3166,8034
methylation,2690,cg24336989,3166,8034
methylation,2691,cg24361265,3166,8034
methylation,2692,cg24368848,3166,8034
methylation,2693,cg24375409,3166,8034
methylation,2694,cg24377694,3166,8034
methylation,2695,cg24384244,3166,8034
methylation,2696,cg24393673,3166,8034
methylation,2697,cg24401557,3166,8034
methylation,2698,cg24402880,3166,8034
methylation,2699,cg24403845,3166,8034
methylation,2700,cg24415208,3166,8034
methylation,2701,cg24435747,3166,8034
methylation,2702,cg24441810,3166,8034
methylation,2703,cg24452128,3166,8034
methylation,2704,cg24452821,3166,8034
methylation,2705,cg24463471,3166,8034
methylation,2706,cg24471254,3166,8034
methylation,2707,cg24472375,3166,8034
methylation,2708,cg24480012,3166,8034
methylation,2709,cg24495585,3166,8034
methylation,2710,cg24496841,3166,8034
methylation,2711,cg24504927,3166,8034
methylation,2712,cg24506221,3166,8034
methylation,2713,cg24520538,3166,8034
methylation,2714,cg24522254,3166,8034
methylation,2715,cg24527636,3166,8034
methylation,2716,cg24530250,3166,8034
methylation,2717,cg24545961,3166,8034
methylation,2718,cg24591770,3166,8034
methylation,2719,cg24595510,3166,8034
methylation,2720,cg24595606,3166,8034
methylation,2721,cg24598094,3166,8034
methylation,2722,cg24603408,3166,8034
methylation,2723,cg24626659,3166,8034
methylation,2724,cg24630957,3166,8034
methylation,2725,cg24631482,3166,8034
methylation,2726,cg24634471,3166,8034
methylation,2727,cg24638099,3166,8034
methylation,2728,cg24644902,3166,8034
methylation,2729,cg24645214,3166,8034
methylation,2730,cg24659037,3166,8034
methylation,2731,cg24660635,3166,8034
methylation,2732,cg24676071,3166,8034
methylation,2733,cg24676817,3166,8034
methylation,2734,cg24680632,3166,8034
methylation,2735,cg24681845,3166,8034
methylation,2736,cg24685006,3166,8034
methylation,2737,cg24686610,3166,8034
methylation,2738,cg24691854,3166,8034
methylation,2739,cg24702147,3166,8034
methylation,2740,cg24722577,3166,8034
methylation,2741,cg24725789,3166,8034
methylation,2742,cg24751154,3166,8034
methylation,2743,cg24757310,3166,8034
methylation,2744,cg24772753,3166,8034
methylation,2745,cg24779941,3166,8034
methylation,2746,cg24788034,3166,8034
methylation,2747,cg24810735,3166,8034
methylation,2748,cg24816460,3166,8034
methylation,2749,cg24818939,3166,8034
methylation,2750,cg24820672,3166,8034
methylation,2751,cg24830730,3166,8034
methylation,2752,cg24833737,3166,8034
methylation,2753,cg24837370,3166,8034
methylation,2754,cg24843380,3166,8034
methylation,2755,cg24847685,3166,8034
methylation,2756,cg24854181,3166,8034
methylation,2757,cg24866923,3166,8034
methylation,2758,cg24879782,3166,8034
methylation,2759,cg24880787,3166,8034
methylation,2760,cg24882673,3166,8034
methylation,2761,cg24884444,3166,8034
methylation,2762,cg24884703,3166,8034
methylation,2763,cg24886257,3166,8034
methylation,2764,cg24887265,3166,8034
methylation,2765,cg24888257,3166,8034
methylation,2766,cg24892966,3166,8034
methylation,2767,cg24898738,3166,8034
methylation,2768,cg24902339,3166,8034
methylation,2769,cg24908198,3166,8034
methylation,2770,cg24922129,3166,8034
methylation,2771,cg24932457,3166,8034
methylation,2772,cg24936799,3166,8034
methylation,2773,cg24937727,3166,8034
methylation,2774,cg24940370,3166,8034
methylation,2775,cg24940967,3166,8034
methylation,2776,cg24945462,3166,8034
methylation,2777,cg24960947,3166,8034
methylation,2778,cg24968629,3166,8034
methylation,2779,cg24977670,3166,8034
methylation,2780,cg24980653,3166,8034
methylation,2781,cg24994127,3166,8034
methylation,2782,cg24995678,3166,8034
methylation,2783,cg25017223,3166,8034
methylation,2784,cg25020286,3166,8034
methylation,2785,cg25025181,3166,8034
methylation,2786,cg25032595,3166,8034
methylation,2787,cg25035631,3166,8034
methylation,2788,cg25078444,3166,8034
methylation,2789,cg25092838,3166,8034
methylation,2790,cg25123362,3166,8034
methylation,2791,cg25132467,3166,8034
methylation,2792,cg25144893,3166,8034
methylation,2793,cg25153741,3166,8034
methylation,2794,cg25181710,3166,8034
methylation,2795,cg25189564,3166,8034
methylation,2796,cg25200152,3166,8034
methylation,2797,cg25225379,3166,8034
methylation,2798,cg25228422,3166,8034
methylation,2799,cg25244238,3166,8034
methylation,2800,cg25249286,3166,8034
methylation,2801,cg25249728,3166,8034
methylation,2802,cg25266629,3166,8034
methylation,2803,cg25267258,3166,8034
methylation,2804,cg25282976,3166,8034
methylation,2805,cg25283465,3166,8034
methylation,2806,cg25284397,3166,8034
methylation,2807,cg25285090,3166,8034
methylation,2808,cg25287071,3166,8034
methylation,2809,cg25296103,3166,8034
methylation,2810,cg25307318,3166,8034
methylation,2811,cg25317585,3166,8034
methylation,2812,cg25318809,3166,8034
methylation,2813,cg25319067,3166,8034
methylation,2814,cg25320388,3166,8034
methylation,2815,cg25334934,3166,8034
methylation,2816,cg25335841,3166,8034
methylation,2817,cg25339054,3166,8034
methylation,2818,cg25339566,3166,8034
methylation,2819,cg25340711,3166,8034
methylation,2820,cg25356678,3166,8034
methylation,2821,cg25363807,3166,8034
methylation,2822,cg25382573,3166,8034
methylation,2823,cg25407979,3166,8034
methylation,2824,cg25416067,3166,8034
methylation,2825,cg25446076,3166,8034
methylation,2826,cg25462303,3166,8034
methylation,2827,cg25463742,3166,8034
methylation,2828,cg25464921,3166,8034
methylation,2829,cg25480336,3166,8034
methylation,2830,cg25499397,3166,8034
methylation,2831,cg25503804,3166,8034
methylation,2832,cg25518868,3166,8034
methylation,2833,cg25528916,3166,8034
methylation,2834,cg25537993,3166,8034
methylation,2835,cg25539045,3166,8034
methylation,2836,cg25542878,3166,8034
methylation,2837,cg25547580,3166,8034
methylation,2838,cg25548414,3166,8034
methylation,2839,cg25553466,3166,8034
methylation,2840,cg25556905,3166,8034
methylation,2841,cg25570913,3166,8034
methylation,2842,cg25588389,3166,8034
methylation,2843,cg25590114,3166,8034
methylation,2844,cg25599924,3166,8034
methylation,2845,cg25622366,3166,8034
methylation,2846,cg25633678,3166,8034
methylation,2847,cg25640519,3166,8034
methylation,2848,cg25645064,3166,8034
methylation,2849,cg25650256,3166,8034
methylation,2850,cg25650964,3166,8034
methylation,2851,cg25654695,3166,8034
methylation,2852,cg25691167,3166,8034
methylation,2853,cg25693302,3166,8034
methylation,2854,cg25702651,3166,8034
methylation,2855,cg25714865,3166,8034
methylation,2856,cg25718467,3166,8034
methylation,2857,cg25726664,3166,8034
methylation,2858,cg25737323,3166,8034
methylation,2859,cg25740565,3166,8034
methylation,2860,cg25746778,3166,8034
methylation,2861,cg25764899,3166,8034
methylation,2862,cg25774643,3166,8034
methylation,2863,cg25788549,3166,8034
methylation,2864,cg25800638,3166,8034
methylation,2865,cg25810484,3166,8034
methylation,2866,cg25824828,3166,8034
methylation,2867,cg25831075,3166,8034
methylation,2868,cg25851313,3166,8034
methylation,2869,cg25858132,3166,8034
methylation,2870,cg25863289,3166,8034
methylation,2871,cg25884711,3166,8034
methylation,2872,cg25885280,3166,8034
methylation,2873,cg25888386,3166,8034
methylation,2874,cg25888700,3166,8034
methylation,2875,cg25900085,3166,8034
methylation,2876,cg25916282,3166,8034
methylation,2877,cg25923609,3166,8034
methylation,2878,cg25928819,3166,8034
methylation,2879,cg25929664,3166,8034
methylation,2880,cg25942990,3166,8034
methylation,2881,cg25946059,3166,8034
methylation,2882,cg25947619,3166,8034
methylation,2883,cg25950112,3166,8034
methylation,2884,cg25950625,3166,8034
methylation,2885,cg25950739,3166,8034
methylation,2886,cg25968569,3166,8034
methylation,2887,cg26001902,3166,8034
methylation,2888,cg26007189,3166,8034
methylation,2889,cg26010218,3166,8034
methylation,2890,cg26010734,3166,8034
methylation,2891,cg26014185,3166,8034
methylation,2892,cg26014538,3166,8034
methylation,2893,cg26016267,3166,8034
methylation,2894,cg26018685,3166,8034
methylation,2895,cg26019295,3166,8034
methylation,2896,cg26019472,3166,8034
methylation,2897,cg26023405,3166,8034
methylation,2898,cg26027669,3166,8034
methylation,2899,cg26029345,3166,8034
methylation,2900,cg26055747,3166,8034
methylation,2901,cg26056277,3166,8034
methylation,2902,cg26065488,3166,8034
methylation,2903,cg26071526,3166,8034
methylation,2904,cg26074603,3166,8034
methylation,2905,cg26090107,3166,8034
methylation,2906,cg26107890,3166,8034
methylation,2907,cg26109154,3166,8034
methylation,2908,cg26115633,3166,8034
methylation,2909,cg26116950,3166,8034
methylation,2910,cg26121931,3166,8034
methylation,2911,cg26132774,3166,8034
methylation,2912,cg26153054,3166,8034
methylation,2913,cg26166854,3166,8034
methylation,2914,cg26173773,3166,8034
methylation,2915,cg26187313,3166,8034
methylation,2916,cg26190890,3166,8034
methylation,2917,cg26203572,3166,8034
methylation,2918,cg26205771,3166,8034
methylation,2919,cg26210445,3166,8034
methylation,2920,cg26212328,3166,8034
methylation,2921,cg26228266,3166,8034
methylation,2922,cg26232553,3166,8034
methylation,2923,cg26238975,3166,8034
methylation,2924,cg26242687,3166,8034
methylation,2925,cg26246807,3166,8034
methylation,2926,cg26248173,3166,8034
methylation,2927,cg26256263,3166,8034
methylation,2928,cg26263234,3166,8034
methylation,2929,cg26289436,3166,8034
methylation,2930,cg26296488,3166,8034
methylation,2931,cg26299169,3166,8034
methylation,2932,cg26303165,3166,8034
methylation,2933,cg26315984,3166,8034
methylation,2934,cg26327666,3166,8034
methylation,2935,cg26328335,3166,8034
methylation,2936,cg26344227,3166,8034
methylation,2937,cg26345613,3166,8034
methylation,2938,cg26354493,3166,8034
methylation,2939,cg26363759,3166,8034
methylation,2940,cg26379258,3166,8034
methylation,2941,cg26383138,3166,8034
methylation,2942,cg26386273,3166,8034
methylation,2943,cg26388816,3166,8034
methylation,2944,cg26401673,3166,8034
methylation,2945,cg26402417,3166,8034
methylation,2946,cg26402660,3166,8034
methylation,2947,cg26439324,3166,8034
methylation,2948,cg26440261,3166,8034
methylation,2949,cg26440289,3166,8034
methylation,2950,cg26444528,3166,8034
methylation,2951,cg26450106,3166,8034
methylation,2952,cg26452868,3166,8034
methylation,2953,cg26466587,3166,8034
methylation,2954,cg26479374,3166,8034
methylation,2955,cg26479667,3166,8034
methylation,2956,cg26483229,3166,8034
methylation,2957,cg26484108,3166,8034
methylation,2958,cg26491818,3166,8034
methylation,2959,cg26492446,3166,8034
methylation,2960,cg26503877,3166,8034
methylation,2961,cg26518861,3166,8034
methylation,2962,cg26542218,3166,8034
methylation,2963,cg26579713,3166,8034
methylation,2964,cg26584339,3166,8034
methylation,2965,cg26614816,3166,8034
methylation,2966,cg26635219,3166,8034
methylation,2967,cg26645082,3166,8034
methylation,2968,cg26645242,3166,8034
methylation,2969,cg26645432,3166,8034
methylation,2970,cg26650638,3166,8034
methylation,2971,cg26655004,3166,8034
methylation,2972,cg26667946,3166,8034
methylation,2973,cg26676468,3166,8034
methylation,2974,cg26678138,3166,8034
methylation,2975,cg26681770,3166,8034
methylation,2976,cg26695758,3166,8034
methylation,2977,cg26708220,3166,8034
methylation,2978,cg26718878,3166,8034
methylation,2979,cg26720913,3166,8034
methylation,2980,cg26728709,3166,8034
methylation,2981,cg26730416,3166,8034
methylation,2982,cg26749518,3166,8034
methylation,2983,cg26751972,3166,8034
methylation,2984,cg26764761,3166,8034
methylation,2985,cg26767081,3166,8034
methylation,2986,cg26777729,3166,8034
methylation,2987,cg26777760,3166,8034
methylation,2988,cg26783057,3166,8034
methylation,2989,cg26790247,3166,8034
methylation,2990,cg26791879,3166,8034
methylation,2991,cg26799474,3166,8034
methylation,2992,cg26809635,3166,8034
methylation,2993,cg26814987,3166,8034
methylation,2994,cg26818625,3166,8034
methylation,2995,cg26831119,3166,8034
methylation,2996,cg26839512,3166,8034
methylation,2997,cg26841013,3166,8034
methylation,2998,cg26863534,3166,8034
methylation,2999,cg26864714,3166,8034
methylation,3000,cg26864905,3166,8034
methylation,3001,cg26871372,3166,8034
methylation,3002,cg26874367,3166,8034
methylation,3003,cg26922917,3166,8034
methylation,3004,cg26923862,3166,8034
methylation,3005,cg26924392,3166,8034
methylation,3006,cg26937434,3166,8034
methylation,3007,cg26966828,3166,8034
methylation,3008,cg26988617,3166,8034
methylation,3009,cg26996569,3166,8034
methylation,3010,cg26998274,3166,8034
methylation,3011,cg27005749,3166,8034
methylation,3012,cg27011480,3166,8034
methylation,3013,cg27032232,3166,8034
methylation,3014,cg27049766,3166,8034
methylation,3015,cg27064482,3166,8034
methylation,3016,cg27071152,3166,8034
methylation,3017,cg27072996,3166,8034
methylation,3018,cg27080287,3166,8034
methylation,3019,cg27082921,3166,8034
methylation,3020,cg27085741,3166,8034
methylation,3021,cg27097992,3166,8034
methylation,3022,cg27100370,3166,8034
methylation,3023,cg27102141,3166,8034
methylation,3024,cg27104173,3166,8034
methylation,3025,cg27109129,3166,8034
methylation,3026,cg27109912,3166,8034
methylation,3027,cg27131891,3166,8034
methylation,3028,cg27132471,3166,8034
methylation,3029,cg27164770,3166,8034
methylation,3030,cg27169846,3166,8034
methylation,3031,cg27169860,3166,8034
methylation,3032,cg27179101,3166,8034
methylation,3033,cg27189087,3166,8034
methylation,3034,cg27196974,3166,8034
methylation,3035,cg27209741,3166,8034
methylation,3036,cg27219841,3166,8034
methylation,3037,cg27234864,3166,8034
methylation,3038,cg27252696,3166,8034
methylation,3039,cg27255239,3166,8034
methylation,3040,cg27258050,3166,8034
methylation,3041,cg27260772,3166,8034
methylation,3042,cg27267227,3166,8034
methylation,3043,cg27268352,3166,8034
methylation,3044,cg27272853,3166,8034
methylation,3045,cg27277463,3166,8034
methylation,3046,cg27282900,3166,8034
methylation,3047,cg27285720,3166,8034
methylation,3048,cg27297441,3166,8034
methylation,3049,cg27341866,3166,8034
methylation,3050,cg27342919,3166,8034
methylation,3051,cg27359566,3166,8034
methylation,3052,cg27363327,3166,8034
methylation,3053,cg27393010,3166,8034
methylation,3054,cg27413563,3166,8034
methylation,3055,cg27416863,3166,8034
methylation,3056,cg27436995,3166,8034
methylation,3057,cg27456203,3166,8034
methylation,3058,cg27466845,3166,8034
methylation,3059,cg27488875,3166,8034
methylation,3060,cg27494647,3166,8034
methylation,3061,cg27519622,3166,8034
methylation,3062,cg27527630,3166,8034
methylation,3063,cg27527798,3166,8034
methylation,3064,cg27546977,3166,8034
methylation,3065,cg27548075,3166,8034
methylation,3066,cg27549720,3166,8034
methylation,3067,cg27555582,3166,8034
methylation,3068,cg27576485,3166,8034
methylation,3069,cg27586797,3166,8034
methylation,3070,cg27592331,3166,8034
methylation,3071,cg27610821,3166,8034
methylation,3072,cg27616227,3166,8034
methylation,3073,cg27636310,3166,8034
methylation,3074,cg27649239,3166,8034
methylation,3075,cg27656658,3166,8034
methylation,3076,cg27663938,3166,8034
methylation,3077,cg27664085,3166,8034
methylation,3078,rs10033147,3166,8034
methylation,3079,rs1019916,3166,8034
methylation,3080,rs1040870,3166,8034
methylation,3081,rs10457834,3166,8034
methylation,3082,rs10774834,3166,8034
methylation,3083,rs10796216,3166,8034
methylation,3084,rs10846239,3166,8034
methylation,3085,rs10882854,3166,8034
methylation,3086,rs10936224,3166,8034
methylation,3087,rs11034952,3166,8034
methylation,3088,rs11249206,3166,8034
methylation,3089,rs13369115,3166,8034
methylation,3090,rs133860,3166,8034
methylation,3091,rs1414097,3166,8034
methylation,3092,rs1416770,3166,8034
methylation,3093,rs1467387,3166,8034
methylation,3094,rs1484127,3166,8034
methylation,3095,rs1495031,3166,8034
methylation,3096,rs1510189,3166,8034
methylation,3097,rs1510480,3166,8034
methylation,3098,rs1520670,3166,8034
methylation,3099,rs1941955,3166,8034
methylation,3100,rs1945975,3166,8034
methylation,3101,rs2032088,3166,8034
methylation,3102,rs2125573,3166,8034
methylation,3103,rs213028,3166,8034
methylation,3104,rs2235751,3166,8034
methylation,3105,rs2385226,3166,8034
methylation,3106,rs2468330,3166,8034
methylation,3107,rs2521373,3166,8034
methylation,3108,rs264581,3166,8034
methylation,3109,rs2804694,3166,8034
methylation,3110,rs2857639,3166,8034
methylation,3111,rs348937,3166,8034
methylation,3112,rs3818562,3166,8034
methylation,3113,rs3936238,3166,8034
methylation,3114,rs4331560,3166,8034
methylation,3115,rs472920,3166,8034
methylation,3116,rs4742386,3166,8034
methylation,3117,rs5926356,3166,8034
methylation,3118,rs5931272,3166,8034
methylation,3119,rs5936512,3166,8034
methylation,3120,rs5987737,3166,8034
methylation,3121,rs6426327,3166,8034
methylation,3122,rs6471533,3166,8034
methylation,3123,rs654498,3166,8034
methylation,3124,rs6546473,3166,8034
methylation,3125,rs6626309,3166,8034
methylation,3126,rs6982811,3166,8034
methylation,3127,rs6991394,3166,8034
methylation,3128,rs715359,3166,8034
methylation,3129,rs739259,3166,8034
methylation,3130,rs7660805,3166,8034
methylation,3131,rs7746156,3166,8034
methylation,3132,rs798149,3166,8034
methylation,3133,rs845016,3166,8034
methylation,3134,rs877309,3166,8034
methylation,3135,rs9292570,3166,8034
methylation,3136,rs9363764,3166,8034
methylation,3137,rs939290,3166,8034
methylation,3138,rs951295,3166,8034
methylation,3139,rs966367,3166,8034
rna,3008,MGMT,3008,8034
methylation,3140,cg12434587,3166,8034
methylation,3141,cg12981137,3166,8034
methylation,3142,cg00579595,3166,8034
methylation,3143,cg00618725,3166,8034
methylation,3144,cg01341123,3166,8034
methylation,3145,cg02022136,3166,8034
methylation,3146,cg02330106,3166,8034
methylation,3147,cg02802904,3166,8034
methylation,3148,cg02941816,3166,8034
methylation,3149,cg05068430,3166,8034
methylation,3150,cg09450835,3166,8034
methylation,3151,cg09993459,3166,8034
methylation,3152,cg12575438,3166,8034
methylation,3153,cg14194875,3166,8034
methylation,3154,cg14677612,3166,8034
methylation,3155,cg16215402,3166,8034
methylation,3156,cg16850444,3166,8034
methylation,3157,cg18026026,3166,8034
methylation,3158,cg18247239,3166,8034
methylation,3159,cg18642179,3166,8034
methylation,3160,cg19054785,3166,8034
methylation,3161,cg19706602,3166,8034
methylation,3162,cg23998405,3166,8034
methylation,3163,cg24420981,3166,8034
methylation,3164,cg25946389,3166,8034
methylation,3165,cg26201213,3166,8034
methylation,3166,cg26950715,3166,8034
