modality,column_index,column_name
mutation,0,A1BG
mutation,1,A1CF
mutation,2,A2M
mutation,3,A2ML1
mutation,4,A3GALT2
mutation,5,A4GALT
mutation,6,A4GNT
mutation,7,AAAS
mutation,8,AACS
mutation,9,AADAC
mutation,10,AADACL2
mutation,11,AADACL3
mutation,12,AADACL4
mutation,13,AADAT
mutation,14,AAGAB
mutation,15,AAK1
mutation,16,AAMDC
mutation,17,AAMP
mutation,18,AANAT
mutation,19,AAR2
mutation,20,AARD
mutation,21,AARS1
mutation,22,AARS2
mutation,23,AASDH
mutation,24,AASDHPPT
mutation,25,AASS
mutation,26,AATF
mutation,27,AATK
mutation,28,ABAT
mutation,29,ABCA1
mutation,30,ABCA10
mutation,31,ABCA12
mutation,32,ABCA13
mutation,33,ABCA2
mutation,34,ABCA3
mutation,35,ABCA4
mutation,36,ABCA5
mutation,37,ABCA6
mutation,38,ABCA7
mutation,39,ABCA8
mutation,40,ABCA9
mutation,41,ABCB1
mutation,42,ABCB10
mutation,43,ABCB11
mutation,44,ABCB4
mutation,45,ABCB5
mutation,46,ABCB6
mutation,47,ABCB7
mutation,48,ABCB8
mutation,49,ABCB9
mutation,50,ABCC1
mutation,51,ABCC10
mutation,52,ABCC11
mutation,53,ABCC12
mutation,54,ABCC2
mutation,55,ABCC3
mutation,56,ABCC4
mutation,57,ABCC5
mutation,58,ABCC6
mutation,59,ABCC8
mutation,60,ABCC9
mutation,61,ABCD1
mutation,62,ABCD2
mutation,63,ABCD3
mutation,64,ABCD4
mutation,65,ABCE1
mutation,66,ABCF1
mutation,67,ABCF2
mutation,68,ABCF3
mutation,69,ABCG1
mutation,70,ABCG2
mutation,71,ABCG4
mutation,72,ABCG5
mutation,73,ABCG8
mutation,74,ABHD1
mutation,75,ABHD10
mutation,76,ABHD11
mutation,77,ABHD12
mutation,78,ABHD12B
mutation,79,ABHD13
mutation,80,ABHD14A
mutation,81,ABHD14B
mutation,82,ABHD15
mutation,83,ABHD16A
mutation,84,ABHD16B
mutation,85,ABHD17A
mutation,86,ABHD17B
mutation,87,ABHD17C
mutation,88,ABHD18
mutation,89,ABHD2
mutation,90,ABHD3
mutation,91,ABHD4
mutation,92,ABHD5
mutation,93,ABHD6
mutation,94,ABHD8
mutation,95,ABI1
mutation,96,ABI2
mutation,97,ABI3
mutation,98,ABI3BP
mutation,99,ABITRAM
mutation,100,ABL1
mutation,101,ABL2
mutation,102,ABLIM1
mutation,103,ABLIM2
mutation,104,ABLIM3
mutation,105,ABO
mutation,106,ABR
mutation,107,ABRA
mutation,108,ABRACL
mutation,109,ABRAXAS1
mutation,110,ABRAXAS2
mutation,111,ABT1
mutation,112,ABTB1
mutation,113,ABTB2
mutation,114,ACAA1
mutation,115,ACAA2
mutation,116,ACACA
mutation,117,ACACB
mutation,118,ACAD10
mutation,119,ACAD11
mutation,120,ACAD8
mutation,121,ACAD9
mutation,122,ACADL
mutation,123,ACADM
mutation,124,ACADS
mutation,125,ACADSB
mutation,126,ACADVL
mutation,127,ACAN
mutation,128,ACAP1
mutation,129,ACAP2
mutation,130,ACAP3
mutation,131,ACAT1
mutation,132,ACAT2
mutation,133,ACBD3
mutation,134,ACBD4
mutation,135,ACBD5
mutation,136,ACBD6
mutation,137,ACBD7
mutation,138,ACCS
mutation,139,ACCSL
mutation,140,ACD
mutation,141,ACE
mutation,142,ACE2
mutation,143,ACER1
mutation,144,ACER2
mutation,145,ACER3
mutation,146,ACHE
mutation,147,ACIN1
mutation,148,ACKR1
mutation,149,ACKR2
mutation,150,ACKR3
mutation,151,ACKR4
mutation,152,ACLY
mutation,153,ACMSD
mutation,154,ACO1
mutation,155,ACO2
mutation,156,ACOD1
mutation,157,ACOT1
mutation,158,ACOT11
mutation,159,ACOT12
mutation,160,ACOT13
mutation,161,ACOT2
mutation,162,ACOT4
mutation,163,ACOT6
mutation,164,ACOT7
mutation,165,ACOT8
mutation,166,ACOT9
mutation,167,ACOX1
mutation,168,ACOX2
mutation,169,ACOX3
mutation,170,ACOXL
mutation,171,ACP1
mutation,172,ACP2
mutation,173,ACP3
mutation,174,ACP4
mutation,175,ACP5
mutation,176,ACP6
mutation,177,ACP7
mutation,178,ACR
mutation,179,ACRBP
mutation,180,ACRV1
mutation,181,ACSBG1
mutation,182,ACSBG2
mutation,183,ACSF2
mutation,184,ACSF3
mutation,185,ACSL1
mutation,186,ACSL3
mutation,187,ACSL4
mutation,188,ACSL5
mutation,189,ACSL6
mutation,190,ACSM1
mutation,191,ACSM2A
mutation,192,ACSM2B
mutation,193,ACSM3
mutation,194,ACSM4
mutation,195,ACSM5
mutation,196,ACSM6
mutation,197,ACSS1
mutation,198,ACSS2
mutation,199,ACSS3
mutation,200,ACTA1
mutation,201,ACTA2
mutation,202,ACTB
mutation,203,ACTBL2
mutation,204,ACTC1
mutation,205,ACTG1
mutation,206,ACTG2
mutation,207,ACTL10
mutation,208,ACTL6A
mutation,209,ACTL6B
mutation,210,ACTL7A
mutation,211,ACTL7B
mutation,212,ACTL8
mutation,213,ACTL9
mutation,214,ACTN1
mutation,215,ACTN2
mutation,216,ACTN3
mutation,217,ACTN4
mutation,218,ACTR10
mutation,219,ACTR1A
mutation,220,ACTR1B
mutation,221,ACTR2
mutation,222,ACTR3
mutation,223,ACTR3B
mutation,224,ACTR3C
mutation,225,ACTR5
mutation,226,ACTR6
mutation,227,ACTR8
mutation,228,ACTRT1
mutation,229,ACTRT2
mutation,230,ACTRT3
mutation,231,ACVR1
mutation,232,ACVR1B
mutation,233,ACVR1C
mutation,234,ACVR2A
mutation,235,ACVR2B
mutation,236,ACVRL1
mutation,237,ACY1
mutation,238,ACY3
mutation,239,ACYP1
mutation,240,ACYP2
mutation,241,ADA
mutation,242,ADA2
mutation,243,ADAD1
mutation,244,ADAD2
mutation,245,ADAL
mutation,246,ADAM10
mutation,247,ADAM11
mutation,248,ADAM12
mutation,249,ADAM15
mutation,250,ADAM17
mutation,251,ADAM18
mutation,252,ADAM19
mutation,253,ADAM2
mutation,254,ADAM20
mutation,255,ADAM21
mutation,256,ADAM22
mutation,257,ADAM23
mutation,258,ADAM28
mutation,259,ADAM29
mutation,260,ADAM30
mutation,261,ADAM32
mutation,262,ADAM33
mutation,263,ADAM7
mutation,264,ADAM8
mutation,265,ADAM9
mutation,266,ADAMDEC1
mutation,267,ADAMTS1
mutation,268,ADAMTS10
mutation,269,ADAMTS12
mutation,270,ADAMTS13
mutation,271,ADAMTS14
mutation,272,ADAMTS15
mutation,273,ADAMTS16
mutation,274,ADAMTS17
mutation,275,ADAMTS18
mutation,276,ADAMTS19
mutation,277,ADAMTS2
mutation,278,ADAMTS20
mutation,279,ADAMTS3
mutation,280,ADAMTS4
mutation,281,ADAMTS5
mutation,282,ADAMTS6
mutation,283,ADAMTS7
mutation,284,ADAMTS8
mutation,285,ADAMTS9
mutation,286,ADAMTSL1
mutation,287,ADAMTSL2
mutation,288,ADAMTSL3
mutation,289,ADAMTSL4
mutation,290,ADAMTSL5
mutation,291,ADAP1
mutation,292,ADAP2
mutation,293,ADAR
mutation,294,ADARB1
mutation,295,ADARB2
mutation,296,ADAT1
mutation,297,ADAT2
mutation,298,ADAT3
mutation,299,ADCK1
mutation,300,ADCK2
mutation,301,ADCK5
mutation,302,ADCY1
mutation,303,ADCY10
mutation,304,ADCY2
mutation,305,ADCY3
mutation,306,ADCY4
mutation,307,ADCY5
mutation,308,ADCY6
mutation,309,ADCY7
mutation,310,ADCY8
mutation,311,ADCY9
mutation,312,ADCYAP1
mutation,313,ADCYAP1R1
mutation,314,ADD1
mutation,315,ADD2
mutation,316,ADD3
mutation,317,ADGB
mutation,318,ADGRA1
mutation,319,ADGRA2
mutation,320,ADGRA3
mutation,321,ADGRB1
mutation,322,ADGRB2
mutation,323,ADGRB3
mutation,324,ADGRD1
mutation,325,ADGRD2
mutation,326,ADGRE1
mutation,327,ADGRE2
mutation,328,ADGRE3
mutation,329,ADGRE5
mutation,330,ADGRF1
mutation,331,ADGRF2
mutation,332,ADGRF3
mutation,333,ADGRF4
mutation,334,ADGRF5
mutation,335,ADGRG1
mutation,336,ADGRG2
mutation,337,ADGRG3
mutation,338,ADGRG4
mutation,339,ADGRG5
mutation,340,ADGRG6
mutation,341,ADGRG7
mutation,342,ADGRL1
mutation,343,ADGRL2
mutation,344,ADGRL3
mutation,345,ADGRL4
mutation,346,ADGRV1
mutation,347,ADH1A
mutation,348,ADH1B
mutation,349,ADH1C
mutation,350,ADH4
mutation,351,ADH5
mutation,352,ADH6
mutation,353,ADH7
mutation,354,ADHFE1
mutation,355,ADI1
mutation,356,ADIG
mutation,357,ADIPOQ
mutation,358,ADIPOR1
mutation,359,ADIPOR2
mutation,360,ADIRF
mutation,361,ADK
mutation,362,ADM
mutation,363,ADM2
mutation,364,ADM5
mutation,365,ADNP
mutation,366,ADNP2
mutation,367,ADO
mutation,368,ADORA1
mutation,369,ADORA2A
mutation,370,ADORA2B
mutation,371,ADORA3
mutation,372,ADPGK
mutation,373,ADPRH
mutation,374,ADPRHL1
mutation,375,ADPRM
mutation,376,ADPRS
mutation,377,ADRA1A
mutation,378,ADRA1B
mutation,379,ADRA1D
mutation,380,ADRA2A
mutation,381,ADRA2B
mutation,382,ADRA2C
mutation,383,ADRB1
mutation,384,ADRB2
mutation,385,ADRB3
mutation,386,ADRM1
mutation,387,ADSL
mutation,388,ADSS1
mutation,389,ADSS2
mutation,390,ADTRP
mutation,391,AEBP1
mutation,392,AEBP2
mutation,393,AEN
mutation,394,AFAP1
mutation,395,AFAP1L1
mutation,396,AFAP1L2
mutation,397,AFDN
mutation,398,AFF1
mutation,399,AFF2
mutation,400,AFF3
mutation,401,AFF4
mutation,402,AFG1L
mutation,403,AFG3L2
mutation,404,AFM
mutation,405,AFMID
mutation,406,AFP
mutation,407,AFTPH
mutation,408,AGA
mutation,409,AGAP1
mutation,410,AGAP2
mutation,411,AGAP3
mutation,412,AGAP4
mutation,413,AGAP5
mutation,414,AGAP6
mutation,415,AGAP9
mutation,416,AGBL1
mutation,417,AGBL2
mutation,418,AGBL3
mutation,419,AGBL4
mutation,420,AGBL5
mutation,421,AGER
mutation,422,AGFG1
mutation,423,AGFG2
mutation,424,AGGF1
mutation,425,AGK
mutation,426,AGL
mutation,427,AGMAT
mutation,428,AGMO
mutation,429,AGO1
mutation,430,AGO2
mutation,431,AGO3
mutation,432,AGO4
mutation,433,AGPAT1
mutation,434,AGPAT2
mutation,435,AGPAT3
mutation,436,AGPAT4
mutation,437,AGPAT5
mutation,438,AGPS
mutation,439,AGR2
mutation,440,AGR3
mutation,441,AGRN
mutation,442,AGRP
mutation,443,AGT
mutation,444,AGTPBP1
mutation,445,AGTR1
mutation,446,AGTR2
mutation,447,AGTRAP
mutation,448,AGXT
mutation,449,AGXT2
mutation,450,AHCTF1
mutation,451,AHCY
mutation,452,AHCYL1
mutation,453,AHCYL2
mutation,454,AHDC1
mutation,455,AHI1
mutation,456,AHNAK
mutation,457,AHNAK2
mutation,458,AHR
mutation,459,AHRR
mutation,460,AHSA1
mutation,461,AHSG
mutation,462,AHSP
mutation,463,AICDA
mutation,464,AIDA
mutation,465,AIF1
mutation,466,AIF1L
mutation,467,AIFM1
mutation,468,AIFM2
mutation,469,AIFM3
mutation,470,AIG1
mutation,471,AIM2
mutation,472,AIMP1
mutation,473,AIMP2
mutation,474,AIP
mutation,475,AIPL1
mutation,476,AIRE
mutation,477,AJAP1
mutation,478,AJM1
mutation,479,AJUBA
mutation,480,AK1
mutation,481,AK2
mutation,482,AK3
mutation,483,AK4
mutation,484,AK5
mutation,485,AK6
mutation,486,AK7
mutation,487,AK8
mutation,488,AK9
mutation,489,AKAP1
mutation,490,AKAP10
mutation,491,AKAP11
mutation,492,AKAP12
mutation,493,AKAP13
mutation,494,AKAP14
mutation,495,AKAP17A
mutation,496,AKAP3
mutation,497,AKAP4
mutation,498,AKAP5
mutation,499,AKAP6
mutation,500,AKAP7
mutation,501,AKAP8
mutation,502,AKAP8L
mutation,503,AKAP9
mutation,504,AKIP1
mutation,505,AKIRIN1
mutation,506,AKIRIN2
mutation,507,AKNA
mutation,508,AKNAD1
mutation,509,AKR1A1
mutation,510,AKR1B1
mutation,511,AKR1B10
mutation,512,AKR1B15
mutation,513,AKR1C1
mutation,514,AKR1C2
mutation,515,AKR1C3
mutation,516,AKR1C4
mutation,517,AKR1C8P
mutation,518,AKR1D1
mutation,519,AKR1E2
mutation,520,AKR7A2
mutation,521,AKR7A3
mutation,522,AKR7L
mutation,523,AKT1
mutation,524,AKT1S1
mutation,525,AKT2
mutation,526,AKT3
mutation,527,AKTIP
mutation,528,ALAD
mutation,529,ALAS1
mutation,530,ALAS2
mutation,531,ALB
mutation,532,ALCAM
mutation,533,ALDH16A1
mutation,534,ALDH18A1
mutation,535,ALDH1A1
mutation,536,ALDH1A2
mutation,537,ALDH1A3
mutation,538,ALDH1B1
mutation,539,ALDH1L1
mutation,540,ALDH1L2
mutation,541,ALDH2
mutation,542,ALDH3A1
mutation,543,ALDH3A2
mutation,544,ALDH3B1
mutation,545,ALDH3B2
mutation,546,ALDH4A1
mutation,547,ALDH5A1
mutation,548,ALDH6A1
mutation,549,ALDH7A1
mutation,550,ALDH8A1
mutation,551,ALDH9A1
mutation,552,ALDOA
mutation,553,ALDOB
mutation,554,ALDOC
mutation,555,ALG1
mutation,556,ALG10
mutation,557,ALG10B
mutation,558,ALG11
mutation,559,ALG12
mutation,560,ALG13
mutation,561,ALG14
mutation,562,ALG1L
mutation,563,ALG1L2
mutation,564,ALG2
mutation,565,ALG3
mutation,566,ALG5
mutation,567,ALG6
mutation,568,ALG8
mutation,569,ALG9
mutation,570,ALK
mutation,571,ALKAL1
mutation,572,ALKAL2
mutation,573,ALKBH1
mutation,574,ALKBH2
mutation,575,ALKBH3
mutation,576,ALKBH4
mutation,577,ALKBH5
mutation,578,ALKBH6
mutation,579,ALKBH7
mutation,580,ALKBH8
mutation,581,ALLC
mutation,582,ALMS1
mutation,583,ALOX12
mutation,584,ALOX12B
mutation,585,ALOX15
mutation,586,ALOX15B
mutation,587,ALOX5
mutation,588,ALOX5AP
mutation,589,ALOXE3
mutation,590,ALPG
mutation,591,ALPI
mutation,592,ALPK1
mutation,593,ALPK2
mutation,594,ALPK3
mutation,595,ALPL
mutation,596,ALPP
mutation,597,ALS2
mutation,598,ALS2CL
mutation,599,ALX1
mutation,600,ALX3
mutation,601,ALX4
mutation,602,ALYREF
mutation,603,AMACR
mutation,604,AMBN
mutation,605,AMBP
mutation,606,AMBRA1
mutation,607,AMD1
mutation,608,AMDHD1
mutation,609,AMDHD2
mutation,610,AMELX
mutation,611,AMELY
mutation,612,AMER1
mutation,613,AMER2
mutation,614,AMER3
mutation,615,AMFR
mutation,616,AMH
mutation,617,AMHR2
mutation,618,AMIGO1
mutation,619,AMIGO2
mutation,620,AMIGO3
mutation,621,AMMECR1
mutation,622,AMMECR1L
mutation,623,AMN
mutation,624,AMN1
mutation,625,AMOT
mutation,626,AMOTL1
mutation,627,AMOTL2
mutation,628,AMPD1
mutation,629,AMPD2
mutation,630,AMPD3
mutation,631,AMPH
mutation,632,AMT
mutation,633,AMTN
mutation,634,AMY1A
mutation,635,AMY1C
mutation,636,AMY2A
mutation,637,AMY2B
mutation,638,AMZ1
mutation,639,AMZ2
mutation,640,ANAPC1
mutation,641,ANAPC10
mutation,642,ANAPC11
mutation,643,ANAPC13
mutation,644,ANAPC16
mutation,645,ANAPC2
mutation,646,ANAPC4
mutation,647,ANAPC5
mutation,648,ANAPC7
mutation,649,ANG
mutation,650,ANGEL1
mutation,651,ANGEL2
mutation,652,ANGPT1
mutation,653,ANGPT2
mutation,654,ANGPT4
mutation,655,ANGPTL1
mutation,656,ANGPTL2
mutation,657,ANGPTL3
mutation,658,ANGPTL4
mutation,659,ANGPTL5
mutation,660,ANGPTL6
mutation,661,ANGPTL7
mutation,662,ANGPTL8
mutation,663,ANHX
mutation,664,ANK1
mutation,665,ANK2
mutation,666,ANK3
mutation,667,ANKAR
mutation,668,ANKDD1A
mutation,669,ANKDD1B
mutation,670,ANKEF1
mutation,671,ANKFN1
mutation,672,ANKFY1
mutation,673,ANKH
mutation,674,ANKHD1
mutation,675,ANKHD1-EIF4EBP3
mutation,676,ANKIB1
mutation,677,ANKK1
mutation,678,ANKLE1
mutation,679,ANKLE2
mutation,680,ANKMY1
mutation,681,ANKMY2
mutation,682,ANKRA2
mutation,683,ANKRD1
mutation,684,ANKRD10
mutation,685,ANKRD11
mutation,686,ANKRD12
mutation,687,ANKRD13A
mutation,688,ANKRD13B
mutation,689,ANKRD13C
mutation,690,ANKRD13D
mutation,691,ANKRD16
mutation,692,ANKRD17
mutation,693,ANKRD18A
mutation,694,ANKRD18B
mutation,695,ANKRD2
mutation,696,ANKRD20A1
mutation,697,ANKRD20A2P
mutation,698,ANKRD20A4P
mutation,699,ANKRD22
mutation,700,ANKRD23
mutation,701,ANKRD24
mutation,702,ANKRD26
mutation,703,ANKRD27
mutation,704,ANKRD28
mutation,705,ANKRD29
mutation,706,ANKRD30A
mutation,707,ANKRD30B
mutation,708,ANKRD30BL
mutation,709,ANKRD31
mutation,710,ANKRD33
mutation,711,ANKRD33B
mutation,712,ANKRD34A
mutation,713,ANKRD34B
mutation,714,ANKRD34C
mutation,715,ANKRD35
mutation,716,ANKRD36
mutation,717,ANKRD36B
mutation,718,ANKRD36C
mutation,719,ANKRD37
mutation,720,ANKRD39
mutation,721,ANKRD40
mutation,722,ANKRD42
mutation,723,ANKRD44
mutation,724,ANKRD45
mutation,725,ANKRD46
mutation,726,ANKRD49
mutation,727,ANKRD50
mutation,728,ANKRD52
mutation,729,ANKRD53
mutation,730,ANKRD54
mutation,731,ANKRD55
mutation,732,ANKRD6
mutation,733,ANKRD60
mutation,734,ANKRD61
mutation,735,ANKRD62
mutation,736,ANKRD65
mutation,737,ANKRD7
mutation,738,ANKRD9
mutation,739,ANKS1A
mutation,740,ANKS1B
mutation,741,ANKS3
mutation,742,ANKS4B
mutation,743,ANKS6
mutation,744,ANKUB1
mutation,745,ANKZF1
mutation,746,ANLN
mutation,747,ANO1
mutation,748,ANO10
mutation,749,ANO2
mutation,750,ANO3
mutation,751,ANO4
mutation,752,ANO5
mutation,753,ANO6
mutation,754,ANO7
mutation,755,ANO8
mutation,756,ANO9
mutation,757,ANOS1
mutation,758,ANP32A
mutation,759,ANP32B
mutation,760,ANP32D
mutation,761,ANP32E
mutation,762,ANPEP
mutation,763,ANTKMT
mutation,764,ANTXR1
mutation,765,ANTXR2
mutation,766,ANTXRL
mutation,767,ANXA1
mutation,768,ANXA10
mutation,769,ANXA11
mutation,770,ANXA13
mutation,771,ANXA2
mutation,772,ANXA2R
mutation,773,ANXA3
mutation,774,ANXA4
mutation,775,ANXA5
mutation,776,ANXA6
mutation,777,ANXA7
mutation,778,ANXA8
mutation,779,ANXA8L1
mutation,780,ANXA9
mutation,781,AOAH
mutation,782,AOC1
mutation,783,AOC2
mutation,784,AOC3
mutation,785,AOPEP
mutation,786,AOX1
mutation,787,AP1AR
mutation,788,AP1B1
mutation,789,AP1G1
mutation,790,AP1G2
mutation,791,AP1M1
mutation,792,AP1M2
mutation,793,AP1S1
mutation,794,AP1S2
mutation,795,AP1S3
mutation,796,AP2A1
mutation,797,AP2A2
mutation,798,AP2B1
mutation,799,AP2M1
mutation,800,AP2S1
mutation,801,AP3B1
mutation,802,AP3B2
mutation,803,AP3D1
mutation,804,AP3M1
mutation,805,AP3M2
mutation,806,AP3S1
mutation,807,AP3S2
mutation,808,AP4B1
mutation,809,AP4E1
mutation,810,AP4M1
mutation,811,AP4S1
mutation,812,AP5B1
mutation,813,AP5M1
mutation,814,AP5S1
mutation,815,AP5Z1
mutation,816,APAF1
mutation,817,APBA1
mutation,818,APBA2
mutation,819,APBA3
mutation,820,APBB1
mutation,821,APBB1IP
mutation,822,APBB2
mutation,823,APBB3
mutation,824,APC
mutation,825,APC2
mutation,826,APCDD1
mutation,827,APCDD1L
mutation,828,APCS
mutation,829,APEH
mutation,830,APEX1
mutation,831,APEX2
mutation,832,APH1A
mutation,833,APH1B
mutation,834,API5
mutation,835,APIP
mutation,836,APLF
mutation,837,APLN
mutation,838,APLNR
mutation,839,APLP1
mutation,840,APLP2
mutation,841,APMAP
mutation,842,APOA1
mutation,843,APOA2
mutation,844,APOA4
mutation,845,APOA5
mutation,846,APOB
mutation,847,APOBEC1
mutation,848,APOBEC2
mutation,849,APOBEC3A
mutation,850,APOBEC3B
mutation,851,APOBEC3C
mutation,852,APOBEC3D
mutation,853,APOBEC3F
mutation,854,APOBEC3G
mutation,855,APOBEC3H
mutation,856,APOBEC4
mutation,857,APOBR
mutation,858,APOC1
mutation,859,APOC2
mutation,860,APOC3
mutation,861,APOC4
mutation,862,APOD
mutation,863,APOE
mutation,864,APOF
mutation,865,APOH
mutation,866,APOL1
mutation,867,APOL2
mutation,868,APOL3
mutation,869,APOL4
mutation,870,APOL5
mutation,871,APOL6
mutation,872,APOLD1
mutation,873,APOM
mutation,874,APOO
mutation,875,APOOL
mutation,876,APP
mutation,877,APPBP2
mutation,878,APPL1
mutation,879,APPL2
mutation,880,APRT
mutation,881,APTX
mutation,882,AQP1
mutation,883,AQP10
mutation,884,AQP11
mutation,885,AQP12A
mutation,886,AQP12B
mutation,887,AQP2
mutation,888,AQP3
mutation,889,AQP4
mutation,890,AQP5
mutation,891,AQP6
mutation,892,AQP7
mutation,893,AQP8
mutation,894,AQP9
mutation,895,AQR
mutation,896,AR
mutation,897,ARAF
mutation,898,ARAP1
mutation,899,ARAP2
mutation,900,ARAP3
mutation,901,ARC
mutation,902,ARCN1
mutation,903,AREG
mutation,904,AREL1
mutation,905,ARF1
mutation,906,ARF3
mutation,907,ARF4
mutation,908,ARF5
mutation,909,ARF6
mutation,910,ARFGAP1
mutation,911,ARFGAP2
mutation,912,ARFGAP3
mutation,913,ARFGEF1
mutation,914,ARFGEF2
mutation,915,ARFGEF3
mutation,916,ARFIP1
mutation,917,ARFIP2
mutation,918,ARFRP1
mutation,919,ARG1
mutation,920,ARG2
mutation,921,ARGFX
mutation,922,ARGLU1
mutation,923,ARHGAP1
mutation,924,ARHGAP10
mutation,925,ARHGAP11A
mutation,926,ARHGAP12
mutation,927,ARHGAP15
mutation,928,ARHGAP17
mutation,929,ARHGAP18
mutation,930,ARHGAP19
mutation,931,ARHGAP20
mutation,932,ARHGAP21
mutation,933,ARHGAP22
mutation,934,ARHGAP23
mutation,935,ARHGAP24
mutation,936,ARHGAP25
mutation,937,ARHGAP26
mutation,938,ARHGAP27
mutation,939,ARHGAP28
mutation,940,ARHGAP29
mutation,941,ARHGAP30
mutation,942,ARHGAP31
mutation,943,ARHGAP32
mutation,944,ARHGAP33
mutation,945,ARHGAP35
mutation,946,ARHGAP36
mutation,947,ARHGAP39
mutation,948,ARHGAP4
mutation,949,ARHGAP40
mutation,950,ARHGAP42
mutation,951,ARHGAP44
mutation,952,ARHGAP45
mutation,953,ARHGAP5
mutation,954,ARHGAP6
mutation,955,ARHGAP8
mutation,956,ARHGAP9
mutation,957,ARHGDIA
mutation,958,ARHGDIB
mutation,959,ARHGDIG
mutation,960,ARHGEF1
mutation,961,ARHGEF10
mutation,962,ARHGEF10L
mutation,963,ARHGEF11
mutation,964,ARHGEF12
mutation,965,ARHGEF15
mutation,966,ARHGEF16
mutation,967,ARHGEF17
mutation,968,ARHGEF18
mutation,969,ARHGEF19
mutation,970,ARHGEF2
mutation,971,ARHGEF25
mutation,972,ARHGEF26
mutation,973,ARHGEF28
mutation,974,ARHGEF3
mutation,975,ARHGEF33
mutation,976,ARHGEF35
mutation,977,ARHGEF37
mutation,978,ARHGEF38
mutation,979,ARHGEF39
mutation,980,ARHGEF4
mutation,981,ARHGEF40
mutation,982,ARHGEF5
mutation,983,ARHGEF6
mutation,984,ARHGEF7
mutation,985,ARHGEF9
mutation,986,ARID1A
mutation,987,ARID1B
mutation,988,ARID2
mutation,989,ARID3A
mutation,990,ARID3B
mutation,991,ARID3C
mutation,992,ARID4A
mutation,993,ARID4B
mutation,994,ARID5A
mutation,995,ARID5B
mutation,996,ARIH1
mutation,997,ARIH2
mutation,998,ARIH2OS
mutation,999,ARL1
mutation,1000,ARL10
mutation,1001,ARL11
mutation,1002,ARL13A
mutation,1003,ARL13B
mutation,1004,ARL14
mutation,1005,ARL14EP
mutation,1006,ARL15
mutation,1007,ARL16
mutation,1008,ARL17A
mutation,1009,ARL2
mutation,1010,ARL2BP
mutation,1011,ARL3
mutation,1012,ARL4A
mutation,1013,ARL4C
mutation,1014,ARL4D
mutation,1015,ARL5A
mutation,1016,ARL5B
mutation,1017,ARL5C
mutation,1018,ARL6
mutation,1019,ARL6IP1
mutation,1020,ARL6IP4
mutation,1021,ARL6IP5
mutation,1022,ARL6IP6
mutation,1023,ARL8A
mutation,1024,ARL8B
mutation,1025,ARL9
mutation,1026,ARMC1
mutation,1027,ARMC10
mutation,1028,ARMC12
mutation,1029,ARMC2
mutation,1030,ARMC3
mutation,1031,ARMC5
mutation,1032,ARMC6
mutation,1033,ARMC7
mutation,1034,ARMC8
mutation,1035,ARMC9
mutation,1036,ARMCX1
mutation,1037,ARMCX2
mutation,1038,ARMCX3
mutation,1039,ARMCX4
mutation,1040,ARMCX5
mutation,1041,ARMCX5-GPRASP2
mutation,1042,ARMCX6
mutation,1043,ARMH1
mutation,1044,ARMH3
mutation,1045,ARMH4
mutation,1046,ARMS2
mutation,1047,ARMT1
mutation,1048,ARNT
mutation,1049,ARNT2
mutation,1050,ARNTL
mutation,1051,ARNTL2
mutation,1052,ARPC1A
mutation,1053,ARPC1B
mutation,1054,ARPC2
mutation,1055,ARPC3
mutation,1056,ARPC4
mutation,1057,ARPC5
mutation,1058,ARPC5L
mutation,1059,ARPIN
mutation,1060,ARPP19
mutation,1061,ARPP21
mutation,1062,ARR3
mutation,1063,ARRB1
mutation,1064,ARRB2
mutation,1065,ARRDC1
mutation,1066,ARRDC2
mutation,1067,ARRDC3
mutation,1068,ARRDC4
mutation,1069,ARRDC5
mutation,1070,ARSA
mutation,1071,ARSB
mutation,1072,ARSD
mutation,1073,ARSF
mutation,1074,ARSG
mutation,1075,ARSH
mutation,1076,ARSI
mutation,1077,ARSJ
mutation,1078,ARSK
mutation,1079,ARSL
mutation,1080,ART1
mutation,1081,ART3
mutation,1082,ART4
mutation,1083,ART5
mutation,1084,ARTN
mutation,1085,ARV1
mutation,1086,ARVCF
mutation,1087,ARX
mutation,1088,AS3MT
mutation,1089,ASAH1
mutation,1090,ASAH2
mutation,1091,ASAH2B
mutation,1092,ASAP1
mutation,1093,ASAP2
mutation,1094,ASAP3
mutation,1095,ASB1
mutation,1096,ASB10
mutation,1097,ASB11
mutation,1098,ASB12
mutation,1099,ASB13
mutation,1100,ASB14
mutation,1101,ASB15
mutation,1102,ASB16
mutation,1103,ASB17
mutation,1104,ASB18
mutation,1105,ASB2
mutation,1106,ASB3
mutation,1107,ASB4
mutation,1108,ASB5
mutation,1109,ASB6
mutation,1110,ASB7
mutation,1111,ASB8
mutation,1112,ASB9
mutation,1113,ASCC1
mutation,1114,ASCC2
mutation,1115,ASCC3
mutation,1116,ASCL1
mutation,1117,ASCL2
mutation,1118,ASCL3
mutation,1119,ASCL4
mutation,1120,ASF1A
mutation,1121,ASF1B
mutation,1122,ASGR1
mutation,1123,ASGR2
mutation,1124,ASH1L
mutation,1125,ASH2L
mutation,1126,ASIC1
mutation,1127,ASIC2
mutation,1128,ASIC3
mutation,1129,ASIC4
mutation,1130,ASIC5
mutation,1131,ASIP
mutation,1132,ASL
mutation,1133,ASMT
mutation,1134,ASMTL
mutation,1135,ASNS
mutation,1136,ASNSD1
mutation,1137,ASPA
mutation,1138,ASPDH
mutation,1139,ASPG
mutation,1140,ASPH
mutation,1141,ASPHD1
mutation,1142,ASPHD2
mutation,1143,ASPM
mutation,1144,ASPRV1
mutation,1145,ASPSCR1
mutation,1146,ASRGL1
mutation,1147,ASS1
mutation,1148,ASTE1
mutation,1149,ASTL
mutation,1150,ASTN1
mutation,1151,ASTN2
mutation,1152,ASXL1
mutation,1153,ASXL2
mutation,1154,ASXL3
mutation,1155,ASZ1
mutation,1156,ATAD1
mutation,1157,ATAD2
mutation,1158,ATAD2B
mutation,1159,ATAD3A
mutation,1160,ATAD3B
mutation,1161,ATAD3C
mutation,1162,ATAD5
mutation,1163,ATAT1
mutation,1164,ATCAY
mutation,1165,ATE1
mutation,1166,ATF1
mutation,1167,ATF2
mutation,1168,ATF3
mutation,1169,ATF4
mutation,1170,ATF5
mutation,1171,ATF6
mutation,1172,ATF6B
mutation,1173,ATF7
mutation,1174,ATF7IP
mutation,1175,ATF7IP2
mutation,1176,ATG10
mutation,1177,ATG101
mutation,1178,ATG12
mutation,1179,ATG13
mutation,1180,ATG14
mutation,1181,ATG16L1
mutation,1182,ATG16L2
mutation,1183,ATG2A
mutation,1184,ATG2B
mutation,1185,ATG3
mutation,1186,ATG4A
mutation,1187,ATG4B
mutation,1188,ATG4C
mutation,1189,ATG4D
mutation,1190,ATG5
mutation,1191,ATG7
mutation,1192,ATG9A
mutation,1193,ATG9B
mutation,1194,ATIC
mutation,1195,ATL1
mutation,1196,ATL2
mutation,1197,ATL3
mutation,1198,ATM
mutation,1199,ATMIN
mutation,1200,ATN1
mutation,1201,ATOH1
mutation,1202,ATOH7
mutation,1203,ATOH8
mutation,1204,ATOX1
mutation,1205,ATP10A
mutation,1206,ATP10B
mutation,1207,ATP10D
mutation,1208,ATP11A
mutation,1209,ATP11B
mutation,1210,ATP11C
mutation,1211,ATP12A
mutation,1212,ATP13A1
mutation,1213,ATP13A2
mutation,1214,ATP13A3
mutation,1215,ATP13A4
mutation,1216,ATP13A5
mutation,1217,ATP1A1
mutation,1218,ATP1A2
mutation,1219,ATP1A3
mutation,1220,ATP1A4
mutation,1221,ATP1B1
mutation,1222,ATP1B2
mutation,1223,ATP1B3
mutation,1224,ATP1B4
mutation,1225,ATP23
mutation,1226,ATP2A1
mutation,1227,ATP2A2
mutation,1228,ATP2A3
mutation,1229,ATP2B1
mutation,1230,ATP2B2
mutation,1231,ATP2B3
mutation,1232,ATP2B4
mutation,1233,ATP2C1
mutation,1234,ATP2C2
mutation,1235,ATP4A
mutation,1236,ATP4B
mutation,1237,ATP5F1A
mutation,1238,ATP5F1B
mutation,1239,ATP5F1C
mutation,1240,ATP5F1D
mutation,1241,ATP5F1E
mutation,1242,ATP5IF1
mutation,1243,ATP5MC1
mutation,1244,ATP5MC2
mutation,1245,ATP5MC3
mutation,1246,ATP5ME
mutation,1247,ATP5MF
mutation,1248,ATP5MG
mutation,1249,ATP5MGL
mutation,1250,ATP5MJ
mutation,1251,ATP5MK
mutation,1252,ATP5PB
mutation,1253,ATP5PD
mutation,1254,ATP5PF
mutation,1255,ATP5PO
mutation,1256,ATP6AP1
mutation,1257,ATP6AP1L
mutation,1258,ATP6AP2
mutation,1259,ATP6V0A1
mutation,1260,ATP6V0A2
mutation,1261,ATP6V0A4
mutation,1262,ATP6V0B
mutation,1263,ATP6V0C
mutation,1264,ATP6V0D1
mutation,1265,ATP6V0D2
mutation,1266,ATP6V0E1
mutation,1267,ATP6V0E2
mutation,1268,ATP6V1A
mutation,1269,ATP6V1B1
mutation,1270,ATP6V1B2
mutation,1271,ATP6V1C1
mutation,1272,ATP6V1C2
mutation,1273,ATP6V1D
mutation,1274,ATP6V1E1
mutation,1275,ATP6V1E2
mutation,1276,ATP6V1F
mutation,1277,ATP6V1FNB
mutation,1278,ATP6V1G1
mutation,1279,ATP6V1G2
mutation,1280,ATP6V1G3
mutation,1281,ATP6V1H
mutation,1282,ATP7A
mutation,1283,ATP7B
mutation,1284,ATP8A1
mutation,1285,ATP8A2
mutation,1286,ATP8B1
mutation,1287,ATP8B2
mutation,1288,ATP8B3
mutation,1289,ATP8B4
mutation,1290,ATP9A
mutation,1291,ATP9B
mutation,1292,ATPAF1
mutation,1293,ATPAF2
mutation,1294,ATPSCKMT
mutation,1295,ATR
mutation,1296,ATRAID
mutation,1297,ATRIP
mutation,1298,ATRN
mutation,1299,ATRNL1
mutation,1300,ATRX
mutation,1301,ATXN1
mutation,1302,ATXN10
mutation,1303,ATXN1L
mutation,1304,ATXN2
mutation,1305,ATXN2L
mutation,1306,ATXN3
mutation,1307,ATXN3L
mutation,1308,ATXN7
mutation,1309,ATXN7L1
mutation,1310,ATXN7L2
mutation,1311,ATXN7L3
mutation,1312,ATXN7L3B
mutation,1313,AUH
mutation,1314,AUNIP
mutation,1315,AUP1
mutation,1316,AURKA
mutation,1317,AURKAIP1
mutation,1318,AURKB
mutation,1319,AURKC
mutation,1320,AUTS2
mutation,1321,AVEN
mutation,1322,AVIL
mutation,1323,AVL9
mutation,1324,AVP
mutation,1325,AVPI1
mutation,1326,AVPR1A
mutation,1327,AVPR1B
mutation,1328,AVPR2
mutation,1329,AWAT1
mutation,1330,AWAT2
mutation,1331,AXDND1
mutation,1332,AXIN1
mutation,1333,AXIN2
mutation,1334,AXL
mutation,1335,AZGP1
mutation,1336,AZI2
mutation,1337,AZIN1
mutation,1338,AZIN2
mutation,1339,AZU1
mutation,1340,B2M
mutation,1341,B3GALNT1
mutation,1342,B3GALNT2
mutation,1343,B3GALT1
mutation,1344,B3GALT2
mutation,1345,B3GALT4
mutation,1346,B3GALT5
mutation,1347,B3GALT6
mutation,1348,B3GALT9
mutation,1349,B3GAT1
mutation,1350,B3GAT2
mutation,1351,B3GAT3
mutation,1352,B3GLCT
mutation,1353,B3GNT2
mutation,1354,B3GNT3
mutation,1355,B3GNT4
mutation,1356,B3GNT5
mutation,1357,B3GNT6
mutation,1358,B3GNT7
mutation,1359,B3GNT8
mutation,1360,B3GNT9
mutation,1361,B3GNTL1
mutation,1362,B4GALNT1
mutation,1363,B4GALNT2
mutation,1364,B4GALNT3
mutation,1365,B4GALNT4
mutation,1366,B4GALT1
mutation,1367,B4GALT2
mutation,1368,B4GALT3
mutation,1369,B4GALT4
mutation,1370,B4GALT5
mutation,1371,B4GALT6
mutation,1372,B4GALT7
mutation,1373,B4GAT1
mutation,1374,B9D1
mutation,1375,B9D2
mutation,1376,BAALC
mutation,1377,BAAT
mutation,1378,BABAM1
mutation,1379,BABAM2
mutation,1380,BACE1
mutation,1381,BACE2
mutation,1382,BACH1
mutation,1383,BACH2
mutation,1384,BAD
mutation,1385,BAG1
mutation,1386,BAG2
mutation,1387,BAG3
mutation,1388,BAG4
mutation,1389,BAG5
mutation,1390,BAG6
mutation,1391,BAHCC1
mutation,1392,BAHD1
mutation,1393,BAIAP2
mutation,1394,BAIAP2L1
mutation,1395,BAIAP2L2
mutation,1396,BAIAP3
mutation,1397,BAK1
mutation,1398,BAMBI
mutation,1399,BANF1
mutation,1400,BANF2
mutation,1401,BANK1
mutation,1402,BANP
mutation,1403,BAP1
mutation,1404,BARD1
mutation,1405,BARHL1
mutation,1406,BARHL2
mutation,1407,BARX1
mutation,1408,BARX2
mutation,1409,BASP1
mutation,1410,BATF
mutation,1411,BATF2
mutation,1412,BATF3
mutation,1413,BAX
mutation,1414,BAZ1A
mutation,1415,BAZ1B
mutation,1416,BAZ2A
mutation,1417,BAZ2B
mutation,1418,BBC3
mutation,1419,BBIP1
mutation,1420,BBOF1
mutation,1421,BBOX1
mutation,1422,BBS1
mutation,1423,BBS10
mutation,1424,BBS12
mutation,1425,BBS2
mutation,1426,BBS4
mutation,1427,BBS5
mutation,1428,BBS7
mutation,1429,BBS9
mutation,1430,BBX
mutation,1431,BCAM
mutation,1432,BCAN
mutation,1433,BCAP29
mutation,1434,BCAP31
mutation,1435,BCAR1
mutation,1436,BCAR3
mutation,1437,BCAS1
mutation,1438,BCAS2
mutation,1439,BCAS3
mutation,1440,BCAS4
mutation,1441,BCAT1
mutation,1442,BCAT2
mutation,1443,BCCIP
mutation,1444,BCDIN3D
mutation,1445,BCHE
mutation,1446,BCKDHA
mutation,1447,BCKDHB
mutation,1448,BCKDK
mutation,1449,BCL10
mutation,1450,BCL11A
mutation,1451,BCL11B
mutation,1452,BCL2
mutation,1453,BCL2A1
mutation,1454,BCL2L1
mutation,1455,BCL2L10
mutation,1456,BCL2L11
mutation,1457,BCL2L12
mutation,1458,BCL2L13
mutation,1459,BCL2L14
mutation,1460,BCL2L15
mutation,1461,BCL2L2
mutation,1462,BCL2L2-PABPN1
mutation,1463,BCL3
mutation,1464,BCL6
mutation,1465,BCL6B
mutation,1466,BCL7A
mutation,1467,BCL7B
mutation,1468,BCL7C
mutation,1469,BCL9
mutation,1470,BCL9L
mutation,1471,BCLAF1
mutation,1472,BCLAF3
mutation,1473,BCO1
mutation,1474,BCO2
mutation,1475,BCOR
mutation,1476,BCORL1
mutation,1477,BCR
mutation,1478,BCS1L
mutation,1479,BDH1
mutation,1480,BDH2
mutation,1481,BDKRB1
mutation,1482,BDKRB2
mutation,1483,BDNF
mutation,1484,BDP1
mutation,1485,BEAN1
mutation,1486,BECN1
mutation,1487,BECN2
mutation,1488,BEGAIN
mutation,1489,BEND2
mutation,1490,BEND3
mutation,1491,BEND4
mutation,1492,BEND5
mutation,1493,BEND6
mutation,1494,BEND7
mutation,1495,BEST1
mutation,1496,BEST2
mutation,1497,BEST3
mutation,1498,BEST4
mutation,1499,BET1
mutation,1500,BET1L
mutation,1501,BEX1
mutation,1502,BEX2
mutation,1503,BEX3
mutation,1504,BEX4
mutation,1505,BEX5
mutation,1506,BFAR
mutation,1507,BFSP1
mutation,1508,BFSP2
mutation,1509,BGN
mutation,1510,BHLHA15
mutation,1511,BHLHA9
mutation,1512,BHLHE22
mutation,1513,BHLHE23
mutation,1514,BHLHE40
mutation,1515,BHLHE41
mutation,1516,BHMT
mutation,1517,BHMT2
mutation,1518,BICC1
mutation,1519,BICD1
mutation,1520,BICD2
mutation,1521,BICDL1
mutation,1522,BICDL2
mutation,1523,BICRA
mutation,1524,BICRAL
mutation,1525,BID
mutation,1526,BIK
mutation,1527,BIN1
mutation,1528,BIN2
mutation,1529,BIN3
mutation,1530,BIRC2
mutation,1531,BIRC3
mutation,1532,BIRC5
mutation,1533,BIRC6
mutation,1534,BIRC7
mutation,1535,BIVM
mutation,1536,BLCAP
mutation,1537,BLID
mutation,1538,BLK
mutation,1539,BLM
mutation,1540,BLMH
mutation,1541,BLNK
mutation,1542,BLOC1S1
mutation,1543,BLOC1S2
mutation,1544,BLOC1S3
mutation,1545,BLOC1S4
mutation,1546,BLOC1S5
mutation,1547,BLOC1S6
mutation,1548,BLVRA
mutation,1549,BLVRB
mutation,1550,BLZF1
mutation,1551,BMERB1
mutation,1552,BMF
mutation,1553,BMI1
mutation,1554,BMP1
mutation,1555,BMP10
mutation,1556,BMP15
mutation,1557,BMP2
mutation,1558,BMP2K
mutation,1559,BMP3
mutation,1560,BMP4
mutation,1561,BMP5
mutation,1562,BMP6
mutation,1563,BMP7
mutation,1564,BMP8A
mutation,1565,BMP8B
mutation,1566,BMPER
mutation,1567,BMPR1A
mutation,1568,BMPR1B
mutation,1569,BMPR2
mutation,1570,BMS1
mutation,1571,BMT2
mutation,1572,BMX
mutation,1573,BNC1
mutation,1574,BNC2
mutation,1575,BNIP1
mutation,1576,BNIP2
mutation,1577,BNIP3
mutation,1578,BNIP3L
mutation,1579,BNIP5
mutation,1580,BNIPL
mutation,1581,BOC
mutation,1582,BOD1
mutation,1583,BOD1L1
mutation,1584,BOD1L2
mutation,1585,BOK
mutation,1586,BOLA1
mutation,1587,BOLA3
mutation,1588,BOLL
mutation,1589,BOP1
mutation,1590,BORA
mutation,1591,BORCS5
mutation,1592,BORCS6
mutation,1593,BORCS7
mutation,1594,BPGM
mutation,1595,BPHL
mutation,1596,BPI
mutation,1597,BPIFA1
mutation,1598,BPIFA2
mutation,1599,BPIFA3
mutation,1600,BPIFB1
mutation,1601,BPIFB2
mutation,1602,BPIFB3
mutation,1603,BPIFB4
mutation,1604,BPIFB6
mutation,1605,BPIFC
mutation,1606,BPNT1
mutation,1607,BPNT2
mutation,1608,BPTF
mutation,1609,BRAF
mutation,1610,BRAP
mutation,1611,BRAT1
mutation,1612,BRCA1
mutation,1613,BRCA2
mutation,1614,BRCC3
mutation,1615,BRD1
mutation,1616,BRD2
mutation,1617,BRD3
mutation,1618,BRD4
mutation,1619,BRD7
mutation,1620,BRD8
mutation,1621,BRD9
mutation,1622,BRDT
mutation,1623,BRF1
mutation,1624,BRF2
mutation,1625,BRI3
mutation,1626,BRI3BP
mutation,1627,BRICD5
mutation,1628,BRINP1
mutation,1629,BRINP2
mutation,1630,BRINP3
mutation,1631,BRIP1
mutation,1632,BRIX1
mutation,1633,BRK1
mutation,1634,BRME1
mutation,1635,BRMS1
mutation,1636,BRMS1L
mutation,1637,BROX
mutation,1638,BRPF1
mutation,1639,BRPF3
mutation,1640,BRS3
mutation,1641,BRSK1
mutation,1642,BRSK2
mutation,1643,BRWD1
mutation,1644,BRWD3
mutation,1645,BSCL2
mutation,1646,BSDC1
mutation,1647,BSG
mutation,1648,BSN
mutation,1649,BSND
mutation,1650,BSPH1
mutation,1651,BSPRY
mutation,1652,BST1
mutation,1653,BST2
mutation,1654,BSX
mutation,1655,BTAF1
mutation,1656,BTBD1
mutation,1657,BTBD10
mutation,1658,BTBD11
mutation,1659,BTBD16
mutation,1660,BTBD17
mutation,1661,BTBD18
mutation,1662,BTBD19
mutation,1663,BTBD2
mutation,1664,BTBD3
mutation,1665,BTBD6
mutation,1666,BTBD7
mutation,1667,BTBD8
mutation,1668,BTBD9
mutation,1669,BTC
mutation,1670,BTD
mutation,1671,BTF3
mutation,1672,BTF3L4
mutation,1673,BTG1
mutation,1674,BTG2
mutation,1675,BTG3
mutation,1676,BTG4
mutation,1677,BTK
mutation,1678,BTLA
mutation,1679,BTN1A1
mutation,1680,BTN2A1
mutation,1681,BTN2A2
mutation,1682,BTN3A1
mutation,1683,BTN3A2
mutation,1684,BTN3A3
mutation,1685,BTNL2
mutation,1686,BTNL3
mutation,1687,BTNL8
mutation,1688,BTNL9
mutation,1689,BTRC
mutation,1690,BUB1
mutation,1691,BUB1B
mutation,1692,BUB3
mutation,1693,BUD13
mutation,1694,BUD23
mutation,1695,BUD31
mutation,1696,BVES
mutation,1697,BYSL
mutation,1698,BZW1
mutation,1699,BZW2
mutation,1700,C10orf105
mutation,1701,C10orf113
mutation,1702,C10orf120
mutation,1703,C10orf53
mutation,1704,C10orf55
mutation,1705,C10orf62
mutation,1706,C10orf67
mutation,1707,C10orf71
mutation,1708,C10orf82
mutation,1709,C10orf88
mutation,1710,C10orf90
mutation,1711,C10orf95
mutation,1712,C10orf99
mutation,1713,C11orf1
mutation,1714,C11orf16
mutation,1715,C11orf21
mutation,1716,C11orf24
mutation,1717,C11orf42
mutation,1718,C11orf45
mutation,1719,C11orf49
mutation,1720,C11orf52
mutation,1721,C11orf53
mutation,1722,C11orf54
mutation,1723,C11orf58
mutation,1724,C11orf65
mutation,1725,C11orf68
mutation,1726,C11orf71
mutation,1727,C11orf80
mutation,1728,C11orf86
mutation,1729,C11orf87
mutation,1730,C11orf91
mutation,1731,C11orf94
mutation,1732,C11orf95
mutation,1733,C11orf96
mutation,1734,C12orf29
mutation,1735,C12orf4
mutation,1736,C12orf40
mutation,1737,C12orf42
mutation,1738,C12orf43
mutation,1739,C12orf45
mutation,1740,C12orf50
mutation,1741,C12orf54
mutation,1742,C12orf56
mutation,1743,C12orf57
mutation,1744,C12orf60
mutation,1745,C12orf65
mutation,1746,C12orf66
mutation,1747,C12orf71
mutation,1748,C12orf73
mutation,1749,C12orf74
mutation,1750,C12orf76
mutation,1751,C13orf46
mutation,1752,C14orf119
mutation,1753,C14orf177
mutation,1754,C14orf178
mutation,1755,C14orf180
mutation,1756,C14orf28
mutation,1757,C14orf39
mutation,1758,C14orf93
mutation,1759,C15orf39
mutation,1760,C15orf40
mutation,1761,C15orf48
mutation,1762,C15orf61
mutation,1763,C15orf62
mutation,1764,C15orf65
mutation,1765,C16orf46
mutation,1766,C16orf54
mutation,1767,C16orf70
mutation,1768,C16orf71
mutation,1769,C16orf72
mutation,1770,C16orf74
mutation,1771,C16orf78
mutation,1772,C16orf82
mutation,1773,C16orf86
mutation,1774,C16orf87
mutation,1775,C16orf89
mutation,1776,C16orf90
mutation,1777,C16orf91
mutation,1778,C16orf92
mutation,1779,C16orf95
mutation,1780,C16orf96
mutation,1781,C17orf100
mutation,1782,C17orf107
mutation,1783,C17orf113
mutation,1784,C17orf49
mutation,1785,C17orf50
mutation,1786,C17orf58
mutation,1787,C17orf64
mutation,1788,C17orf67
mutation,1789,C17orf75
mutation,1790,C17orf78
mutation,1791,C17orf80
mutation,1792,C17orf97
mutation,1793,C17orf98
mutation,1794,C17orf99
mutation,1795,C18orf21
mutation,1796,C18orf25
mutation,1797,C18orf54
mutation,1798,C18orf63
mutation,1799,C19orf12
mutation,1800,C19orf18
mutation,1801,C19orf25
mutation,1802,C19orf38
mutation,1803,C19orf44
mutation,1804,C19orf47
mutation,1805,C19orf48
mutation,1806,C19orf53
mutation,1807,C19orf54
mutation,1808,C19orf67
mutation,1809,C19orf71
mutation,1810,C19orf73
mutation,1811,C19orf81
mutation,1812,C19orf84
mutation,1813,C1D
mutation,1814,C1GALT1
mutation,1815,C1GALT1C1
mutation,1816,C1GALT1C1L
mutation,1817,C1QA
mutation,1818,C1QB
mutation,1819,C1QBP
mutation,1820,C1QC
mutation,1821,C1QL1
mutation,1822,C1QL2
mutation,1823,C1QL3
mutation,1824,C1QL4
mutation,1825,C1QTNF1
mutation,1826,C1QTNF12
mutation,1827,C1QTNF2
mutation,1828,C1QTNF3
mutation,1829,C1QTNF4
mutation,1830,C1QTNF6
mutation,1831,C1QTNF7
mutation,1832,C1QTNF8
mutation,1833,C1QTNF9
mutation,1834,C1QTNF9B
mutation,1835,C1R
mutation,1836,C1RL
mutation,1837,C1S
mutation,1838,C1orf100
mutation,1839,C1orf105
mutation,1840,C1orf109
mutation,1841,C1orf112
mutation,1842,C1orf115
mutation,1843,C1orf116
mutation,1844,C1orf122
mutation,1845,C1orf127
mutation,1846,C1orf131
mutation,1847,C1orf141
mutation,1848,C1orf146
mutation,1849,C1orf158
mutation,1850,C1orf159
mutation,1851,C1orf162
mutation,1852,C1orf167
mutation,1853,C1orf174
mutation,1854,C1orf185
mutation,1855,C1orf189
mutation,1856,C1orf194
mutation,1857,C1orf198
mutation,1858,C1orf21
mutation,1859,C1orf210
mutation,1860,C1orf216
mutation,1861,C1orf226
mutation,1862,C1orf35
mutation,1863,C1orf43
mutation,1864,C1orf50
mutation,1865,C1orf52
mutation,1866,C1orf53
mutation,1867,C1orf54
mutation,1868,C1orf56
mutation,1869,C1orf68
mutation,1870,C1orf74
mutation,1871,C1orf87
mutation,1872,C1orf94
mutation,1873,C2
mutation,1874,C20orf141
mutation,1875,C20orf144
mutation,1876,C20orf173
mutation,1877,C20orf194
mutation,1878,C20orf202
mutation,1879,C20orf203
mutation,1880,C20orf204
mutation,1881,C20orf27
mutation,1882,C20orf85
mutation,1883,C20orf96
mutation,1884,C21orf58
mutation,1885,C21orf62
mutation,1886,C21orf91
mutation,1887,C22orf15
mutation,1888,C22orf23
mutation,1889,C22orf31
mutation,1890,C22orf39
mutation,1891,C22orf42
mutation,1892,C2CD2
mutation,1893,C2CD2L
mutation,1894,C2CD3
mutation,1895,C2CD4A
mutation,1896,C2CD4B
mutation,1897,C2CD4C
mutation,1898,C2CD4D
mutation,1899,C2CD5
mutation,1900,C2CD6
mutation,1901,C2orf15
mutation,1902,C2orf16
mutation,1903,C2orf42
mutation,1904,C2orf49
mutation,1905,C2orf50
mutation,1906,C2orf66
mutation,1907,C2orf68
mutation,1908,C2orf69
mutation,1909,C2orf72
mutation,1910,C2orf73
mutation,1911,C2orf74
mutation,1912,C2orf76
mutation,1913,C2orf78
mutation,1914,C2orf80
mutation,1915,C2orf81
mutation,1916,C2orf83
mutation,1917,C2orf88
mutation,1918,C2orf91
mutation,1919,C3
mutation,1920,C3AR1
mutation,1921,C3orf14
mutation,1922,C3orf18
mutation,1923,C3orf20
mutation,1924,C3orf22
mutation,1925,C3orf33
mutation,1926,C3orf38
mutation,1927,C3orf49
mutation,1928,C3orf52
mutation,1929,C3orf56
mutation,1930,C3orf62
mutation,1931,C3orf70
mutation,1932,C3orf80
mutation,1933,C3orf84
mutation,1934,C4A
mutation,1935,C4B
mutation,1936,C4BPA
mutation,1937,C4BPB
mutation,1938,C4orf17
mutation,1939,C4orf19
mutation,1940,C4orf3
mutation,1941,C4orf33
mutation,1942,C4orf45
mutation,1943,C4orf46
mutation,1944,C4orf47
mutation,1945,C4orf48
mutation,1946,C4orf50
mutation,1947,C4orf51
mutation,1948,C4orf54
mutation,1949,C5
mutation,1950,C5AR1
mutation,1951,C5AR2
mutation,1952,C5orf15
mutation,1953,C5orf22
mutation,1954,C5orf24
mutation,1955,C5orf34
mutation,1956,C5orf38
mutation,1957,C5orf46
mutation,1958,C5orf47
mutation,1959,C5orf49
mutation,1960,C5orf51
mutation,1961,C5orf52
mutation,1962,C5orf63
mutation,1963,C5orf67
mutation,1964,C6
mutation,1965,C6orf118
mutation,1966,C6orf120
mutation,1967,C6orf132
mutation,1968,C6orf136
mutation,1969,C6orf141
mutation,1970,C6orf15
mutation,1971,C6orf163
mutation,1972,C6orf201
mutation,1973,C6orf223
mutation,1974,C6orf226
mutation,1975,C6orf47
mutation,1976,C6orf52
mutation,1977,C6orf58
mutation,1978,C6orf62
mutation,1979,C6orf89
mutation,1980,C7
mutation,1981,C7orf25
mutation,1982,C7orf26
mutation,1983,C7orf31
mutation,1984,C7orf33
mutation,1985,C7orf50
mutation,1986,C7orf57
mutation,1987,C7orf61
mutation,1988,C7orf77
mutation,1989,C8A
mutation,1990,C8B
mutation,1991,C8G
mutation,1992,C8orf33
mutation,1993,C8orf34
mutation,1994,C8orf37
mutation,1995,C8orf48
mutation,1996,C8orf58
mutation,1997,C8orf74
mutation,1998,C8orf76
mutation,1999,C8orf82
mutation,2000,C8orf86
mutation,2001,C9
mutation,2002,C9orf116
mutation,2003,C9orf129
mutation,2004,C9orf131
mutation,2005,C9orf135
mutation,2006,C9orf152
mutation,2007,C9orf153
mutation,2008,C9orf16
mutation,2009,C9orf24
mutation,2010,C9orf40
mutation,2011,C9orf43
mutation,2012,C9orf50
mutation,2013,C9orf57
mutation,2014,C9orf64
mutation,2015,C9orf72
mutation,2016,C9orf78
mutation,2017,C9orf85
mutation,2018,C9orf92
mutation,2019,CA1
mutation,2020,CA10
mutation,2021,CA11
mutation,2022,CA12
mutation,2023,CA13
mutation,2024,CA14
mutation,2025,CA2
mutation,2026,CA3
mutation,2027,CA4
mutation,2028,CA5A
mutation,2029,CA5B
mutation,2030,CA6
mutation,2031,CA7
mutation,2032,CA8
mutation,2033,CA9
mutation,2034,CAAP1
mutation,2035,CAB39
mutation,2036,CAB39L
mutation,2037,CABCOCO1
mutation,2038,CABIN1
mutation,2039,CABLES1
mutation,2040,CABLES2
mutation,2041,CABP1
mutation,2042,CABP2
mutation,2043,CABP4
mutation,2044,CABP5
mutation,2045,CABP7
mutation,2046,CABS1
mutation,2047,CABYR
mutation,2048,CACFD1
mutation,2049,CACHD1
mutation,2050,CACNA1A
mutation,2051,CACNA1B
mutation,2052,CACNA1C
mutation,2053,CACNA1D
mutation,2054,CACNA1E
mutation,2055,CACNA1F
mutation,2056,CACNA1G
mutation,2057,CACNA1H
mutation,2058,CACNA1I
mutation,2059,CACNA1S
mutation,2060,CACNA2D1
mutation,2061,CACNA2D2
mutation,2062,CACNA2D3
mutation,2063,CACNA2D4
mutation,2064,CACNB1
mutation,2065,CACNB2
mutation,2066,CACNB3
mutation,2067,CACNB4
mutation,2068,CACNG1
mutation,2069,CACNG2
mutation,2070,CACNG3
mutation,2071,CACNG4
mutation,2072,CACNG5
mutation,2073,CACNG6
mutation,2074,CACNG7
mutation,2075,CACNG8
mutation,2076,CACTIN
mutation,2077,CACUL1
mutation,2078,CACYBP
mutation,2079,CAD
mutation,2080,CADM1
mutation,2081,CADM2
mutation,2082,CADM3
mutation,2083,CADM4
mutation,2084,CADPS
mutation,2085,CADPS2
mutation,2086,CAGE1
mutation,2087,CALB1
mutation,2088,CALB2
mutation,2089,CALCA
mutation,2090,CALCB
mutation,2091,CALCOCO1
mutation,2092,CALCOCO2
mutation,2093,CALCR
mutation,2094,CALCRL
mutation,2095,CALD1
mutation,2096,CALHM1
mutation,2097,CALHM2
mutation,2098,CALHM3
mutation,2099,CALHM4
mutation,2100,CALHM5
mutation,2101,CALHM6
mutation,2102,CALM1
mutation,2103,CALM2
mutation,2104,CALM3
mutation,2105,CALML3
mutation,2106,CALML4
mutation,2107,CALML5
mutation,2108,CALML6
mutation,2109,CALN1
mutation,2110,CALR
mutation,2111,CALR3
mutation,2112,CALU
mutation,2113,CALY
mutation,2114,CAMK1
mutation,2115,CAMK1D
mutation,2116,CAMK1G
mutation,2117,CAMK2A
mutation,2118,CAMK2B
mutation,2119,CAMK2D
mutation,2120,CAMK2G
mutation,2121,CAMK2N1
mutation,2122,CAMK2N2
mutation,2123,CAMK4
mutation,2124,CAMKK1
mutation,2125,CAMKK2
mutation,2126,CAMKMT
mutation,2127,CAMKV
mutation,2128,CAMLG
mutation,2129,CAMP
mutation,2130,CAMSAP1
mutation,2131,CAMSAP2
mutation,2132,CAMSAP3
mutation,2133,CAMTA1
mutation,2134,CAMTA2
mutation,2135,CAND1
mutation,2136,CAND2
mutation,2137,CANT1
mutation,2138,CANX
mutation,2139,CAP1
mutation,2140,CAP2
mutation,2141,CAPG
mutation,2142,CAPN1
mutation,2143,CAPN10
mutation,2144,CAPN11
mutation,2145,CAPN12
mutation,2146,CAPN13
mutation,2147,CAPN14
mutation,2148,CAPN15
mutation,2149,CAPN2
mutation,2150,CAPN3
mutation,2151,CAPN5
mutation,2152,CAPN6
mutation,2153,CAPN7
mutation,2154,CAPN8
mutation,2155,CAPN9
mutation,2156,CAPNS1
mutation,2157,CAPNS2
mutation,2158,CAPRIN1
mutation,2159,CAPRIN2
mutation,2160,CAPS
mutation,2161,CAPS2
mutation,2162,CAPSL
mutation,2163,CAPZA1
mutation,2164,CAPZA2
mutation,2165,CAPZA3
mutation,2166,CAPZB
mutation,2167,CARD10
mutation,2168,CARD11
mutation,2169,CARD14
mutation,2170,CARD16
mutation,2171,CARD17
mutation,2172,CARD18
mutation,2173,CARD19
mutation,2174,CARD6
mutation,2175,CARD8
mutation,2176,CARD9
mutation,2177,CARF
mutation,2178,CARHSP1
mutation,2179,CARM1
mutation,2180,CARMIL1
mutation,2181,CARMIL2
mutation,2182,CARMIL3
mutation,2183,CARNMT1
mutation,2184,CARNS1
mutation,2185,CARS1
mutation,2186,CARS2
mutation,2187,CARTPT
mutation,2188,CASC3
mutation,2189,CASD1
mutation,2190,CASK
mutation,2191,CASKIN1
mutation,2192,CASKIN2
mutation,2193,CASP1
mutation,2194,CASP10
mutation,2195,CASP12
mutation,2196,CASP14
mutation,2197,CASP2
mutation,2198,CASP3
mutation,2199,CASP4
mutation,2200,CASP5
mutation,2201,CASP6
mutation,2202,CASP7
mutation,2203,CASP8
mutation,2204,CASP8AP2
mutation,2205,CASP9
mutation,2206,CASQ1
mutation,2207,CASQ2
mutation,2208,CASR
mutation,2209,CASS4
mutation,2210,CAST
mutation,2211,CASTOR1
mutation,2212,CASTOR2
mutation,2213,CASTOR3
mutation,2214,CASZ1
mutation,2215,CAT
mutation,2216,CATIP
mutation,2217,CATSPER1
mutation,2218,CATSPER2
mutation,2219,CATSPER3
mutation,2220,CATSPER4
mutation,2221,CATSPERB
mutation,2222,CATSPERD
mutation,2223,CATSPERE
mutation,2224,CATSPERG
mutation,2225,CAV1
mutation,2226,CAV2
mutation,2227,CAV3
mutation,2228,CAVIN1
mutation,2229,CAVIN2
mutation,2230,CAVIN3
mutation,2231,CAVIN4
mutation,2232,CBARP
mutation,2233,CBFA2T2
mutation,2234,CBFA2T3
mutation,2235,CBFB
mutation,2236,CBL
mutation,2237,CBLB
mutation,2238,CBLC
mutation,2239,CBLIF
mutation,2240,CBLL1
mutation,2241,CBLL2
mutation,2242,CBLN1
mutation,2243,CBLN2
mutation,2244,CBLN3
mutation,2245,CBLN4
mutation,2246,CBR1
mutation,2247,CBR3
mutation,2248,CBR4
mutation,2249,CBS
mutation,2250,CBSL
mutation,2251,CBWD1
mutation,2252,CBWD2
mutation,2253,CBWD3
mutation,2254,CBWD5
mutation,2255,CBWD6
mutation,2256,CBX1
mutation,2257,CBX2
mutation,2258,CBX3
mutation,2259,CBX4
mutation,2260,CBX5
mutation,2261,CBX6
mutation,2262,CBX7
mutation,2263,CBX8
mutation,2264,CBY1
mutation,2265,CBY2
mutation,2266,CBY3
mutation,2267,CC2D1A
mutation,2268,CC2D1B
mutation,2269,CC2D2A
mutation,2270,CC2D2B
mutation,2271,CCAR1
mutation,2272,CCAR2
mutation,2273,CCBE1
mutation,2274,CCDC102A
mutation,2275,CCDC102B
mutation,2276,CCDC105
mutation,2277,CCDC106
mutation,2278,CCDC107
mutation,2279,CCDC110
mutation,2280,CCDC112
mutation,2281,CCDC113
mutation,2282,CCDC115
mutation,2283,CCDC116
mutation,2284,CCDC117
mutation,2285,CCDC12
mutation,2286,CCDC120
mutation,2287,CCDC121
mutation,2288,CCDC122
mutation,2289,CCDC124
mutation,2290,CCDC125
mutation,2291,CCDC126
mutation,2292,CCDC127
mutation,2293,CCDC13
mutation,2294,CCDC130
mutation,2295,CCDC134
mutation,2296,CCDC136
mutation,2297,CCDC137
mutation,2298,CCDC138
mutation,2299,CCDC14
mutation,2300,CCDC140
mutation,2301,CCDC141
mutation,2302,CCDC142
mutation,2303,CCDC144A
mutation,2304,CCDC144NL
mutation,2305,CCDC146
mutation,2306,CCDC148
mutation,2307,CCDC149
mutation,2308,CCDC15
mutation,2309,CCDC150
mutation,2310,CCDC152
mutation,2311,CCDC153
mutation,2312,CCDC154
mutation,2313,CCDC157
mutation,2314,CCDC158
mutation,2315,CCDC159
mutation,2316,CCDC160
mutation,2317,CCDC163
mutation,2318,CCDC166
mutation,2319,CCDC167
mutation,2320,CCDC168
mutation,2321,CCDC169
mutation,2322,CCDC169-SOHLH2
mutation,2323,CCDC17
mutation,2324,CCDC170
mutation,2325,CCDC171
mutation,2326,CCDC172
mutation,2327,CCDC173
mutation,2328,CCDC174
mutation,2329,CCDC175
mutation,2330,CCDC177
mutation,2331,CCDC178
mutation,2332,CCDC18
mutation,2333,CCDC180
mutation,2334,CCDC181
mutation,2335,CCDC182
mutation,2336,CCDC183
mutation,2337,CCDC184
mutation,2338,CCDC185
mutation,2339,CCDC186
mutation,2340,CCDC187
mutation,2341,CCDC190
mutation,2342,CCDC191
mutation,2343,CCDC196
mutation,2344,CCDC197
mutation,2345,CCDC198
mutation,2346,CCDC22
mutation,2347,CCDC24
mutation,2348,CCDC25
mutation,2349,CCDC27
mutation,2350,CCDC28A
mutation,2351,CCDC28B
mutation,2352,CCDC3
mutation,2353,CCDC30
mutation,2354,CCDC32
mutation,2355,CCDC33
mutation,2356,CCDC34
mutation,2357,CCDC38
mutation,2358,CCDC39
mutation,2359,CCDC40
mutation,2360,CCDC42
mutation,2361,CCDC43
mutation,2362,CCDC47
mutation,2363,CCDC50
mutation,2364,CCDC51
mutation,2365,CCDC54
mutation,2366,CCDC57
mutation,2367,CCDC59
mutation,2368,CCDC6
mutation,2369,CCDC60
mutation,2370,CCDC61
mutation,2371,CCDC62
mutation,2372,CCDC63
mutation,2373,CCDC65
mutation,2374,CCDC66
mutation,2375,CCDC68
mutation,2376,CCDC69
mutation,2377,CCDC7
mutation,2378,CCDC70
mutation,2379,CCDC71
mutation,2380,CCDC71L
mutation,2381,CCDC73
mutation,2382,CCDC74A
mutation,2383,CCDC74B
mutation,2384,CCDC77
mutation,2385,CCDC78
mutation,2386,CCDC8
mutation,2387,CCDC80
mutation,2388,CCDC81
mutation,2389,CCDC82
mutation,2390,CCDC83
mutation,2391,CCDC85A
mutation,2392,CCDC85B
mutation,2393,CCDC85C
mutation,2394,CCDC86
mutation,2395,CCDC87
mutation,2396,CCDC88A
mutation,2397,CCDC88B
mutation,2398,CCDC88C
mutation,2399,CCDC89
mutation,2400,CCDC9
mutation,2401,CCDC90B
mutation,2402,CCDC91
mutation,2403,CCDC92
mutation,2404,CCDC93
mutation,2405,CCDC96
mutation,2406,CCDC97
mutation,2407,CCDC9B
mutation,2408,CCER1
mutation,2409,CCER2
mutation,2410,CCHCR1
mutation,2411,CCIN
mutation,2412,CCK
mutation,2413,CCKAR
mutation,2414,CCKBR
mutation,2415,CCL1
mutation,2416,CCL11
mutation,2417,CCL13
mutation,2418,CCL14
mutation,2419,CCL15
mutation,2420,CCL16
mutation,2421,CCL17
mutation,2422,CCL18
mutation,2423,CCL19
mutation,2424,CCL2
mutation,2425,CCL20
mutation,2426,CCL21
mutation,2427,CCL22
mutation,2428,CCL23
mutation,2429,CCL24
mutation,2430,CCL25
mutation,2431,CCL26
mutation,2432,CCL27
mutation,2433,CCL28
mutation,2434,CCL3
mutation,2435,CCL3L1
mutation,2436,CCL4
mutation,2437,CCL4L2
mutation,2438,CCL5
mutation,2439,CCL7
mutation,2440,CCL8
mutation,2441,CCM2
mutation,2442,CCM2L
mutation,2443,CCN1
mutation,2444,CCN2
mutation,2445,CCN3
mutation,2446,CCN4
mutation,2447,CCN5
mutation,2448,CCN6
mutation,2449,CCNA1
mutation,2450,CCNA2
mutation,2451,CCNB1
mutation,2452,CCNB1IP1
mutation,2453,CCNB2
mutation,2454,CCNB3
mutation,2455,CCNC
mutation,2456,CCND1
mutation,2457,CCND2
mutation,2458,CCND3
mutation,2459,CCNDBP1
mutation,2460,CCNE1
mutation,2461,CCNE2
mutation,2462,CCNF
mutation,2463,CCNG1
mutation,2464,CCNG2
mutation,2465,CCNH
mutation,2466,CCNI
mutation,2467,CCNI2
mutation,2468,CCNJ
mutation,2469,CCNJL
mutation,2470,CCNK
mutation,2471,CCNL1
mutation,2472,CCNL2
mutation,2473,CCNO
mutation,2474,CCNP
mutation,2475,CCNQ
mutation,2476,CCNT1
mutation,2477,CCNT2
mutation,2478,CCNY
mutation,2479,CCNYL1
mutation,2480,CCP110
mutation,2481,CCPG1
mutation,2482,CCR1
mutation,2483,CCR10
mutation,2484,CCR2
mutation,2485,CCR3
mutation,2486,CCR4
mutation,2487,CCR5
mutation,2488,CCR6
mutation,2489,CCR7
mutation,2490,CCR8
mutation,2491,CCR9
mutation,2492,CCRL2
mutation,2493,CCS
mutation,2494,CCSAP
mutation,2495,CCSER1
mutation,2496,CCSER2
mutation,2497,CCT2
mutation,2498,CCT3
mutation,2499,CCT4
mutation,2500,CCT5
mutation,2501,CCT6A
mutation,2502,CCT6B
mutation,2503,CCT7
mutation,2504,CCT8
mutation,2505,CCT8L2
mutation,2506,CCZ1
mutation,2507,CCZ1B
mutation,2508,CD101
mutation,2509,CD109
mutation,2510,CD14
mutation,2511,CD151
mutation,2512,CD160
mutation,2513,CD163
mutation,2514,CD163L1
mutation,2515,CD164
mutation,2516,CD164L2
mutation,2517,CD177
mutation,2518,CD180
mutation,2519,CD19
mutation,2520,CD1A
mutation,2521,CD1B
mutation,2522,CD1C
mutation,2523,CD1D
mutation,2524,CD1E
mutation,2525,CD2
mutation,2526,CD200
mutation,2527,CD200R1
mutation,2528,CD200R1L
mutation,2529,CD207
mutation,2530,CD209
mutation,2531,CD22
mutation,2532,CD226
mutation,2533,CD24
mutation,2534,CD244
mutation,2535,CD247
mutation,2536,CD248
mutation,2537,CD27
mutation,2538,CD274
mutation,2539,CD276
mutation,2540,CD28
mutation,2541,CD2AP
mutation,2542,CD2BP2
mutation,2543,CD300A
mutation,2544,CD300C
mutation,2545,CD300E
mutation,2546,CD300LB
mutation,2547,CD300LD
mutation,2548,CD300LF
mutation,2549,CD300LG
mutation,2550,CD320
mutation,2551,CD33
mutation,2552,CD34
mutation,2553,CD36
mutation,2554,CD37
mutation,2555,CD38
mutation,2556,CD3D
mutation,2557,CD3E
mutation,2558,CD3G
mutation,2559,CD4
mutation,2560,CD40
mutation,2561,CD40LG
mutation,2562,CD44
mutation,2563,CD46
mutation,2564,CD47
mutation,2565,CD48
mutation,2566,CD5
mutation,2567,CD52
mutation,2568,CD53
mutation,2569,CD55
mutation,2570,CD58
mutation,2571,CD59
mutation,2572,CD5L
mutation,2573,CD6
mutation,2574,CD63
mutation,2575,CD68
mutation,2576,CD69
mutation,2577,CD7
mutation,2578,CD70
mutation,2579,CD72
mutation,2580,CD74
mutation,2581,CD79A
mutation,2582,CD79B
mutation,2583,CD80
mutation,2584,CD81
mutation,2585,CD82
mutation,2586,CD83
mutation,2587,CD84
mutation,2588,CD86
mutation,2589,CD8A
mutation,2590,CD8B
mutation,2591,CD8B2
mutation,2592,CD9
mutation,2593,CD93
mutation,2594,CD96
mutation,2595,CD99
mutation,2596,CD99L2
mutation,2597,CDA
mutation,2598,CDADC1
mutation,2599,CDAN1
mutation,2600,CDC123
mutation,2601,CDC14A
mutation,2602,CDC14B
mutation,2603,CDC14C
mutation,2604,CDC16
mutation,2605,CDC20
mutation,2606,CDC20B
mutation,2607,CDC23
mutation,2608,CDC25A
mutation,2609,CDC25B
mutation,2610,CDC25C
mutation,2611,CDC26
mutation,2612,CDC27
mutation,2613,CDC34
mutation,2614,CDC37
mutation,2615,CDC37L1
mutation,2616,CDC40
mutation,2617,CDC42
mutation,2618,CDC42BPA
mutation,2619,CDC42BPB
mutation,2620,CDC42BPG
mutation,2621,CDC42EP1
mutation,2622,CDC42EP2
mutation,2623,CDC42EP3
mutation,2624,CDC42EP4
mutation,2625,CDC42EP5
mutation,2626,CDC42SE1
mutation,2627,CDC42SE2
mutation,2628,CDC45
mutation,2629,CDC5L
mutation,2630,CDC6
mutation,2631,CDC7
mutation,2632,CDC73
mutation,2633,CDCA2
mutation,2634,CDCA3
mutation,2635,CDCA4
mutation,2636,CDCA5
mutation,2637,CDCA7
mutation,2638,CDCA7L
mutation,2639,CDCA8
mutation,2640,CDCP1
mutation,2641,CDCP2
mutation,2642,CDH1
mutation,2643,CDH10
mutation,2644,CDH11
mutation,2645,CDH12
mutation,2646,CDH13
mutation,2647,CDH15
mutation,2648,CDH16
mutation,2649,CDH17
mutation,2650,CDH18
mutation,2651,CDH19
mutation,2652,CDH2
mutation,2653,CDH20
mutation,2654,CDH22
mutation,2655,CDH23
mutation,2656,CDH24
mutation,2657,CDH26
mutation,2658,CDH3
mutation,2659,CDH4
mutation,2660,CDH5
mutation,2661,CDH6
mutation,2662,CDH7
mutation,2663,CDH8
mutation,2664,CDH9
mutation,2665,CDHR1
mutation,2666,CDHR2
mutation,2667,CDHR3
mutation,2668,CDHR4
mutation,2669,CDHR5
mutation,2670,CDIN1
mutation,2671,CDIP1
mutation,2672,CDIPT
mutation,2673,CDK1
mutation,2674,CDK10
mutation,2675,CDK11A
mutation,2676,CDK11B
mutation,2677,CDK12
mutation,2678,CDK13
mutation,2679,CDK14
mutation,2680,CDK15
mutation,2681,CDK16
mutation,2682,CDK17
mutation,2683,CDK18
mutation,2684,CDK19
mutation,2685,CDK2
mutation,2686,CDK20
mutation,2687,CDK2AP1
mutation,2688,CDK2AP2
mutation,2689,CDK3
mutation,2690,CDK4
mutation,2691,CDK5
mutation,2692,CDK5R1
mutation,2693,CDK5R2
mutation,2694,CDK5RAP1
mutation,2695,CDK5RAP2
mutation,2696,CDK5RAP3
mutation,2697,CDK6
mutation,2698,CDK7
mutation,2699,CDK8
mutation,2700,CDK9
mutation,2701,CDKAL1
mutation,2702,CDKL1
mutation,2703,CDKL2
mutation,2704,CDKL3
mutation,2705,CDKL4
mutation,2706,CDKL5
mutation,2707,CDKN1A
mutation,2708,CDKN1B
mutation,2709,CDKN1C
mutation,2710,CDKN2A
mutation,2711,CDKN2AIP
mutation,2712,CDKN2AIPNL
mutation,2713,CDKN2B
mutation,2714,CDKN2C
mutation,2715,CDKN2D
mutation,2716,CDKN3
mutation,2717,CDNF
mutation,2718,CDO1
mutation,2719,CDON
mutation,2720,CDPF1
mutation,2721,CDR1
mutation,2722,CDR2
mutation,2723,CDR2L
mutation,2724,CDRT1
mutation,2725,CDRT15
mutation,2726,CDRT15L2
mutation,2727,CDS1
mutation,2728,CDS2
mutation,2729,CDSN
mutation,2730,CDT1
mutation,2731,CDV3
mutation,2732,CDX1
mutation,2733,CDX2
mutation,2734,CDX4
mutation,2735,CDYL
mutation,2736,CDYL2
mutation,2737,CEACAM1
mutation,2738,CEACAM16
mutation,2739,CEACAM18
mutation,2740,CEACAM19
mutation,2741,CEACAM20
mutation,2742,CEACAM21
mutation,2743,CEACAM3
mutation,2744,CEACAM4
mutation,2745,CEACAM5
mutation,2746,CEACAM6
mutation,2747,CEACAM7
mutation,2748,CEACAM8
mutation,2749,CEBPA
mutation,2750,CEBPB
mutation,2751,CEBPD
mutation,2752,CEBPE
mutation,2753,CEBPG
mutation,2754,CEBPZ
mutation,2755,CEBPZOS
mutation,2756,CECR2
mutation,2757,CEL
mutation,2758,CELA1
mutation,2759,CELA2A
mutation,2760,CELA2B
mutation,2761,CELA3A
mutation,2762,CELA3B
mutation,2763,CELF1
mutation,2764,CELF2
mutation,2765,CELF3
mutation,2766,CELF4
mutation,2767,CELF5
mutation,2768,CELF6
mutation,2769,CELSR1
mutation,2770,CELSR2
mutation,2771,CELSR3
mutation,2772,CEMIP
mutation,2773,CEMIP2
mutation,2774,CENATAC
mutation,2775,CEND1
mutation,2776,CENPA
mutation,2777,CENPB
mutation,2778,CENPBD1
mutation,2779,CENPC
mutation,2780,CENPE
mutation,2781,CENPF
mutation,2782,CENPH
mutation,2783,CENPI
mutation,2784,CENPJ
mutation,2785,CENPK
mutation,2786,CENPL
mutation,2787,CENPM
mutation,2788,CENPN
mutation,2789,CENPO
mutation,2790,CENPP
mutation,2791,CENPQ
mutation,2792,CENPS
mutation,2793,CENPS-CORT
mutation,2794,CENPT
mutation,2795,CENPU
mutation,2796,CENPV
mutation,2797,CENPW
mutation,2798,CENPX
mutation,2799,CEP104
mutation,2800,CEP112
mutation,2801,CEP120
mutation,2802,CEP126
mutation,2803,CEP128
mutation,2804,CEP131
mutation,2805,CEP135
mutation,2806,CEP152
mutation,2807,CEP162
mutation,2808,CEP164
mutation,2809,CEP170
mutation,2810,CEP170B
mutation,2811,CEP19
mutation,2812,CEP192
mutation,2813,CEP20
mutation,2814,CEP250
mutation,2815,CEP290
mutation,2816,CEP295
mutation,2817,CEP295NL
mutation,2818,CEP350
mutation,2819,CEP41
mutation,2820,CEP43
mutation,2821,CEP44
mutation,2822,CEP55
mutation,2823,CEP57
mutation,2824,CEP57L1
mutation,2825,CEP63
mutation,2826,CEP68
mutation,2827,CEP70
mutation,2828,CEP72
mutation,2829,CEP76
mutation,2830,CEP78
mutation,2831,CEP83
mutation,2832,CEP85
mutation,2833,CEP85L
mutation,2834,CEP89
mutation,2835,CEP95
mutation,2836,CEP97
mutation,2837,CEPT1
mutation,2838,CER1
mutation,2839,CERCAM
mutation,2840,CERK
mutation,2841,CERKL
mutation,2842,CERS2
mutation,2843,CERS3
mutation,2844,CERS4
mutation,2845,CERS5
mutation,2846,CERS6
mutation,2847,CERT1
mutation,2848,CES1
mutation,2849,CES2
mutation,2850,CES3
mutation,2851,CES4A
mutation,2852,CES5A
mutation,2853,CETN1
mutation,2854,CETN2
mutation,2855,CETN3
mutation,2856,CETP
mutation,2857,CFAP100
mutation,2858,CFAP126
mutation,2859,CFAP157
mutation,2860,CFAP161
mutation,2861,CFAP20
mutation,2862,CFAP206
mutation,2863,CFAP20DC
mutation,2864,CFAP221
mutation,2865,CFAP251
mutation,2866,CFAP298
mutation,2867,CFAP299
mutation,2868,CFAP300
mutation,2869,CFAP36
mutation,2870,CFAP410
mutation,2871,CFAP43
mutation,2872,CFAP44
mutation,2873,CFAP45
mutation,2874,CFAP46
mutation,2875,CFAP47
mutation,2876,CFAP52
mutation,2877,CFAP53
mutation,2878,CFAP54
mutation,2879,CFAP57
mutation,2880,CFAP58
mutation,2881,CFAP61
mutation,2882,CFAP65
mutation,2883,CFAP69
mutation,2884,CFAP70
mutation,2885,CFAP73
mutation,2886,CFAP74
mutation,2887,CFAP77
mutation,2888,CFAP91
mutation,2889,CFAP92
mutation,2890,CFAP94
mutation,2891,CFAP97
mutation,2892,CFAP99
mutation,2893,CFB
mutation,2894,CFC1
mutation,2895,CFD
mutation,2896,CFDP1
mutation,2897,CFH
mutation,2898,CFHR1
mutation,2899,CFHR2
mutation,2900,CFHR3
mutation,2901,CFHR4
mutation,2902,CFHR5
mutation,2903,CFI
mutation,2904,CFL1
mutation,2905,CFL2
mutation,2906,CFLAR
mutation,2907,CFP
mutation,2908,CFTR
mutation,2909,CGA
mutation,2910,CGAS
mutation,2911,CGB1
mutation,2912,CGB2
mutation,2913,CGB3
mutation,2914,CGB5
mutation,2915,CGB7
mutation,2916,CGB8
mutation,2917,CGGBP1
mutation,2918,CGN
mutation,2919,CGNL1
mutation,2920,CGREF1
mutation,2921,CGRRF1
mutation,2922,CH25H
mutation,2923,CHAC1
mutation,2924,CHAC2
mutation,2925,CHAD
mutation,2926,CHADL
mutation,2927,CHAF1A
mutation,2928,CHAF1B
mutation,2929,CHAMP1
mutation,2930,CHAT
mutation,2931,CHCHD1
mutation,2932,CHCHD10
mutation,2933,CHCHD2
mutation,2934,CHCHD3
mutation,2935,CHCHD4
mutation,2936,CHCHD5
mutation,2937,CHCHD6
mutation,2938,CHCHD7
mutation,2939,CHD1
mutation,2940,CHD1L
mutation,2941,CHD2
mutation,2942,CHD3
mutation,2943,CHD4
mutation,2944,CHD5
mutation,2945,CHD6
mutation,2946,CHD7
mutation,2947,CHD8
mutation,2948,CHD9
mutation,2949,CHDH
mutation,2950,CHEK1
mutation,2951,CHEK2
mutation,2952,CHERP
mutation,2953,CHFR
mutation,2954,CHGA
mutation,2955,CHGB
mutation,2956,CHI3L1
mutation,2957,CHI3L2
mutation,2958,CHIA
mutation,2959,CHIC1
mutation,2960,CHIC2
mutation,2961,CHID1
mutation,2962,CHIT1
mutation,2963,CHKA
mutation,2964,CHKB
mutation,2965,CHL1
mutation,2966,CHM
mutation,2967,CHML
mutation,2968,CHMP1A
mutation,2969,CHMP1B
mutation,2970,CHMP2A
mutation,2971,CHMP2B
mutation,2972,CHMP4A
mutation,2973,CHMP4B
mutation,2974,CHMP4C
mutation,2975,CHMP5
mutation,2976,CHMP6
mutation,2977,CHMP7
mutation,2978,CHN1
mutation,2979,CHN2
mutation,2980,CHODL
mutation,2981,CHORDC1
mutation,2982,CHP1
mutation,2983,CHP2
mutation,2984,CHPF
mutation,2985,CHPF2
mutation,2986,CHPT1
mutation,2987,CHRAC1
mutation,2988,CHRD
mutation,2989,CHRDL1
mutation,2990,CHRDL2
mutation,2991,CHRFAM7A
mutation,2992,CHRM1
mutation,2993,CHRM2
mutation,2994,CHRM3
mutation,2995,CHRM4
mutation,2996,CHRM5
mutation,2997,CHRNA1
mutation,2998,CHRNA10
mutation,2999,CHRNA2
mutation,3000,CHRNA3
mutation,3001,CHRNA4
mutation,3002,CHRNA5
mutation,3003,CHRNA6
mutation,3004,CHRNA7
mutation,3005,CHRNA9
mutation,3006,CHRNB1
mutation,3007,CHRNB2
mutation,3008,CHRNB3
mutation,3009,CHRNB4
mutation,3010,CHRND
mutation,3011,CHRNE
mutation,3012,CHRNG
mutation,3013,CHST1
mutation,3014,CHST10
mutation,3015,CHST11
mutation,3016,CHST12
mutation,3017,CHST13
mutation,3018,CHST14
mutation,3019,CHST15
mutation,3020,CHST2
mutation,3021,CHST3
mutation,3022,CHST4
mutation,3023,CHST5
mutation,3024,CHST6
mutation,3025,CHST7
mutation,3026,CHST8
mutation,3027,CHST9
mutation,3028,CHSY1
mutation,3029,CHSY3
mutation,3030,CHTF18
mutation,3031,CHTF8
mutation,3032,CHTOP
mutation,3033,CHUK
mutation,3034,CHURC1
mutation,3035,CIAO1
mutation,3036,CIAO2A
mutation,3037,CIAO2B
mutation,3038,CIAO3
mutation,3039,CIAPIN1
mutation,3040,CIART
mutation,3041,CIB1
mutation,3042,CIB2
mutation,3043,CIB3
mutation,3044,CIB4
mutation,3045,CIBAR1
mutation,3046,CIBAR2
mutation,3047,CIC
mutation,3048,CIDEA
mutation,3049,CIDEC
mutation,3050,CIITA
mutation,3051,CILK1
mutation,3052,CILP
mutation,3053,CILP2
mutation,3054,CINP
mutation,3055,CIP2A
mutation,3056,CIPC
mutation,3057,CIR1
mutation,3058,CIRBP
mutation,3059,CISD1
mutation,3060,CISD2
mutation,3061,CISD3
mutation,3062,CISH
mutation,3063,CIT
mutation,3064,CITED1
mutation,3065,CITED2
mutation,3066,CITED4
mutation,3067,CIZ1
mutation,3068,CKAP2
mutation,3069,CKAP2L
mutation,3070,CKAP4
mutation,3071,CKAP5
mutation,3072,CKB
mutation,3073,CKLF
mutation,3074,CKLF-CMTM1
mutation,3075,CKM
mutation,3076,CKMT1A
mutation,3077,CKMT1B
mutation,3078,CKMT2
mutation,3079,CKS1B
mutation,3080,CKS2
mutation,3081,CLASP1
mutation,3082,CLASP2
mutation,3083,CLASRP
mutation,3084,CLBA1
mutation,3085,CLC
mutation,3086,CLCA1
mutation,3087,CLCA2
mutation,3088,CLCA4
mutation,3089,CLCC1
mutation,3090,CLCF1
mutation,3091,CLCN1
mutation,3092,CLCN2
mutation,3093,CLCN3
mutation,3094,CLCN4
mutation,3095,CLCN5
mutation,3096,CLCN6
mutation,3097,CLCN7
mutation,3098,CLCNKA
mutation,3099,CLCNKB
mutation,3100,CLDN1
mutation,3101,CLDN10
mutation,3102,CLDN11
mutation,3103,CLDN12
mutation,3104,CLDN14
mutation,3105,CLDN15
mutation,3106,CLDN16
mutation,3107,CLDN17
mutation,3108,CLDN18
mutation,3109,CLDN19
mutation,3110,CLDN2
mutation,3111,CLDN20
mutation,3112,CLDN23
mutation,3113,CLDN24
mutation,3114,CLDN25
mutation,3115,CLDN3
mutation,3116,CLDN4
mutation,3117,CLDN5
mutation,3118,CLDN6
mutation,3119,CLDN7
mutation,3120,CLDN8
mutation,3121,CLDN9
mutation,3122,CLDND1
mutation,3123,CLDND2
mutation,3124,CLEC10A
mutation,3125,CLEC11A
mutation,3126,CLEC12A
mutation,3127,CLEC12B
mutation,3128,CLEC14A
mutation,3129,CLEC16A
mutation,3130,CLEC17A
mutation,3131,CLEC18A
mutation,3132,CLEC18B
mutation,3133,CLEC18C
mutation,3134,CLEC19A
mutation,3135,CLEC1A
mutation,3136,CLEC1B
mutation,3137,CLEC20A
mutation,3138,CLEC2A
mutation,3139,CLEC2B
mutation,3140,CLEC2D
mutation,3141,CLEC2L
mutation,3142,CLEC3A
mutation,3143,CLEC3B
mutation,3144,CLEC4A
mutation,3145,CLEC4C
mutation,3146,CLEC4D
mutation,3147,CLEC4E
mutation,3148,CLEC4F
mutation,3149,CLEC4G
mutation,3150,CLEC4M
mutation,3151,CLEC5A
mutation,3152,CLEC6A
mutation,3153,CLEC7A
mutation,3154,CLEC9A
mutation,3155,CLECL1P
mutation,3156,CLGN
mutation,3157,CLHC1
mutation,3158,CLIC1
mutation,3159,CLIC2
mutation,3160,CLIC3
mutation,3161,CLIC4
mutation,3162,CLIC5
mutation,3163,CLIC6
mutation,3164,CLINT1
mutation,3165,CLIP1
mutation,3166,CLIP2
mutation,3167,CLIP3
mutation,3168,CLIP4
mutation,3169,CLK1
mutation,3170,CLK2
mutation,3171,CLK3
mutation,3172,CLK4
mutation,3173,CLLU1-AS1
mutation,3174,CLMN
mutation,3175,CLMP
mutation,3176,CLN3
mutation,3177,CLN5
mutation,3178,CLN6
mutation,3179,CLN8
mutation,3180,CLNK
mutation,3181,CLNS1A
mutation,3182,CLOCK
mutation,3183,CLP1
mutation,3184,CLPB
mutation,3185,CLPP
mutation,3186,CLPS
mutation,3187,CLPSL1
mutation,3188,CLPTM1
mutation,3189,CLPTM1L
mutation,3190,CLPX
mutation,3191,CLRN1
mutation,3192,CLRN2
mutation,3193,CLRN3
mutation,3194,CLSPN
mutation,3195,CLSTN1
mutation,3196,CLSTN2
mutation,3197,CLSTN3
mutation,3198,CLTA
mutation,3199,CLTB
mutation,3200,CLTC
mutation,3201,CLTCL1
mutation,3202,CLTRN
mutation,3203,CLU
mutation,3204,CLUAP1
mutation,3205,CLUH
mutation,3206,CLUL1
mutation,3207,CLVS1
mutation,3208,CLVS2
mutation,3209,CLYBL
mutation,3210,CMA1
mutation,3211,CMAS
mutation,3212,CMBL
mutation,3213,CMC1
mutation,3214,CMC2
mutation,3215,CMC4
mutation,3216,CMIP
mutation,3217,CMKLR1
mutation,3218,CMPK1
mutation,3219,CMPK2
mutation,3220,CMSS1
mutation,3221,CMTM1
mutation,3222,CMTM2
mutation,3223,CMTM3
mutation,3224,CMTM4
mutation,3225,CMTM5
mutation,3226,CMTM6
mutation,3227,CMTM7
mutation,3228,CMTM8
mutation,3229,CMTR1
mutation,3230,CMTR2
mutation,3231,CMYA5
mutation,3232,CNBD1
mutation,3233,CNBD2
mutation,3234,CNBP
mutation,3235,CNDP1
mutation,3236,CNDP2
mutation,3237,CNEP1R1
mutation,3238,CNFN
mutation,3239,CNGA1
mutation,3240,CNGA2
mutation,3241,CNGA3
mutation,3242,CNGA4
mutation,3243,CNGB1
mutation,3244,CNGB3
mutation,3245,CNIH1
mutation,3246,CNIH2
mutation,3247,CNIH3
mutation,3248,CNIH4
mutation,3249,CNKSR1
mutation,3250,CNKSR2
mutation,3251,CNKSR3
mutation,3252,CNMD
mutation,3253,CNN1
mutation,3254,CNN2
mutation,3255,CNN3
mutation,3256,CNNM1
mutation,3257,CNNM2
mutation,3258,CNNM3
mutation,3259,CNNM4
mutation,3260,CNOT1
mutation,3261,CNOT10
mutation,3262,CNOT11
mutation,3263,CNOT2
mutation,3264,CNOT3
mutation,3265,CNOT4
mutation,3266,CNOT6
mutation,3267,CNOT6L
mutation,3268,CNOT7
mutation,3269,CNOT8
mutation,3270,CNOT9
mutation,3271,CNP
mutation,3272,CNPPD1
mutation,3273,CNPY1
mutation,3274,CNPY2
mutation,3275,CNPY3
mutation,3276,CNPY4
mutation,3277,CNR1
mutation,3278,CNR2
mutation,3279,CNRIP1
mutation,3280,CNST
mutation,3281,CNTD1
mutation,3282,CNTF
mutation,3283,CNTFR
mutation,3284,CNTLN
mutation,3285,CNTN1
mutation,3286,CNTN2
mutation,3287,CNTN3
mutation,3288,CNTN4
mutation,3289,CNTN5
mutation,3290,CNTN6
mutation,3291,CNTNAP1
mutation,3292,CNTNAP2
mutation,3293,CNTNAP3
mutation,3294,CNTNAP3B
mutation,3295,CNTNAP4
mutation,3296,CNTNAP5
mutation,3297,CNTRL
mutation,3298,CNTROB
mutation,3299,COA1
mutation,3300,COA3
mutation,3301,COA4
mutation,3302,COA5
mutation,3303,COA6
mutation,3304,COA7
mutation,3305,COA8
mutation,3306,COASY
mutation,3307,COBL
mutation,3308,COBLL1
mutation,3309,COCH
mutation,3310,COG1
mutation,3311,COG2
mutation,3312,COG3
mutation,3313,COG4
mutation,3314,COG5
mutation,3315,COG6
mutation,3316,COG7
mutation,3317,COG8
mutation,3318,COIL
mutation,3319,COL10A1
mutation,3320,COL11A1
mutation,3321,COL11A2
mutation,3322,COL12A1
mutation,3323,COL13A1
mutation,3324,COL14A1
mutation,3325,COL15A1
mutation,3326,COL16A1
mutation,3327,COL17A1
mutation,3328,COL18A1
mutation,3329,COL19A1
mutation,3330,COL1A1
mutation,3331,COL1A2
mutation,3332,COL20A1
mutation,3333,COL21A1
mutation,3334,COL22A1
mutation,3335,COL23A1
mutation,3336,COL24A1
mutation,3337,COL25A1
mutation,3338,COL26A1
mutation,3339,COL27A1
mutation,3340,COL28A1
mutation,3341,COL2A1
mutation,3342,COL3A1
mutation,3343,COL4A1
mutation,3344,COL4A2
mutation,3345,COL4A3
mutation,3346,COL4A4
mutation,3347,COL4A5
mutation,3348,COL4A6
mutation,3349,COL5A1
mutation,3350,COL5A2
mutation,3351,COL5A3
mutation,3352,COL6A1
mutation,3353,COL6A2
mutation,3354,COL6A3
mutation,3355,COL6A5
mutation,3356,COL6A6
mutation,3357,COL7A1
mutation,3358,COL8A1
mutation,3359,COL8A2
mutation,3360,COL9A1
mutation,3361,COL9A2
mutation,3362,COL9A3
mutation,3363,COLCA2
mutation,3364,COLEC10
mutation,3365,COLEC11
mutation,3366,COLEC12
mutation,3367,COLGALT1
mutation,3368,COLGALT2
mutation,3369,COLQ
mutation,3370,COMMD1
mutation,3371,COMMD10
mutation,3372,COMMD2
mutation,3373,COMMD3
mutation,3374,COMMD4
mutation,3375,COMMD5
mutation,3376,COMMD6
mutation,3377,COMMD7
mutation,3378,COMMD8
mutation,3379,COMMD9
mutation,3380,COMP
mutation,3381,COMT
mutation,3382,COMTD1
mutation,3383,COP1
mutation,3384,COPA
mutation,3385,COPB1
mutation,3386,COPB2
mutation,3387,COPE
mutation,3388,COPG1
mutation,3389,COPG2
mutation,3390,COPRS
mutation,3391,COPS2
mutation,3392,COPS3
mutation,3393,COPS4
mutation,3394,COPS5
mutation,3395,COPS6
mutation,3396,COPS7A
mutation,3397,COPS7B
mutation,3398,COPS8
mutation,3399,COPS9
mutation,3400,COPZ1
mutation,3401,COPZ2
mutation,3402,COQ10A
mutation,3403,COQ10B
mutation,3404,COQ2
mutation,3405,COQ3
mutation,3406,COQ4
mutation,3407,COQ5
mutation,3408,COQ6
mutation,3409,COQ7
mutation,3410,COQ8A
mutation,3411,COQ8B
mutation,3412,COQ9
mutation,3413,CORIN
mutation,3414,CORO1A
mutation,3415,CORO1B
mutation,3416,CORO1C
mutation,3417,CORO2A
mutation,3418,CORO2B
mutation,3419,CORO6
mutation,3420,CORO7-PAM16
mutation,3421,CORT
mutation,3422,COTL1
mutation,3423,COX10
mutation,3424,COX11
mutation,3425,COX14
mutation,3426,COX15
mutation,3427,COX16
mutation,3428,COX17
mutation,3429,COX18
mutation,3430,COX19
mutation,3431,COX20
mutation,3432,COX4I1
mutation,3433,COX4I2
mutation,3434,COX5A
mutation,3435,COX5B
mutation,3436,COX6A1
mutation,3437,COX6B1
mutation,3438,COX6B2
mutation,3439,COX6C
mutation,3440,COX7A1
mutation,3441,COX7A2
mutation,3442,COX7A2L
mutation,3443,COX7B
mutation,3444,COX7B2
mutation,3445,COX7C
mutation,3446,COX8A
mutation,3447,COX8C
mutation,3448,CP
mutation,3449,CPA1
mutation,3450,CPA2
mutation,3451,CPA3
mutation,3452,CPA4
mutation,3453,CPA5
mutation,3454,CPA6
mutation,3455,CPAMD8
mutation,3456,CPB1
mutation,3457,CPB2
mutation,3458,CPD
mutation,3459,CPE
mutation,3460,CPEB1
mutation,3461,CPEB2
mutation,3462,CPEB3
mutation,3463,CPEB4
mutation,3464,CPED1
mutation,3465,CPLANE1
mutation,3466,CPLANE2
mutation,3467,CPLX1
mutation,3468,CPLX2
mutation,3469,CPLX3
mutation,3470,CPLX4
mutation,3471,CPM
mutation,3472,CPN1
mutation,3473,CPN2
mutation,3474,CPNE1
mutation,3475,CPNE2
mutation,3476,CPNE3
mutation,3477,CPNE4
mutation,3478,CPNE5
mutation,3479,CPNE6
mutation,3480,CPNE7
mutation,3481,CPNE8
mutation,3482,CPNE9
mutation,3483,CPO
mutation,3484,CPOX
mutation,3485,CPPED1
mutation,3486,CPQ
mutation,3487,CPS1
mutation,3488,CPSF1
mutation,3489,CPSF2
mutation,3490,CPSF3
mutation,3491,CPSF4
mutation,3492,CPSF4L
mutation,3493,CPSF6
mutation,3494,CPSF7
mutation,3495,CPT1A
mutation,3496,CPT1B
mutation,3497,CPT1C
mutation,3498,CPT2
mutation,3499,CPTP
mutation,3500,CPVL
mutation,3501,CPXCR1
mutation,3502,CPXM1
mutation,3503,CPXM2
mutation,3504,CPZ
mutation,3505,CR1
mutation,3506,CR1L
mutation,3507,CR2
mutation,3508,CRABP1
mutation,3509,CRABP2
mutation,3510,CRACD
mutation,3511,CRACDL
mutation,3512,CRACR2A
mutation,3513,CRACR2B
mutation,3514,CRADD
mutation,3515,CRAMP1
mutation,3516,CRAT
mutation,3517,CRB1
mutation,3518,CRB2
mutation,3519,CRB3
mutation,3520,CRBN
mutation,3521,CRCP
mutation,3522,CRCT1
mutation,3523,CREB1
mutation,3524,CREB3
mutation,3525,CREB3L1
mutation,3526,CREB3L2
mutation,3527,CREB3L3
mutation,3528,CREB3L4
mutation,3529,CREB5
mutation,3530,CREBBP
mutation,3531,CREBL2
mutation,3532,CREBRF
mutation,3533,CREBZF
mutation,3534,CREG1
mutation,3535,CREG2
mutation,3536,CRELD1
mutation,3537,CRELD2
mutation,3538,CREM
mutation,3539,CRH
mutation,3540,CRHBP
mutation,3541,CRHR1
mutation,3542,CRHR2
mutation,3543,CRIM1
mutation,3544,CRIP1
mutation,3545,CRIP2
mutation,3546,CRIP3
mutation,3547,CRIPAK
mutation,3548,CRIPT
mutation,3549,CRISP1
mutation,3550,CRISP2
mutation,3551,CRISP3
mutation,3552,CRISPLD1
mutation,3553,CRISPLD2
mutation,3554,CRK
mutation,3555,CRKL
mutation,3556,CRLF1
mutation,3557,CRLF2
mutation,3558,CRLF3
mutation,3559,CRLS1
mutation,3560,CRMP1
mutation,3561,CRNKL1
mutation,3562,CRNN
mutation,3563,CROCC
mutation,3564,CROCC2
mutation,3565,CROT
mutation,3566,CRP
mutation,3567,CRPPA
mutation,3568,CRTAC1
mutation,3569,CRTAM
mutation,3570,CRTAP
mutation,3571,CRTC1
mutation,3572,CRTC2
mutation,3573,CRTC3
mutation,3574,CRX
mutation,3575,CRY1
mutation,3576,CRY2
mutation,3577,CRYAB
mutation,3578,CRYBA1
mutation,3579,CRYBA2
mutation,3580,CRYBA4
mutation,3581,CRYBB1
mutation,3582,CRYBB2
mutation,3583,CRYBB3
mutation,3584,CRYBG1
mutation,3585,CRYBG2
mutation,3586,CRYBG3
mutation,3587,CRYGA
mutation,3588,CRYGB
mutation,3589,CRYGC
mutation,3590,CRYGD
mutation,3591,CRYGN
mutation,3592,CRYGS
mutation,3593,CRYL1
mutation,3594,CRYM
mutation,3595,CRYZ
mutation,3596,CRYZL1
mutation,3597,CS
mutation,3598,CSAD
mutation,3599,CSAG1
mutation,3600,CSAG3
mutation,3601,CSDC2
mutation,3602,CSDE1
mutation,3603,CSE1L
mutation,3604,CSF1
mutation,3605,CSF1R
mutation,3606,CSF2
mutation,3607,CSF2RA
mutation,3608,CSF2RB
mutation,3609,CSF3
mutation,3610,CSF3R
mutation,3611,CSGALNACT1
mutation,3612,CSGALNACT2
mutation,3613,CSH1
mutation,3614,CSH2
mutation,3615,CSHL1
mutation,3616,CSK
mutation,3617,CSKMT
mutation,3618,CSMD1
mutation,3619,CSMD2
mutation,3620,CSMD3
mutation,3621,CSN1S1
mutation,3622,CSN2
mutation,3623,CSN3
mutation,3624,CSNK1A1
mutation,3625,CSNK1A1L
mutation,3626,CSNK1D
mutation,3627,CSNK1E
mutation,3628,CSNK1G1
mutation,3629,CSNK1G2
mutation,3630,CSNK1G3
mutation,3631,CSNK2A1
mutation,3632,CSNK2A2
mutation,3633,CSNK2A3
mutation,3634,CSNK2B
mutation,3635,CSNKA2IP
mutation,3636,CSPG4
mutation,3637,CSPG5
mutation,3638,CSPP1
mutation,3639,CSRNP1
mutation,3640,CSRNP2
mutation,3641,CSRNP3
mutation,3642,CSRP1
mutation,3643,CSRP2
mutation,3644,CSRP3
mutation,3645,CST1
mutation,3646,CST11
mutation,3647,CST2
mutation,3648,CST3
mutation,3649,CST4
mutation,3650,CST5
mutation,3651,CST6
mutation,3652,CST7
mutation,3653,CST8
mutation,3654,CST9
mutation,3655,CST9L
mutation,3656,CSTA
mutation,3657,CSTB
mutation,3658,CSTF1
mutation,3659,CSTF2
mutation,3660,CSTF2T
mutation,3661,CSTF3
mutation,3662,CSTL1
mutation,3663,CT45A1
mutation,3664,CT45A10
mutation,3665,CT45A3
mutation,3666,CT47B1
mutation,3667,CT55
mutation,3668,CT62
mutation,3669,CT83
mutation,3670,CTAG2
mutation,3671,CTAGE1
mutation,3672,CTAGE15
mutation,3673,CTAGE4
mutation,3674,CTAGE6
mutation,3675,CTAGE8
mutation,3676,CTAGE9
mutation,3677,CTBP1
mutation,3678,CTBP2
mutation,3679,CTBS
mutation,3680,CTC1
mutation,3681,CTCF
mutation,3682,CTCFL
mutation,3683,CTDNEP1
mutation,3684,CTDP1
mutation,3685,CTDSP1
mutation,3686,CTDSP2
mutation,3687,CTDSPL
mutation,3688,CTDSPL2
mutation,3689,CTF1
mutation,3690,CTH
mutation,3691,CTHRC1
mutation,3692,CTIF
mutation,3693,CTLA4
mutation,3694,CTNNA1
mutation,3695,CTNNA2
mutation,3696,CTNNA3
mutation,3697,CTNNAL1
mutation,3698,CTNNB1
mutation,3699,CTNNBIP1
mutation,3700,CTNNBL1
mutation,3701,CTNND1
mutation,3702,CTNND2
mutation,3703,CTNS
mutation,3704,CTPS1
mutation,3705,CTPS2
mutation,3706,CTR9
mutation,3707,CTRB1
mutation,3708,CTRB2
mutation,3709,CTRC
mutation,3710,CTRL
mutation,3711,CTSA
mutation,3712,CTSB
mutation,3713,CTSC
mutation,3714,CTSD
mutation,3715,CTSE
mutation,3716,CTSF
mutation,3717,CTSG
mutation,3718,CTSH
mutation,3719,CTSK
mutation,3720,CTSL
mutation,3721,CTSO
mutation,3722,CTSS
mutation,3723,CTSV
mutation,3724,CTSW
mutation,3725,CTSZ
mutation,3726,CTTN
mutation,3727,CTTNBP2
mutation,3728,CTTNBP2NL
mutation,3729,CTU1
mutation,3730,CTU2
mutation,3731,CTXN1
mutation,3732,CTXN3
mutation,3733,CTXND1
mutation,3734,CUBN
mutation,3735,CUEDC1
mutation,3736,CUEDC2
mutation,3737,CUL1
mutation,3738,CUL2
mutation,3739,CUL3
mutation,3740,CUL4A
mutation,3741,CUL4B
mutation,3742,CUL5
mutation,3743,CUL7
mutation,3744,CUL9
mutation,3745,CUTA
mutation,3746,CUTC
mutation,3747,CUX1
mutation,3748,CUX2
mutation,3749,CUZD1
mutation,3750,CWC15
mutation,3751,CWC22
mutation,3752,CWC25
mutation,3753,CWC27
mutation,3754,CWF19L1
mutation,3755,CWF19L2
mutation,3756,CWH43
mutation,3757,CX3CL1
mutation,3758,CX3CR1
mutation,3759,CXADR
mutation,3760,CXCL1
mutation,3761,CXCL10
mutation,3762,CXCL11
mutation,3763,CXCL12
mutation,3764,CXCL13
mutation,3765,CXCL14
mutation,3766,CXCL16
mutation,3767,CXCL17
mutation,3768,CXCL2
mutation,3769,CXCL3
mutation,3770,CXCL5
mutation,3771,CXCL6
mutation,3772,CXCL8
mutation,3773,CXCL9
mutation,3774,CXCR1
mutation,3775,CXCR2
mutation,3776,CXCR3
mutation,3777,CXCR4
mutation,3778,CXCR5
mutation,3779,CXCR6
mutation,3780,CXXC1
mutation,3781,CXXC4
mutation,3782,CXXC5
mutation,3783,CXorf38
mutation,3784,CXorf58
mutation,3785,CXorf65
mutation,3786,CXorf66
mutation,3787,CYB561
mutation,3788,CYB561A3
mutation,3789,CYB561D1
mutation,3790,CYB561D2
mutation,3791,CYB5A
mutation,3792,CYB5B
mutation,3793,CYB5D1
mutation,3794,CYB5D2
mutation,3795,CYB5R1
mutation,3796,CYB5R2
mutation,3797,CYB5R3
mutation,3798,CYB5R4
mutation,3799,CYB5RL
mutation,3800,CYBA
mutation,3801,CYBB
mutation,3802,CYBC1
mutation,3803,CYBRD1
mutation,3804,CYC1
mutation,3805,CYCS
mutation,3806,CYFIP1
mutation,3807,CYFIP2
mutation,3808,CYGB
mutation,3809,CYHR1
mutation,3810,CYLC1
mutation,3811,CYLC2
mutation,3812,CYLD
mutation,3813,CYP11A1
mutation,3814,CYP11B1
mutation,3815,CYP11B2
mutation,3816,CYP17A1
mutation,3817,CYP19A1
mutation,3818,CYP1A1
mutation,3819,CYP1A2
mutation,3820,CYP1B1
mutation,3821,CYP20A1
mutation,3822,CYP21A2
mutation,3823,CYP24A1
mutation,3824,CYP26A1
mutation,3825,CYP26B1
mutation,3826,CYP26C1
mutation,3827,CYP27A1
mutation,3828,CYP27B1
mutation,3829,CYP27C1
mutation,3830,CYP2A13
mutation,3831,CYP2A6
mutation,3832,CYP2A7
mutation,3833,CYP2B6
mutation,3834,CYP2C18
mutation,3835,CYP2C19
mutation,3836,CYP2C8
mutation,3837,CYP2C9
mutation,3838,CYP2D6
mutation,3839,CYP2D7
mutation,3840,CYP2E1
mutation,3841,CYP2F1
mutation,3842,CYP2J2
mutation,3843,CYP2R1
mutation,3844,CYP2S1
mutation,3845,CYP2U1
mutation,3846,CYP2W1
mutation,3847,CYP39A1
mutation,3848,CYP3A4
mutation,3849,CYP3A43
mutation,3850,CYP3A5
mutation,3851,CYP3A7-CYP3A51P
mutation,3852,CYP46A1
mutation,3853,CYP4A11
mutation,3854,CYP4A22
mutation,3855,CYP4B1
mutation,3856,CYP4F11
mutation,3857,CYP4F12
mutation,3858,CYP4F2
mutation,3859,CYP4F22
mutation,3860,CYP4F3
mutation,3861,CYP4F8
mutation,3862,CYP4V2
mutation,3863,CYP4X1
mutation,3864,CYP4Z1
mutation,3865,CYP51A1
mutation,3866,CYP7A1
mutation,3867,CYP7B1
mutation,3868,CYP8B1
mutation,3869,CYREN
mutation,3870,CYRIA
mutation,3871,CYRIB
mutation,3872,CYS1
mutation,3873,CYSLTR1
mutation,3874,CYSLTR2
mutation,3875,CYSRT1
mutation,3876,CYSTM1
mutation,3877,CYTH1
mutation,3878,CYTH2
mutation,3879,CYTH3
mutation,3880,CYTH4
mutation,3881,CYTIP
mutation,3882,CYTL1
mutation,3883,CYYR1
mutation,3884,CZIB
mutation,3885,D2HGDH
mutation,3886,DAAM1
mutation,3887,DAAM2
mutation,3888,DAB1
mutation,3889,DAB2
mutation,3890,DAB2IP
mutation,3891,DACH1
mutation,3892,DACH2
mutation,3893,DACT1
mutation,3894,DACT2
mutation,3895,DACT3
mutation,3896,DAD1
mutation,3897,DAG1
mutation,3898,DAGLA
mutation,3899,DAGLB
mutation,3900,DALRD3
mutation,3901,DAND5
mutation,3902,DAO
mutation,3903,DAOA
mutation,3904,DAP
mutation,3905,DAP3
mutation,3906,DAPK1
mutation,3907,DAPK2
mutation,3908,DAPK3
mutation,3909,DAPL1
mutation,3910,DAPP1
mutation,3911,DARS1
mutation,3912,DARS2
mutation,3913,DAW1
mutation,3914,DAXX
mutation,3915,DAZAP1
mutation,3916,DAZAP2
mutation,3917,DAZL
mutation,3918,DBF4
mutation,3919,DBF4B
mutation,3920,DBH
mutation,3921,DBI
mutation,3922,DBN1
mutation,3923,DBNDD1
mutation,3924,DBNDD2
mutation,3925,DBNL
mutation,3926,DBP
mutation,3927,DBR1
mutation,3928,DBT
mutation,3929,DBX1
mutation,3930,DBX2
mutation,3931,DCAF1
mutation,3932,DCAF10
mutation,3933,DCAF11
mutation,3934,DCAF12
mutation,3935,DCAF12L1
mutation,3936,DCAF12L2
mutation,3937,DCAF13
mutation,3938,DCAF15
mutation,3939,DCAF16
mutation,3940,DCAF17
mutation,3941,DCAF4
mutation,3942,DCAF4L1
mutation,3943,DCAF4L2
mutation,3944,DCAF5
mutation,3945,DCAF6
mutation,3946,DCAF7
mutation,3947,DCAF8
mutation,3948,DCAF8L1
mutation,3949,DCAF8L2
mutation,3950,DCAKD
mutation,3951,DCANP1
mutation,3952,DCBLD1
mutation,3953,DCBLD2
mutation,3954,DCC
mutation,3955,DCD
mutation,3956,DCDC1
mutation,3957,DCDC2
mutation,3958,DCDC2B
mutation,3959,DCDC2C
mutation,3960,DCHS1
mutation,3961,DCHS2
mutation,3962,DCK
mutation,3963,DCLK1
mutation,3964,DCLK2
mutation,3965,DCLK3
mutation,3966,DCLRE1A
mutation,3967,DCLRE1B
mutation,3968,DCLRE1C
mutation,3969,DCN
mutation,3970,DCP1A
mutation,3971,DCP1B
mutation,3972,DCP2
mutation,3973,DCPS
mutation,3974,DCST1
mutation,3975,DCST2
mutation,3976,DCSTAMP
mutation,3977,DCT
mutation,3978,DCTD
mutation,3979,DCTN1
mutation,3980,DCTN2
mutation,3981,DCTN3
mutation,3982,DCTN4
mutation,3983,DCTN5
mutation,3984,DCTN6
mutation,3985,DCTPP1
mutation,3986,DCUN1D1
mutation,3987,DCUN1D2
mutation,3988,DCUN1D3
mutation,3989,DCUN1D4
mutation,3990,DCUN1D5
mutation,3991,DCX
mutation,3992,DCXR
mutation,3993,DDA1
mutation,3994,DDAH1
mutation,3995,DDAH2
mutation,3996,DDB1
mutation,3997,DDB2
mutation,3998,DDC
mutation,3999,DDHD1
mutation,4000,DDHD2
mutation,4001,DDI1
mutation,4002,DDI2
mutation,4003,DDIAS
mutation,4004,DDIT3
mutation,4005,DDIT4
mutation,4006,DDIT4L
mutation,4007,DDN
mutation,4008,DDO
mutation,4009,DDOST
mutation,4010,DDR1
mutation,4011,DDR2
mutation,4012,DDRGK1
mutation,4013,DDTL
mutation,4014,DDX1
mutation,4015,DDX10
mutation,4016,DDX11
mutation,4017,DDX17
mutation,4018,DDX18
mutation,4019,DDX19A
mutation,4020,DDX19B
mutation,4021,DDX20
mutation,4022,DDX21
mutation,4023,DDX23
mutation,4024,DDX24
mutation,4025,DDX25
mutation,4026,DDX27
mutation,4027,DDX28
mutation,4028,DDX31
mutation,4029,DDX39A
mutation,4030,DDX39B
mutation,4031,DDX3X
mutation,4032,DDX3Y
mutation,4033,DDX4
mutation,4034,DDX41
mutation,4035,DDX42
mutation,4036,DDX43
mutation,4037,DDX46
mutation,4038,DDX47
mutation,4039,DDX49
mutation,4040,DDX5
mutation,4041,DDX50
mutation,4042,DDX51
mutation,4043,DDX52
mutation,4044,DDX53
mutation,4045,DDX54
mutation,4046,DDX55
mutation,4047,DDX56
mutation,4048,DDX58
mutation,4049,DDX59
mutation,4050,DDX6
mutation,4051,DDX60
mutation,4052,DDX60L
mutation,4053,DEAF1
mutation,4054,DECR1
mutation,4055,DECR2
mutation,4056,DEDD
mutation,4057,DEDD2
mutation,4058,DEF6
mutation,4059,DEF8
mutation,4060,DEFA3
mutation,4061,DEFA4
mutation,4062,DEFA5
mutation,4063,DEFA6
mutation,4064,DEFB1
mutation,4065,DEFB104A
mutation,4066,DEFB106A
mutation,4067,DEFB106B
mutation,4068,DEFB108B
mutation,4069,DEFB110
mutation,4070,DEFB112
mutation,4071,DEFB113
mutation,4072,DEFB114
mutation,4073,DEFB115
mutation,4074,DEFB116
mutation,4075,DEFB118
mutation,4076,DEFB119
mutation,4077,DEFB121
mutation,4078,DEFB123
mutation,4079,DEFB124
mutation,4080,DEFB125
mutation,4081,DEFB126
mutation,4082,DEFB127
mutation,4083,DEFB128
mutation,4084,DEFB129
mutation,4085,DEFB131A
mutation,4086,DEFB131B
mutation,4087,DEFB132
mutation,4088,DEFB133
mutation,4089,DEFB134
mutation,4090,DEFB135
mutation,4091,DEFB136
mutation,4092,DEFB4A
mutation,4093,DEFB4B
mutation,4094,DEGS1
mutation,4095,DEGS2
mutation,4096,DEK
mutation,4097,DELE1
mutation,4098,DENND10
mutation,4099,DENND11
mutation,4100,DENND1A
mutation,4101,DENND1B
mutation,4102,DENND1C
mutation,4103,DENND2A
mutation,4104,DENND2B
mutation,4105,DENND2C
mutation,4106,DENND2D
mutation,4107,DENND3
mutation,4108,DENND4A
mutation,4109,DENND4B
mutation,4110,DENND4C
mutation,4111,DENND5A
mutation,4112,DENND5B
mutation,4113,DENND6A
mutation,4114,DENND6B
mutation,4115,DENR
mutation,4116,DEPDC1
mutation,4117,DEPDC1B
mutation,4118,DEPDC4
mutation,4119,DEPDC5
mutation,4120,DEPDC7
mutation,4121,DEPP1
mutation,4122,DEPTOR
mutation,4123,DERA
mutation,4124,DERL1
mutation,4125,DERL2
mutation,4126,DERL3
mutation,4127,DES
mutation,4128,DESI1
mutation,4129,DESI2
mutation,4130,DET1
mutation,4131,DEUP1
mutation,4132,DEXI
mutation,4133,DFFA
mutation,4134,DFFB
mutation,4135,DGAT1
mutation,4136,DGAT2
mutation,4137,DGAT2L6
mutation,4138,DGCR2
mutation,4139,DGCR6L
mutation,4140,DGCR8
mutation,4141,DGKA
mutation,4142,DGKB
mutation,4143,DGKD
mutation,4144,DGKE
mutation,4145,DGKG
mutation,4146,DGKH
mutation,4147,DGKI
mutation,4148,DGKK
mutation,4149,DGKQ
mutation,4150,DGKZ
mutation,4151,DGLUCY
mutation,4152,DGUOK
mutation,4153,DHCR24
mutation,4154,DHCR7
mutation,4155,DHDDS
mutation,4156,DHDH
mutation,4157,DHFR
mutation,4158,DHFR2
mutation,4159,DHH
mutation,4160,DHODH
mutation,4161,DHPS
mutation,4162,DHRS1
mutation,4163,DHRS11
mutation,4164,DHRS12
mutation,4165,DHRS13
mutation,4166,DHRS2
mutation,4167,DHRS3
mutation,4168,DHRS4
mutation,4169,DHRS4L2
mutation,4170,DHRS7
mutation,4171,DHRS7B
mutation,4172,DHRS7C
mutation,4173,DHRS9
mutation,4174,DHRSX
mutation,4175,DHTKD1
mutation,4176,DHX15
mutation,4177,DHX16
mutation,4178,DHX29
mutation,4179,DHX30
mutation,4180,DHX32
mutation,4181,DHX33
mutation,4182,DHX34
mutation,4183,DHX35
mutation,4184,DHX36
mutation,4185,DHX37
mutation,4186,DHX38
mutation,4187,DHX40
mutation,4188,DHX57
mutation,4189,DHX58
mutation,4190,DHX8
mutation,4191,DHX9
mutation,4192,DIAPH1
mutation,4193,DIAPH2
mutation,4194,DIAPH3
mutation,4195,DICER1
mutation,4196,DIDO1
mutation,4197,DIMT1
mutation,4198,DIO1
mutation,4199,DIO2
mutation,4200,DIO3
mutation,4201,DIP2A
mutation,4202,DIP2B
mutation,4203,DIP2C
mutation,4204,DIP2C-AS1
mutation,4205,DIPK1A
mutation,4206,DIPK1B
mutation,4207,DIPK1C
mutation,4208,DIPK2A
mutation,4209,DIPK2B
mutation,4210,DIRAS1
mutation,4211,DIRAS2
mutation,4212,DIRAS3
mutation,4213,DIRC1
mutation,4214,DIS3
mutation,4215,DIS3L
mutation,4216,DIS3L2
mutation,4217,DISC1
mutation,4218,DISP1
mutation,4219,DISP2
mutation,4220,DISP3
mutation,4221,DIXDC1
mutation,4222,DKC1
mutation,4223,DKK1
mutation,4224,DKK2
mutation,4225,DKK3
mutation,4226,DKK4
mutation,4227,DKKL1
mutation,4228,DLAT
mutation,4229,DLC1
mutation,4230,DLD
mutation,4231,DLEC1
mutation,4232,DLEU7
mutation,4233,DLG1
mutation,4234,DLG2
mutation,4235,DLG3
mutation,4236,DLG4
mutation,4237,DLG5
mutation,4238,DLGAP1
mutation,4239,DLGAP2
mutation,4240,DLGAP3
mutation,4241,DLGAP4
mutation,4242,DLGAP5
mutation,4243,DLK1
mutation,4244,DLK2
mutation,4245,DLL1
mutation,4246,DLL3
mutation,4247,DLL4
mutation,4248,DLST
mutation,4249,DLX1
mutation,4250,DLX2
mutation,4251,DLX3
mutation,4252,DLX4
mutation,4253,DLX5
mutation,4254,DLX6
mutation,4255,DMAC1
mutation,4256,DMAC2
mutation,4257,DMAC2L
mutation,4258,DMAP1
mutation,4259,DMBT1
mutation,4260,DMBX1
mutation,4261,DMC1
mutation,4262,DMD
mutation,4263,DMGDH
mutation,4264,DMKN
mutation,4265,DMP1
mutation,4266,DMPK
mutation,4267,DMRT1
mutation,4268,DMRT2
mutation,4269,DMRT3
mutation,4270,DMRTA1
mutation,4271,DMRTA2
mutation,4272,DMRTB1
mutation,4273,DMRTC2
mutation,4274,DMTF1
mutation,4275,DMTN
mutation,4276,DMWD
mutation,4277,DMXL1
mutation,4278,DMXL2
mutation,4279,DNA2
mutation,4280,DNAAF1
mutation,4281,DNAAF2
mutation,4282,DNAAF3
mutation,4283,DNAAF4
mutation,4284,DNAAF5
mutation,4285,DNAAF6
mutation,4286,DNAH1
mutation,4287,DNAH10
mutation,4288,DNAH11
mutation,4289,DNAH12
mutation,4290,DNAH14
mutation,4291,DNAH17
mutation,4292,DNAH2
mutation,4293,DNAH3
mutation,4294,DNAH5
mutation,4295,DNAH6
mutation,4296,DNAH7
mutation,4297,DNAH8
mutation,4298,DNAH9
mutation,4299,DNAI1
mutation,4300,DNAI2
mutation,4301,DNAI3
mutation,4302,DNAI4
mutation,4303,DNAJA1
mutation,4304,DNAJA2
mutation,4305,DNAJA3
mutation,4306,DNAJA4
mutation,4307,DNAJB1
mutation,4308,DNAJB11
mutation,4309,DNAJB12
mutation,4310,DNAJB13
mutation,4311,DNAJB14
mutation,4312,DNAJB2
mutation,4313,DNAJB4
mutation,4314,DNAJB5
mutation,4315,DNAJB6
mutation,4316,DNAJB7
mutation,4317,DNAJB8
mutation,4318,DNAJB9
mutation,4319,DNAJC1
mutation,4320,DNAJC10
mutation,4321,DNAJC11
mutation,4322,DNAJC12
mutation,4323,DNAJC13
mutation,4324,DNAJC14
mutation,4325,DNAJC15
mutation,4326,DNAJC16
mutation,4327,DNAJC17
mutation,4328,DNAJC18
mutation,4329,DNAJC19
mutation,4330,DNAJC2
mutation,4331,DNAJC21
mutation,4332,DNAJC22
mutation,4333,DNAJC24
mutation,4334,DNAJC25
mutation,4335,DNAJC27
mutation,4336,DNAJC28
mutation,4337,DNAJC3
mutation,4338,DNAJC30
mutation,4339,DNAJC4
mutation,4340,DNAJC5
mutation,4341,DNAJC5B
mutation,4342,DNAJC5G
mutation,4343,DNAJC6
mutation,4344,DNAJC7
mutation,4345,DNAJC8
mutation,4346,DNAJC9
mutation,4347,DNAL1
mutation,4348,DNAL4
mutation,4349,DNALI1
mutation,4350,DNASE1
mutation,4351,DNASE1L1
mutation,4352,DNASE1L2
mutation,4353,DNASE1L3
mutation,4354,DNASE2
mutation,4355,DNASE2B
mutation,4356,DND1
mutation,4357,DNER
mutation,4358,DNHD1
mutation,4359,DNLZ
mutation,4360,DNM1
mutation,4361,DNM1L
mutation,4362,DNM2
mutation,4363,DNM3
mutation,4364,DNMBP
mutation,4365,DNMT1
mutation,4366,DNMT3A
mutation,4367,DNMT3B
mutation,4368,DNMT3L
mutation,4369,DNPEP
mutation,4370,DNPH1
mutation,4371,DNTT
mutation,4372,DNTTIP1
mutation,4373,DNTTIP2
mutation,4374,DOC2A
mutation,4375,DOC2B
mutation,4376,DOCK1
mutation,4377,DOCK10
mutation,4378,DOCK11
mutation,4379,DOCK2
mutation,4380,DOCK3
mutation,4381,DOCK4
mutation,4382,DOCK5
mutation,4383,DOCK6
mutation,4384,DOCK7
mutation,4385,DOCK8
mutation,4386,DOCK9
mutation,4387,DOHH
mutation,4388,DOK1
mutation,4389,DOK2
mutation,4390,DOK3
mutation,4391,DOK4
mutation,4392,DOK5
mutation,4393,DOK6
mutation,4394,DOK7
mutation,4395,DOLK
mutation,4396,DOLPP1
mutation,4397,DONSON
mutation,4398,DOP1A
mutation,4399,DOP1B
mutation,4400,DOT1L
mutation,4401,DPAGT1
mutation,4402,DPCD
mutation,4403,DPEP1
mutation,4404,DPEP2
mutation,4405,DPEP3
mutation,4406,DPF1
mutation,4407,DPF2
mutation,4408,DPF3
mutation,4409,DPH1
mutation,4410,DPH2
mutation,4411,DPH3
mutation,4412,DPH5
mutation,4413,DPH6
mutation,4414,DPH7
mutation,4415,DPM1
mutation,4416,DPM2
mutation,4417,DPM3
mutation,4418,DPP10
mutation,4419,DPP3
mutation,4420,DPP4
mutation,4421,DPP6
mutation,4422,DPP7
mutation,4423,DPP8
mutation,4424,DPP9
mutation,4425,DPPA2
mutation,4426,DPPA3
mutation,4427,DPPA4
mutation,4428,DPPA5
mutation,4429,DPRX
mutation,4430,DPT
mutation,4431,DPY19L1
mutation,4432,DPY19L2
mutation,4433,DPY19L3
mutation,4434,DPY19L4
mutation,4435,DPY30
mutation,4436,DPYD
mutation,4437,DPYS
mutation,4438,DPYSL2
mutation,4439,DPYSL3
mutation,4440,DPYSL4
mutation,4441,DPYSL5
mutation,4442,DQX1
mutation,4443,DR1
mutation,4444,DRAM1
mutation,4445,DRAM2
mutation,4446,DRAP1
mutation,4447,DRAXIN
mutation,4448,DRC1
mutation,4449,DRC3
mutation,4450,DRC7
mutation,4451,DRD1
mutation,4452,DRD2
mutation,4453,DRD3
mutation,4454,DRD4
mutation,4455,DRD5
mutation,4456,DRG1
mutation,4457,DRG2
mutation,4458,DRGX
mutation,4459,DRICH1
mutation,4460,DROSHA
mutation,4461,DRP2
mutation,4462,DSC1
mutation,4463,DSC2
mutation,4464,DSC3
mutation,4465,DSCAM
mutation,4466,DSCAML1
mutation,4467,DSCC1
mutation,4468,DSE
mutation,4469,DSEL
mutation,4470,DSG1
mutation,4471,DSG2
mutation,4472,DSG3
mutation,4473,DSG4
mutation,4474,DSN1
mutation,4475,DSP
mutation,4476,DSPP
mutation,4477,DST
mutation,4478,DSTN
mutation,4479,DSTYK
mutation,4480,DTD1
mutation,4481,DTD2
mutation,4482,DTHD1
mutation,4483,DTL
mutation,4484,DTNA
mutation,4485,DTNB
mutation,4486,DTNBP1
mutation,4487,DTWD1
mutation,4488,DTWD2
mutation,4489,DTX1
mutation,4490,DTX2
mutation,4491,DTX3
mutation,4492,DTX3L
mutation,4493,DTX4
mutation,4494,DTYMK
mutation,4495,DUOX1
mutation,4496,DUOX2
mutation,4497,DUOXA1
mutation,4498,DUOXA2
mutation,4499,DUS1L
mutation,4500,DUS2
mutation,4501,DUS3L
mutation,4502,DUS4L
mutation,4503,DUSP1
mutation,4504,DUSP10
mutation,4505,DUSP11
mutation,4506,DUSP12
mutation,4507,DUSP13
mutation,4508,DUSP14
mutation,4509,DUSP15
mutation,4510,DUSP16
mutation,4511,DUSP18
mutation,4512,DUSP19
mutation,4513,DUSP2
mutation,4514,DUSP21
mutation,4515,DUSP22
mutation,4516,DUSP23
mutation,4517,DUSP26
mutation,4518,DUSP28
mutation,4519,DUSP29
mutation,4520,DUSP3
mutation,4521,DUSP4
mutation,4522,DUSP5
mutation,4523,DUSP6
mutation,4524,DUSP7
mutation,4525,DUSP8
mutation,4526,DUSP9
mutation,4527,DUT
mutation,4528,DUXA
mutation,4529,DUXB
mutation,4530,DVL1
mutation,4531,DVL2
mutation,4532,DVL3
mutation,4533,DXO
mutation,4534,DYDC1
mutation,4535,DYDC2
mutation,4536,DYM
mutation,4537,DYNAP
mutation,4538,DYNC1H1
mutation,4539,DYNC1I1
mutation,4540,DYNC1I2
mutation,4541,DYNC1LI1
mutation,4542,DYNC1LI2
mutation,4543,DYNC2H1
mutation,4544,DYNC2I1
mutation,4545,DYNC2I2
mutation,4546,DYNC2LI1
mutation,4547,DYNLL1
mutation,4548,DYNLL2
mutation,4549,DYNLRB1
mutation,4550,DYNLRB2
mutation,4551,DYNLT1
mutation,4552,DYNLT2
mutation,4553,DYNLT2B
mutation,4554,DYNLT3
mutation,4555,DYNLT4
mutation,4556,DYNLT5
mutation,4557,DYRK1A
mutation,4558,DYRK1B
mutation,4559,DYRK2
mutation,4560,DYRK3
mutation,4561,DYRK4
mutation,4562,DYSF
mutation,4563,DYTN
mutation,4564,DZANK1
mutation,4565,DZIP1
mutation,4566,DZIP1L
mutation,4567,DZIP3
mutation,4568,E2F1
mutation,4569,E2F2
mutation,4570,E2F3
mutation,4571,E2F4
mutation,4572,E2F5
mutation,4573,E2F6
mutation,4574,E2F7
mutation,4575,E2F8
mutation,4576,E4F1
mutation,4577,EAF1
mutation,4578,EAF2
mutation,4579,EAPP
mutation,4580,EARS2
mutation,4581,EBAG9
mutation,4582,EBF1
mutation,4583,EBF2
mutation,4584,EBF3
mutation,4585,EBF4
mutation,4586,EBI3
mutation,4587,EBLN1
mutation,4588,EBLN2
mutation,4589,EBNA1BP2
mutation,4590,EBP
mutation,4591,EBPL
mutation,4592,ECD
mutation,4593,ECE1
mutation,4594,ECE2
mutation,4595,ECEL1
mutation,4596,ECH1
mutation,4597,ECHDC1
mutation,4598,ECHDC2
mutation,4599,ECHDC3
mutation,4600,ECHS1
mutation,4601,ECI1
mutation,4602,ECI2
mutation,4603,ECM1
mutation,4604,ECM2
mutation,4605,ECPAS
mutation,4606,ECRG4
mutation,4607,ECSCR
mutation,4608,ECSIT
mutation,4609,ECT2
mutation,4610,ECT2L
mutation,4611,EDA
mutation,4612,EDA2R
mutation,4613,EDAR
mutation,4614,EDARADD
mutation,4615,EDC3
mutation,4616,EDC4
mutation,4617,EDDM3A
mutation,4618,EDDM3B
mutation,4619,EDEM1
mutation,4620,EDEM2
mutation,4621,EDEM3
mutation,4622,EDF1
mutation,4623,EDIL3
mutation,4624,EDN1
mutation,4625,EDN2
mutation,4626,EDN3
mutation,4627,EDNRA
mutation,4628,EDNRB
mutation,4629,EDRF1
mutation,4630,EEA1
mutation,4631,EED
mutation,4632,EEF1A1
mutation,4633,EEF1A2
mutation,4634,EEF1AKMT1
mutation,4635,EEF1AKMT2
mutation,4636,EEF1AKMT3
mutation,4637,EEF1AKMT4
mutation,4638,EEF1AKMT4-ECE2
mutation,4639,EEF1AKNMT
mutation,4640,EEF1B2
mutation,4641,EEF1D
mutation,4642,EEF1E1
mutation,4643,EEF1G
mutation,4644,EEF2
mutation,4645,EEF2K
mutation,4646,EEF2KMT
mutation,4647,EEFSEC
mutation,4648,EEPD1
mutation,4649,EFCAB1
mutation,4650,EFCAB10
mutation,4651,EFCAB11
mutation,4652,EFCAB12
mutation,4653,EFCAB13
mutation,4654,EFCAB14
mutation,4655,EFCAB2
mutation,4656,EFCAB3
mutation,4657,EFCAB5
mutation,4658,EFCAB6
mutation,4659,EFCAB7
mutation,4660,EFCAB8
mutation,4661,EFCAB9
mutation,4662,EFCC1
mutation,4663,EFEMP1
mutation,4664,EFEMP2
mutation,4665,EFHB
mutation,4666,EFHC1
mutation,4667,EFHC2
mutation,4668,EFHD1
mutation,4669,EFHD2
mutation,4670,EFL1
mutation,4671,EFNA1
mutation,4672,EFNA2
mutation,4673,EFNA3
mutation,4674,EFNA4
mutation,4675,EFNA5
mutation,4676,EFNB1
mutation,4677,EFNB2
mutation,4678,EFNB3
mutation,4679,EFR3A
mutation,4680,EFR3B
mutation,4681,EFS
mutation,4682,EFTUD2
mutation,4683,EGF
mutation,4684,EGFL6
mutation,4685,EGFL7
mutation,4686,EGFL8
mutation,4687,EGFLAM
mutation,4688,EGFR
mutation,4689,EGLN1
mutation,4690,EGLN2
mutation,4691,EGLN3
mutation,4692,EGR1
mutation,4693,EGR2
mutation,4694,EGR3
mutation,4695,EGR4
mutation,4696,EHBP1
mutation,4697,EHBP1L1
mutation,4698,EHD1
mutation,4699,EHD2
mutation,4700,EHD3
mutation,4701,EHD4
mutation,4702,EHF
mutation,4703,EHHADH
mutation,4704,EHMT1
mutation,4705,EHMT2
mutation,4706,EI24
mutation,4707,EID1
mutation,4708,EID2
mutation,4709,EID2B
mutation,4710,EID3
mutation,4711,EIF1
mutation,4712,EIF1AD
mutation,4713,EIF1AX
mutation,4714,EIF1AY
mutation,4715,EIF1B
mutation,4716,EIF2A
mutation,4717,EIF2AK1
mutation,4718,EIF2AK2
mutation,4719,EIF2AK3
mutation,4720,EIF2AK4
mutation,4721,EIF2B1
mutation,4722,EIF2B2
mutation,4723,EIF2B3
mutation,4724,EIF2B4
mutation,4725,EIF2B5
mutation,4726,EIF2D
mutation,4727,EIF2S1
mutation,4728,EIF2S2
mutation,4729,EIF2S3
mutation,4730,EIF2S3B
mutation,4731,EIF3A
mutation,4732,EIF3B
mutation,4733,EIF3C
mutation,4734,EIF3CL
mutation,4735,EIF3D
mutation,4736,EIF3E
mutation,4737,EIF3F
mutation,4738,EIF3G
mutation,4739,EIF3H
mutation,4740,EIF3I
mutation,4741,EIF3J
mutation,4742,EIF3K
mutation,4743,EIF3L
mutation,4744,EIF3M
mutation,4745,EIF4A1
mutation,4746,EIF4A2
mutation,4747,EIF4A3
mutation,4748,EIF4B
mutation,4749,EIF4E
mutation,4750,EIF4E1B
mutation,4751,EIF4E2
mutation,4752,EIF4E3
mutation,4753,EIF4EBP1
mutation,4754,EIF4EBP2
mutation,4755,EIF4ENIF1
mutation,4756,EIF4G1
mutation,4757,EIF4G2
mutation,4758,EIF4G3
mutation,4759,EIF4H
mutation,4760,EIF5
mutation,4761,EIF5A
mutation,4762,EIF5A2
mutation,4763,EIF5AL1
mutation,4764,EIF5B
mutation,4765,EIF6
mutation,4766,EIPR1
mutation,4767,ELAC1
mutation,4768,ELAC2
mutation,4769,ELANE
mutation,4770,ELAPOR1
mutation,4771,ELAPOR2
mutation,4772,ELAVL1
mutation,4773,ELAVL2
mutation,4774,ELAVL3
mutation,4775,ELAVL4
mutation,4776,ELF1
mutation,4777,ELF2
mutation,4778,ELF3
mutation,4779,ELF4
mutation,4780,ELF5
mutation,4781,ELFN1
mutation,4782,ELFN2
mutation,4783,ELK1
mutation,4784,ELK3
mutation,4785,ELK4
mutation,4786,ELL
mutation,4787,ELL2
mutation,4788,ELL3
mutation,4789,ELMO1
mutation,4790,ELMO2
mutation,4791,ELMO3
mutation,4792,ELMOD1
mutation,4793,ELMOD2
mutation,4794,ELMOD3
mutation,4795,ELN
mutation,4796,ELOA
mutation,4797,ELOA2
mutation,4798,ELOA3BP
mutation,4799,ELOA3DP
mutation,4800,ELOA3P
mutation,4801,ELOB
mutation,4802,ELOC
mutation,4803,ELOF1
mutation,4804,ELOVL1
mutation,4805,ELOVL2
mutation,4806,ELOVL3
mutation,4807,ELOVL4
mutation,4808,ELOVL5
mutation,4809,ELOVL6
mutation,4810,ELOVL7
mutation,4811,ELP1
mutation,4812,ELP2
mutation,4813,ELP3
mutation,4814,ELP4
mutation,4815,ELP5
mutation,4816,ELP6
mutation,4817,ELSPBP1
mutation,4818,EMB
mutation,4819,EMC1
mutation,4820,EMC10
mutation,4821,EMC2
mutation,4822,EMC3
mutation,4823,EMC4
mutation,4824,EMC6
mutation,4825,EMC7
mutation,4826,EMC8
mutation,4827,EMC9
mutation,4828,EMCN
mutation,4829,EMD
mutation,4830,EME1
mutation,4831,EME2
mutation,4832,EMG1
mutation,4833,EMID1
mutation,4834,EMILIN1
mutation,4835,EMILIN2
mutation,4836,EMILIN3
mutation,4837,EML1
mutation,4838,EML2
mutation,4839,EML3
mutation,4840,EML4
mutation,4841,EML5
mutation,4842,EML6
mutation,4843,EMP1
mutation,4844,EMP2
mutation,4845,EMP3
mutation,4846,EMSY
mutation,4847,EMX1
mutation,4848,EMX2
mutation,4849,EN1
mutation,4850,EN2
mutation,4851,ENAH
mutation,4852,ENAM
mutation,4853,ENC1
mutation,4854,ENDOD1
mutation,4855,ENDOU
mutation,4856,ENDOV
mutation,4857,ENG
mutation,4858,ENGASE
mutation,4859,ENHO
mutation,4860,ENKD1
mutation,4861,ENKUR
mutation,4862,ENO1
mutation,4863,ENO2
mutation,4864,ENO3
mutation,4865,ENO4
mutation,4866,ENOPH1
mutation,4867,ENOSF1
mutation,4868,ENOX1
mutation,4869,ENOX2
mutation,4870,ENPEP
mutation,4871,ENPP1
mutation,4872,ENPP2
mutation,4873,ENPP3
mutation,4874,ENPP4
mutation,4875,ENPP5
mutation,4876,ENPP6
mutation,4877,ENPP7
mutation,4878,ENSA
mutation,4879,ENTHD1
mutation,4880,ENTPD1
mutation,4881,ENTPD2
mutation,4882,ENTPD3
mutation,4883,ENTPD4
mutation,4884,ENTPD5
mutation,4885,ENTPD6
mutation,4886,ENTPD7
mutation,4887,ENTPD8
mutation,4888,ENTR1
mutation,4889,ENY2
mutation,4890,EOGT
mutation,4891,EOLA1
mutation,4892,EOLA2
mutation,4893,EOMES
mutation,4894,EP300
mutation,4895,EP400
mutation,4896,EPAS1
mutation,4897,EPB41
mutation,4898,EPB41L1
mutation,4899,EPB41L2
mutation,4900,EPB41L3
mutation,4901,EPB41L4A
mutation,4902,EPB41L4B
mutation,4903,EPB41L5
mutation,4904,EPB42
mutation,4905,EPC1
mutation,4906,EPC2
mutation,4907,EPCAM
mutation,4908,EPDR1
mutation,4909,EPG5
mutation,4910,EPGN
mutation,4911,EPHA1
mutation,4912,EPHA10
mutation,4913,EPHA2
mutation,4914,EPHA3
mutation,4915,EPHA4
mutation,4916,EPHA5
mutation,4917,EPHA6
mutation,4918,EPHA7
mutation,4919,EPHA8
mutation,4920,EPHB1
mutation,4921,EPHB2
mutation,4922,EPHB3
mutation,4923,EPHB4
mutation,4924,EPHB6
mutation,4925,EPHX1
mutation,4926,EPHX2
mutation,4927,EPHX3
mutation,4928,EPHX4
mutation,4929,EPM2A
mutation,4930,EPM2AIP1
mutation,4931,EPN1
mutation,4932,EPN2
mutation,4933,EPN3
mutation,4934,EPO
mutation,4935,EPOP
mutation,4936,EPOR
mutation,4937,EPPIN-WFDC6
mutation,4938,EPPK1
mutation,4939,EPRS1
mutation,4940,EPS15
mutation,4941,EPS15L1
mutation,4942,EPS8
mutation,4943,EPS8L1
mutation,4944,EPS8L2
mutation,4945,EPS8L3
mutation,4946,EPSTI1
mutation,4947,EPX
mutation,4948,EPYC
mutation,4949,EQTN
mutation,4950,ERAL1
mutation,4951,ERAP1
mutation,4952,ERAP2
mutation,4953,ERAS
mutation,4954,ERBB2
mutation,4955,ERBB3
mutation,4956,ERBB4
mutation,4957,ERBIN
mutation,4958,ERC1
mutation,4959,ERC2
mutation,4960,ERCC1
mutation,4961,ERCC2
mutation,4962,ERCC3
mutation,4963,ERCC4
mutation,4964,ERCC5
mutation,4965,ERCC6
mutation,4966,ERCC6L
mutation,4967,ERCC6L2
mutation,4968,ERCC8
mutation,4969,EREG
mutation,4970,ERF
mutation,4971,ERFE
mutation,4972,ERG
mutation,4973,ERG28
mutation,4974,ERGIC1
mutation,4975,ERGIC2
mutation,4976,ERGIC3
mutation,4977,ERH
mutation,4978,ERI1
mutation,4979,ERI2
mutation,4980,ERI3
mutation,4981,ERICH1
mutation,4982,ERICH2
mutation,4983,ERICH3
mutation,4984,ERICH4
mutation,4985,ERICH5
mutation,4986,ERICH6
mutation,4987,ERICH6B
mutation,4988,ERLEC1
mutation,4989,ERLIN1
mutation,4990,ERLIN2
mutation,4991,ERMAP
mutation,4992,ERMARD
mutation,4993,ERMN
mutation,4994,ERMP1
mutation,4995,ERN1
mutation,4996,ERN2
mutation,4997,ERO1A
mutation,4998,ERO1B
mutation,4999,ERP27
mutation,5000,ERP29
mutation,5001,ERP44
mutation,5002,ERRFI1
mutation,5003,ERV3-1
mutation,5004,ERVFRD-1
mutation,5005,ERVV-2
mutation,5006,ERVW-1
mutation,5007,ESAM
mutation,5008,ESCO1
mutation,5009,ESCO2
mutation,5010,ESD
mutation,5011,ESF1
mutation,5012,ESM1
mutation,5013,ESPL1
mutation,5014,ESPN
mutation,5015,ESPNL
mutation,5016,ESR1
mutation,5017,ESR2
mutation,5018,ESRP1
mutation,5019,ESRP2
mutation,5020,ESRRA
mutation,5021,ESRRB
mutation,5022,ESRRG
mutation,5023,ESS2
mutation,5024,ESX1
mutation,5025,ESYT1
mutation,5026,ESYT2
mutation,5027,ESYT3
mutation,5028,ETAA1
mutation,5029,ETF1
mutation,5030,ETFA
mutation,5031,ETFB
mutation,5032,ETFBKMT
mutation,5033,ETFDH
mutation,5034,ETFRF1
mutation,5035,ETHE1
mutation,5036,ETNK1
mutation,5037,ETNK2
mutation,5038,ETNPPL
mutation,5039,ETS1
mutation,5040,ETS2
mutation,5041,ETV1
mutation,5042,ETV2
mutation,5043,ETV3
mutation,5044,ETV3L
mutation,5045,ETV4
mutation,5046,ETV5
mutation,5047,ETV6
mutation,5048,ETV7
mutation,5049,EVA1A
mutation,5050,EVA1C
mutation,5051,EVC
mutation,5052,EVC2
mutation,5053,EVI2A
mutation,5054,EVI2B
mutation,5055,EVI5
mutation,5056,EVI5L
mutation,5057,EVL
mutation,5058,EVPL
mutation,5059,EVPLL
mutation,5060,EVX1
mutation,5061,EVX2
mutation,5062,EWSR1
mutation,5063,EXD1
mutation,5064,EXD2
mutation,5065,EXD3
mutation,5066,EXO1
mutation,5067,EXO5
mutation,5068,EXOC1
mutation,5069,EXOC2
mutation,5070,EXOC3
mutation,5071,EXOC3L1
mutation,5072,EXOC3L2
mutation,5073,EXOC3L4
mutation,5074,EXOC4
mutation,5075,EXOC5
mutation,5076,EXOC6
mutation,5077,EXOC6B
mutation,5078,EXOC7
mutation,5079,EXOC8
mutation,5080,EXOG
mutation,5081,EXOSC1
mutation,5082,EXOSC10
mutation,5083,EXOSC2
mutation,5084,EXOSC3
mutation,5085,EXOSC4
mutation,5086,EXOSC5
mutation,5087,EXOSC6
mutation,5088,EXOSC7
mutation,5089,EXOSC8
mutation,5090,EXOSC9
mutation,5091,EXPH5
mutation,5092,EXT1
mutation,5093,EXT2
mutation,5094,EXTL1
mutation,5095,EXTL2
mutation,5096,EXTL3
mutation,5097,EYA1
mutation,5098,EYA2
mutation,5099,EYA3
mutation,5100,EYA4
mutation,5101,EYS
mutation,5102,EZH1
mutation,5103,EZH2
mutation,5104,EZHIP
mutation,5105,EZR
mutation,5106,F10
mutation,5107,F11
mutation,5108,F11R
mutation,5109,F12
mutation,5110,F13A1
mutation,5111,F13B
mutation,5112,F2
mutation,5113,F2R
mutation,5114,F2RL1
mutation,5115,F2RL2
mutation,5116,F2RL3
mutation,5117,F3
mutation,5118,F5
mutation,5119,F7
mutation,5120,F8
mutation,5121,F9
mutation,5122,FA2H
mutation,5123,FAAH
mutation,5124,FAAH2
mutation,5125,FAAP100
mutation,5126,FAAP20
mutation,5127,FAAP24
mutation,5128,FABP1
mutation,5129,FABP12
mutation,5130,FABP2
mutation,5131,FABP3
mutation,5132,FABP4
mutation,5133,FABP5
mutation,5134,FABP6
mutation,5135,FABP7
mutation,5136,FABP9
mutation,5137,FADD
mutation,5138,FADS1
mutation,5139,FADS2
mutation,5140,FADS3
mutation,5141,FADS6
mutation,5142,FAF1
mutation,5143,FAF2
mutation,5144,FAH
mutation,5145,FAHD1
mutation,5146,FAHD2A
mutation,5147,FAHD2B
mutation,5148,FAIM
mutation,5149,FAIM2
mutation,5150,FAM102A
mutation,5151,EEIG2
mutation,5152,FAM104A
mutation,5153,FAM104B
mutation,5154,FAM107A
mutation,5155,FAM107B
mutation,5156,FAM110A
mutation,5157,FAM110B
mutation,5158,FAM110C
mutation,5159,FAM110D
mutation,5160,FAM111A
mutation,5161,FAM111B
mutation,5162,FAM114A1
mutation,5163,FAM114A2
mutation,5164,FAM117A
mutation,5165,FAM117B
mutation,5166,FAM118A
mutation,5167,FAM118B
mutation,5168,FAM120A
mutation,5169,FAM120AOS
mutation,5170,FAM120B
mutation,5171,FAM120C
mutation,5172,FAM124A
mutation,5173,FAM124B
mutation,5174,FAM126A
mutation,5175,FAM126B
mutation,5176,FAM131A
mutation,5177,FAM131B
mutation,5178,FAM131C
mutation,5179,FAM133A
mutation,5180,FAM133B
mutation,5181,FAM135A
mutation,5182,FAM135B
mutation,5183,FAM136A
mutation,5184,FAM13A
mutation,5185,FAM13B
mutation,5186,FAM13C
mutation,5187,FAM149A
mutation,5188,FAM149B1
mutation,5189,FAM151A
mutation,5190,FAM151B
mutation,5191,FAM153A
mutation,5192,FAM153B
mutation,5193,FAM155A
mutation,5194,FAM155B
mutation,5195,FAM160A1
mutation,5196,FAM160A2
mutation,5197,FAM160B1
mutation,5198,FAM160B2
mutation,5199,FAM161A
mutation,5200,FAM161B
mutation,5201,FAM162A
mutation,5202,FAM162B
mutation,5203,FAM163A
mutation,5204,FAM163B
mutation,5205,FAM166A
mutation,5206,FAM166B
mutation,5207,FAM166C
mutation,5208,FAM167A
mutation,5209,FAM167B
mutation,5210,FAM168A
mutation,5211,FAM168B
mutation,5212,FAM169A
mutation,5213,FAM169B
mutation,5214,FAM170A
mutation,5215,FAM170B
mutation,5216,FAM171A1
mutation,5217,FAM171A2
mutation,5218,FAM171B
mutation,5219,FAM172A
mutation,5220,FAM174A
mutation,5221,FAM174B
mutation,5222,FAM174C
mutation,5223,FAM177A1
mutation,5224,FAM177B
mutation,5225,FAM178B
mutation,5226,FAM180A
mutation,5227,FAM181A
mutation,5228,FAM181B
mutation,5229,FAM183A
mutation,5230,FAM184A
mutation,5231,FAM184B
mutation,5232,FAM185A
mutation,5233,FAM186A
mutation,5234,FAM186B
mutation,5235,FAM187B
mutation,5236,FAM189A1
mutation,5237,FAM189A2
mutation,5238,FAM189B
mutation,5239,FAM193A
mutation,5240,FAM193B
mutation,5241,FAM199X
mutation,5242,FAM200A
mutation,5243,FAM204A
mutation,5244,FAM205A
mutation,5245,FAM205C
mutation,5246,FAM207A
mutation,5247,FAM209A
mutation,5248,FAM209B
mutation,5249,FAM20A
mutation,5250,FAM20B
mutation,5251,FAM20C
mutation,5252,FAM210A
mutation,5253,FAM210B
mutation,5254,FAM214A
mutation,5255,FAM214B
mutation,5256,FAM216A
mutation,5257,FAM216B
mutation,5258,FAM217A
mutation,5259,FAM217B
mutation,5260,FAM218A
mutation,5261,FAM219A
mutation,5262,FAM219B
mutation,5263,FAM220A
mutation,5264,FAM221A
mutation,5265,FAM221B
mutation,5266,FAM222A
mutation,5267,FAM222B
mutation,5268,FAM227A
mutation,5269,FAM227B
mutation,5270,FAM228A
mutation,5271,FAM228B
mutation,5272,FAM229A
mutation,5273,FAM229B
mutation,5274,FAM234A
mutation,5275,FAM234B
mutation,5276,FAM236C
mutation,5277,FAM236D
mutation,5278,FAM237A
mutation,5279,FAM240A
mutation,5280,FAM240B
mutation,5281,FAM241A
mutation,5282,FAM241B
mutation,5283,FAM24A
mutation,5284,FAM24B
mutation,5285,FAM25A
mutation,5286,FAM25C
mutation,5287,FAM25G
mutation,5288,FAM32A
mutation,5289,FAM3A
mutation,5290,FAM3B
mutation,5291,FAM3C
mutation,5292,FAM3D
mutation,5293,FAM43A
mutation,5294,FAM43B
mutation,5295,FAM47A
mutation,5296,FAM47B
mutation,5297,FAM47C
mutation,5298,FAM47E
mutation,5299,FAM50A
mutation,5300,FAM50B
mutation,5301,FAM53A
mutation,5302,FAM53B
mutation,5303,FAM53C
mutation,5304,FAM71A
mutation,5305,FAM71B
mutation,5306,FAM71C
mutation,5307,FAM71D
mutation,5308,FAM71E1
mutation,5309,FAM71F1
mutation,5310,FAM71F2
mutation,5311,FAM72A
mutation,5312,FAM72B
mutation,5313,FAM76A
mutation,5314,FAM76B
mutation,5315,FAM78A
mutation,5316,FAM78B
mutation,5317,FAM81A
mutation,5318,FAM81B
mutation,5319,FAM83A
mutation,5320,FAM83B
mutation,5321,FAM83C
mutation,5322,FAM83D
mutation,5323,FAM83E
mutation,5324,FAM83F
mutation,5325,FAM83G
mutation,5326,FAM83H
mutation,5327,FAM86B1
mutation,5328,FAM86B2
mutation,5329,FAM86C1P
mutation,5330,FAM89A
mutation,5331,FAM89B
mutation,5332,FAM8A1
mutation,5333,FAM90A1
mutation,5334,FAM90A26
mutation,5335,FAM91A1
mutation,5336,FAM98A
mutation,5337,FAM98B
mutation,5338,FAM98C
mutation,5339,FAM9A
mutation,5340,FAM9B
mutation,5341,FAM9C
mutation,5342,FAN1
mutation,5343,FANCA
mutation,5344,FANCB
mutation,5345,FANCC
mutation,5346,FANCD2
mutation,5347,FANCD2OS
mutation,5348,FANCE
mutation,5349,FANCF
mutation,5350,FANCG
mutation,5351,FANCI
mutation,5352,FANCL
mutation,5353,FANCM
mutation,5354,FANK1
mutation,5355,FAP
mutation,5356,FAR1
mutation,5357,FAR2
mutation,5358,FARP1
mutation,5359,FARP2
mutation,5360,FARS2
mutation,5361,FARSA
mutation,5362,FARSB
mutation,5363,FAS
mutation,5364,FASLG
mutation,5365,FASN
mutation,5366,FASTK
mutation,5367,FASTKD1
mutation,5368,FASTKD2
mutation,5369,FASTKD3
mutation,5370,FASTKD5
mutation,5371,FAT1
mutation,5372,FAT2
mutation,5373,FAT3
mutation,5374,FAT4
mutation,5375,FATE1
mutation,5376,FAU
mutation,5377,FAXC
mutation,5378,FAXDC2
mutation,5379,FBF1
mutation,5380,FBH1
mutation,5381,FBL
mutation,5382,FBLIM1
mutation,5383,FBLL1
mutation,5384,FBLN1
mutation,5385,FBLN2
mutation,5386,FBLN5
mutation,5387,FBLN7
mutation,5388,FBN1
mutation,5389,FBN2
mutation,5390,FBN3
mutation,5391,FBP1
mutation,5392,FBP2
mutation,5393,FBRS
mutation,5394,FBRSL1
mutation,5395,FBXL12
mutation,5396,FBXL13
mutation,5397,FBXL14
mutation,5398,FBXL15
mutation,5399,FBXL16
mutation,5400,FBXL17
mutation,5401,FBXL18
mutation,5402,FBXL19
mutation,5403,FBXL2
mutation,5404,FBXL20
mutation,5405,FBXL22
mutation,5406,FBXL3
mutation,5407,FBXL4
mutation,5408,FBXL5
mutation,5409,FBXL6
mutation,5410,FBXL7
mutation,5411,FBXL8
mutation,5412,FBXO10
mutation,5413,FBXO11
mutation,5414,FBXO15
mutation,5415,FBXO16
mutation,5416,FBXO17
mutation,5417,FBXO2
mutation,5418,FBXO21
mutation,5419,FBXO22
mutation,5420,FBXO24
mutation,5421,FBXO25
mutation,5422,FBXO27
mutation,5423,FBXO28
mutation,5424,FBXO3
mutation,5425,FBXO30
mutation,5426,FBXO31
mutation,5427,FBXO32
mutation,5428,FBXO33
mutation,5429,FBXO34
mutation,5430,FBXO36
mutation,5431,FBXO38
mutation,5432,FBXO39
mutation,5433,FBXO4
mutation,5434,FBXO40
mutation,5435,FBXO41
mutation,5436,FBXO42
mutation,5437,FBXO43
mutation,5438,FBXO44
mutation,5439,FBXO45
mutation,5440,FBXO46
mutation,5441,FBXO47
mutation,5442,FBXO48
mutation,5443,FBXO5
mutation,5444,FBXO6
mutation,5445,FBXO7
mutation,5446,FBXO8
mutation,5447,FBXO9
mutation,5448,FBXW10
mutation,5449,FBXW11
mutation,5450,FBXW12
mutation,5451,FBXW2
mutation,5452,FBXW4
mutation,5453,FBXW5
mutation,5454,FBXW7
mutation,5455,FBXW8
mutation,5456,FBXW9
mutation,5457,FCAMR
mutation,5458,FCAR
mutation,5459,FCER1A
mutation,5460,FCER1G
mutation,5461,FCER2
mutation,5462,FCF1
mutation,5463,FCGBP
mutation,5464,FCGR1A
mutation,5465,FCGR1B
mutation,5466,FCGR2A
mutation,5467,FCGR2B
mutation,5468,FCGR2C
mutation,5469,FCGR3A
mutation,5470,FCGR3B
mutation,5471,FCGRT
mutation,5472,FCHO1
mutation,5473,FCHO2
mutation,5474,FCHSD1
mutation,5475,FCHSD2
mutation,5476,FCMR
mutation,5477,FCN1
mutation,5478,FCN2
mutation,5479,FCN3
mutation,5480,FCRL1
mutation,5481,FCRL2
mutation,5482,FCRL3
mutation,5483,FCRL4
mutation,5484,FCRL5
mutation,5485,FCRL6
mutation,5486,FCRLA
mutation,5487,FCRLB
mutation,5488,FCSK
mutation,5489,FDCSP
mutation,5490,FDFT1
mutation,5491,FDPS
mutation,5492,FDX1
mutation,5493,FDX2
mutation,5494,FDXACB1
mutation,5495,FDXR
mutation,5496,FECH
mutation,5497,FEM1A
mutation,5498,FEM1B
mutation,5499,FEM1C
mutation,5500,FEN1
mutation,5501,FER
mutation,5502,FER1L5
mutation,5503,FER1L6
mutation,5504,FERD3L
mutation,5505,FERMT1
mutation,5506,FERMT2
mutation,5507,FERMT3
mutation,5508,FES
mutation,5509,FETUB
mutation,5510,FEV
mutation,5511,FEZ1
mutation,5512,FEZ2
mutation,5513,FEZF1
mutation,5514,FEZF2
mutation,5515,FFAR1
mutation,5516,FFAR2
mutation,5517,FFAR3
mutation,5518,FFAR4
mutation,5519,FGA
mutation,5520,FGB
mutation,5521,FGD1
mutation,5522,FGD2
mutation,5523,FGD3
mutation,5524,FGD4
mutation,5525,FGD5
mutation,5526,FGD6
mutation,5527,FGF1
mutation,5528,FGF10
mutation,5529,FGF11
mutation,5530,FGF12
mutation,5531,FGF13
mutation,5532,FGF14
mutation,5533,FGF16
mutation,5534,FGF17
mutation,5535,FGF18
mutation,5536,FGF19
mutation,5537,FGF2
mutation,5538,FGF20
mutation,5539,FGF21
mutation,5540,FGF22
mutation,5541,FGF23
mutation,5542,FGF3
mutation,5543,FGF4
mutation,5544,FGF5
mutation,5545,FGF6
mutation,5546,FGF7
mutation,5547,FGF8
mutation,5548,FGF9
mutation,5549,FGFBP1
mutation,5550,FGFBP2
mutation,5551,FGFBP3
mutation,5552,FGFR1
mutation,5553,FGFR1OP2
mutation,5554,FGFR2
mutation,5555,FGFR3
mutation,5556,FGFR4
mutation,5557,FGFRL1
mutation,5558,FGG
mutation,5559,FGGY
mutation,5560,FGL1
mutation,5561,FGL2
mutation,5562,FGR
mutation,5563,FH
mutation,5564,FHAD1
mutation,5565,FHDC1
mutation,5566,FHIT
mutation,5567,FHL1
mutation,5568,FHL2
mutation,5569,FHL3
mutation,5570,FHL5
mutation,5571,FHOD1
mutation,5572,FHOD3
mutation,5573,FIBCD1
mutation,5574,FIBIN
mutation,5575,FIBP
mutation,5576,FICD
mutation,5577,FIG4
mutation,5578,FIGLA
mutation,5579,FIGN
mutation,5580,FIGNL1
mutation,5581,FIGNL2
mutation,5582,FILIP1
mutation,5583,FILIP1L
mutation,5584,FIP1L1
mutation,5585,FIS1
mutation,5586,FITM1
mutation,5587,FITM2
mutation,5588,FIZ1
mutation,5589,FJX1
mutation,5590,FKBP10
mutation,5591,FKBP11
mutation,5592,FKBP14
mutation,5593,FKBP15
mutation,5594,FKBP1A
mutation,5595,FKBP1B
mutation,5596,FKBP1C
mutation,5597,FKBP2
mutation,5598,FKBP3
mutation,5599,FKBP4
mutation,5600,FKBP5
mutation,5601,FKBP6
mutation,5602,FKBP7
mutation,5603,FKBP8
mutation,5604,FKBP9
mutation,5605,FKBPL
mutation,5606,FKRP
mutation,5607,FKTN
mutation,5608,FLACC1
mutation,5609,FLAD1
mutation,5610,FLCN
mutation,5611,FLG
mutation,5612,FLG2
mutation,5613,FLI1
mutation,5614,FLII
mutation,5615,FLNA
mutation,5616,FLNB
mutation,5617,FLNC
mutation,5618,FLOT1
mutation,5619,FLOT2
mutation,5620,FLRT1
mutation,5621,FLRT2
mutation,5622,FLRT3
mutation,5623,FLT1
mutation,5624,FLT3
mutation,5625,FLT3LG
mutation,5626,FLT4
mutation,5627,FLVCR1
mutation,5628,FLVCR2
mutation,5629,FLYWCH1
mutation,5630,FLYWCH2
mutation,5631,FMC1-LUC7L2
mutation,5632,FMN1
mutation,5633,FMN2
mutation,5634,FMNL1
mutation,5635,FMNL2
mutation,5636,FMNL3
mutation,5637,FMO1
mutation,5638,FMO2
mutation,5639,FMO3
mutation,5640,FMO4
mutation,5641,FMO5
mutation,5642,FMOD
mutation,5643,FMR1
mutation,5644,FMR1NB
mutation,5645,FN1
mutation,5646,FN3K
mutation,5647,FN3KRP
mutation,5648,FNBP1
mutation,5649,FNBP1L
mutation,5650,FNBP4
mutation,5651,FNDC1
mutation,5652,FNDC10
mutation,5653,FNDC11
mutation,5654,FNDC3A
mutation,5655,FNDC3B
mutation,5656,FNDC4
mutation,5657,FNDC5
mutation,5658,FNDC7
mutation,5659,FNDC8
mutation,5660,FNIP1
mutation,5661,FNIP2
mutation,5662,FNTA
mutation,5663,FNTB
mutation,5664,FOCAD
mutation,5665,FOLH1
mutation,5666,FOLR1
mutation,5667,FOLR2
mutation,5668,FOLR3
mutation,5669,FOS
mutation,5670,FOSB
mutation,5671,FOSL1
mutation,5672,FOSL2
mutation,5673,FOXA1
mutation,5674,FOXA2
mutation,5675,FOXA3
mutation,5676,FOXB1
mutation,5677,FOXB2
mutation,5678,FOXC1
mutation,5679,FOXC2
mutation,5680,FOXD1
mutation,5681,FOXD2
mutation,5682,FOXD3
mutation,5683,FOXD4
mutation,5684,FOXD4L1
mutation,5685,FOXD4L3
mutation,5686,FOXD4L4
mutation,5687,FOXD4L5
mutation,5688,FOXD4L6
mutation,5689,FOXE1
mutation,5690,FOXE3
mutation,5691,FOXF1
mutation,5692,FOXF2
mutation,5693,FOXG1
mutation,5694,FOXH1
mutation,5695,FOXI1
mutation,5696,FOXI2
mutation,5697,FOXI3
mutation,5698,FOXJ1
mutation,5699,FOXJ2
mutation,5700,FOXJ3
mutation,5701,FOXK1
mutation,5702,FOXK2
mutation,5703,FOXL1
mutation,5704,FOXL2
mutation,5705,FOXL2NB
mutation,5706,FOXM1
mutation,5707,FOXN1
mutation,5708,FOXN2
mutation,5709,FOXN3
mutation,5710,FOXN4
mutation,5711,FOXO1
mutation,5712,FOXO3
mutation,5713,FOXO3B
mutation,5714,FOXO4
mutation,5715,FOXO6
mutation,5716,FOXP1
mutation,5717,FOXP2
mutation,5718,FOXP3
mutation,5719,FOXP4
mutation,5720,FOXQ1
mutation,5721,FOXR1
mutation,5722,FOXR2
mutation,5723,FOXRED1
mutation,5724,FOXRED2
mutation,5725,FOXS1
mutation,5726,FPGS
mutation,5727,FPGT
mutation,5728,FPR1
mutation,5729,FPR2
mutation,5730,FPR3
mutation,5731,FRA10AC1
mutation,5732,FRAS1
mutation,5733,FRAT1
mutation,5734,FRAT2
mutation,5735,FREM1
mutation,5736,FREM2
mutation,5737,FREM3
mutation,5738,FRG1
mutation,5739,FRG2
mutation,5740,FRG2B
mutation,5741,FRG2C
mutation,5742,FRK
mutation,5743,FRMD1
mutation,5744,FRMD3
mutation,5745,FRMD4A
mutation,5746,FRMD4B
mutation,5747,FRMD5
mutation,5748,FRMD6
mutation,5749,FRMD7
mutation,5750,FRMD8
mutation,5751,FRMPD1
mutation,5752,FRMPD2
mutation,5753,FRMPD3
mutation,5754,FRMPD4
mutation,5755,FRRS1
mutation,5756,FRRS1L
mutation,5757,FRS2
mutation,5758,FRS3
mutation,5759,FRY
mutation,5760,FRYL
mutation,5761,FRZB
mutation,5762,FSBP
mutation,5763,FSCB
mutation,5764,FSCN1
mutation,5765,FSCN2
mutation,5766,FSCN3
mutation,5767,FSD1
mutation,5768,FSD1L
mutation,5769,FSD2
mutation,5770,FSHB
mutation,5771,FSHR
mutation,5772,FSIP1
mutation,5773,FSIP2
mutation,5774,FST
mutation,5775,FSTL1
mutation,5776,FSTL3
mutation,5777,FSTL4
mutation,5778,FSTL5
mutation,5779,FTCD
mutation,5780,FTH1
mutation,5781,FTHL17
mutation,5782,FTL
mutation,5783,FTMT
mutation,5784,FTO
mutation,5785,FTSJ1
mutation,5786,FTSJ3
mutation,5787,FUBP1
mutation,5788,FUBP3
mutation,5789,FUCA1
mutation,5790,FUCA2
mutation,5791,FUNDC1
mutation,5792,FUNDC2
mutation,5793,FUOM
mutation,5794,FURIN
mutation,5795,FUS
mutation,5796,FUT1
mutation,5797,FUT10
mutation,5798,FUT11
mutation,5799,FUT2
mutation,5800,FUT3
mutation,5801,FUT4
mutation,5802,FUT5
mutation,5803,FUT6
mutation,5804,FUT7
mutation,5805,FUT8
mutation,5806,FUT9
mutation,5807,FUZ
mutation,5808,FXN
mutation,5809,FXR1
mutation,5810,FXR2
mutation,5811,FXYD1
mutation,5812,FXYD3
mutation,5813,FXYD4
mutation,5814,FXYD5
mutation,5815,FXYD6-FXYD2
mutation,5816,FXYD7
mutation,5817,FYB1
mutation,5818,FYB2
mutation,5819,FYCO1
mutation,5820,FYN
mutation,5821,FYTTD1
mutation,5822,FZD1
mutation,5823,FZD10
mutation,5824,FZD2
mutation,5825,FZD3
mutation,5826,FZD4
mutation,5827,FZD5
mutation,5828,FZD6
mutation,5829,FZD7
mutation,5830,FZD8
mutation,5831,FZD9
mutation,5832,FZR1
mutation,5833,G0S2
mutation,5834,G2E3
mutation,5835,G3BP1
mutation,5836,G3BP2
mutation,5837,G6PC1
mutation,5838,G6PC2
mutation,5839,G6PC3
mutation,5840,G6PD
mutation,5841,GAA
mutation,5842,GAB1
mutation,5843,GAB2
mutation,5844,GAB3
mutation,5845,GAB4
mutation,5846,GABARAP
mutation,5847,GABARAPL1
mutation,5848,GABARAPL2
mutation,5849,GABBR1
mutation,5850,GABBR2
mutation,5851,GABPA
mutation,5852,GABPB1
mutation,5853,GABPB2
mutation,5854,GABRA1
mutation,5855,GABRA2
mutation,5856,GABRA3
mutation,5857,GABRA4
mutation,5858,GABRA5
mutation,5859,GABRA6
mutation,5860,GABRB1
mutation,5861,GABRB2
mutation,5862,GABRB3
mutation,5863,GABRD
mutation,5864,GABRE
mutation,5865,GABRG1
mutation,5866,GABRG2
mutation,5867,GABRG3
mutation,5868,GABRP
mutation,5869,GABRQ
mutation,5870,GABRR1
mutation,5871,GABRR2
mutation,5872,GABRR3
mutation,5873,GAD1
mutation,5874,GAD2
mutation,5875,GADD45A
mutation,5876,GADD45B
mutation,5877,GADD45G
mutation,5878,GADD45GIP1
mutation,5879,GADL1
mutation,5880,GAGE1
mutation,5881,GAGE10
mutation,5882,GAGE12J
mutation,5883,GAGE2A
mutation,5884,GAGE2E
mutation,5885,GAK
mutation,5886,GAL
mutation,5887,GAL3ST1
mutation,5888,GAL3ST2
mutation,5889,GAL3ST3
mutation,5890,GAL3ST4
mutation,5891,GALC
mutation,5892,GALE
mutation,5893,GALK1
mutation,5894,GALK2
mutation,5895,GALM
mutation,5896,GALNS
mutation,5897,GALNT1
mutation,5898,GALNT10
mutation,5899,GALNT11
mutation,5900,GALNT12
mutation,5901,GALNT13
mutation,5902,GALNT14
mutation,5903,GALNT15
mutation,5904,GALNT16
mutation,5905,GALNT17
mutation,5906,GALNT18
mutation,5907,GALNT2
mutation,5908,GALNT3
mutation,5909,GALNT4
mutation,5910,GALNT5
mutation,5911,GALNT6
mutation,5912,GALNT7
mutation,5913,GALNT8
mutation,5914,GALNT9
mutation,5915,GALNTL5
mutation,5916,GALNTL6
mutation,5917,GALP
mutation,5918,GALR1
mutation,5919,GALR2
mutation,5920,GALR3
mutation,5921,GALT
mutation,5922,GAMT
mutation,5923,GAN
mutation,5924,GANAB
mutation,5925,GANC
mutation,5926,GAP43
mutation,5927,GAPDH
mutation,5928,GAPDHS
mutation,5929,GAPT
mutation,5930,GAPVD1
mutation,5931,GAR1
mutation,5932,GAREM1
mutation,5933,GAREM2
mutation,5934,GARNL3
mutation,5935,GARRE1
mutation,5936,GARS1
mutation,5937,GART
mutation,5938,GAS1
mutation,5939,GAS2
mutation,5940,GAS2L1
mutation,5941,GAS2L2
mutation,5942,GAS2L3
mutation,5943,GAS6
mutation,5944,GAS7
mutation,5945,GAS8
mutation,5946,GASK1A
mutation,5947,GASK1B
mutation,5948,GAST
mutation,5949,GATA1
mutation,5950,GATA2
mutation,5951,GATA3
mutation,5952,GATA4
mutation,5953,GATA5
mutation,5954,GATA6
mutation,5955,GATAD1
mutation,5956,GATAD2A
mutation,5957,GATAD2B
mutation,5958,GATB
mutation,5959,GATC
mutation,5960,GATD1
mutation,5961,GATD3A
mutation,5962,GATD3B
mutation,5963,GATM
mutation,5964,GBA
mutation,5965,GBA2
mutation,5966,GBA3
mutation,5967,GBE1
mutation,5968,GBF1
mutation,5969,GBGT1
mutation,5970,GBP1
mutation,5971,GBP2
mutation,5972,GBP3
mutation,5973,GBP4
mutation,5974,GBP5
mutation,5975,GBP6
mutation,5976,GBP7
mutation,5977,GBX1
mutation,5978,GBX2
mutation,5979,GC
mutation,5980,GCA
mutation,5981,GCAT
mutation,5982,GCC1
mutation,5983,GCC2
mutation,5984,GCDH
mutation,5985,GCFC2
mutation,5986,GCG
mutation,5987,GCGR
mutation,5988,GCH1
mutation,5989,GCK
mutation,5990,GCKR
mutation,5991,GCLC
mutation,5992,GCLM
mutation,5993,GCM1
mutation,5994,GCM2
mutation,5995,GCN1
mutation,5996,GCNA
mutation,5997,GCNT1
mutation,5998,GCNT2
mutation,5999,GCNT3
mutation,6000,GCNT4
mutation,6001,GCOM1
mutation,6002,GCSAM
mutation,6003,GCSAML
mutation,6004,GCSH
mutation,6005,GDA
mutation,6006,GDAP1
mutation,6007,GDAP1L1
mutation,6008,GDAP2
mutation,6009,GDE1
mutation,6010,GDF1
mutation,6011,GDF10
mutation,6012,GDF11
mutation,6013,GDF15
mutation,6014,GDF2
mutation,6015,GDF3
mutation,6016,GDF5
mutation,6017,GDF5-AS1
mutation,6018,GDF6
mutation,6019,GDF7
mutation,6020,GDF9
mutation,6021,GDI1
mutation,6022,GDI2
mutation,6023,GDNF
mutation,6024,GDPD1
mutation,6025,GDPD2
mutation,6026,GDPD3
mutation,6027,GDPD4
mutation,6028,GDPD5
mutation,6029,GDPGP1
mutation,6030,GEM
mutation,6031,GEMIN2
mutation,6032,GEMIN4
mutation,6033,GEMIN5
mutation,6034,GEMIN6
mutation,6035,GEMIN7
mutation,6036,GEMIN8
mutation,6037,GEN1
mutation,6038,GET1
mutation,6039,GET3
mutation,6040,GET4
mutation,6041,GFAP
mutation,6042,GFER
mutation,6043,GFI1
mutation,6044,GFI1B
mutation,6045,GFM1
mutation,6046,GFM2
mutation,6047,GFOD1
mutation,6048,GFOD2
mutation,6049,GFPT1
mutation,6050,GFPT2
mutation,6051,GFRA1
mutation,6052,GFRA2
mutation,6053,GFRA3
mutation,6054,GFRA4
mutation,6055,GFRAL
mutation,6056,GFUS
mutation,6057,GFY
mutation,6058,GGA1
mutation,6059,GGA2
mutation,6060,GGA3
mutation,6061,GGACT
mutation,6062,GGCT
mutation,6063,GGCX
mutation,6064,GGH
mutation,6065,GGN
mutation,6066,GGNBP2
mutation,6067,GGPS1
mutation,6068,GGT1
mutation,6069,GGT2
mutation,6070,GGT5
mutation,6071,GGT6
mutation,6072,GGT7
mutation,6073,GGTLC1
mutation,6074,GGTLC2
mutation,6075,GGTLC3
mutation,6076,GH1
mutation,6077,GH2
mutation,6078,GHDC
mutation,6079,GHITM
mutation,6080,GHR
mutation,6081,GHRH
mutation,6082,GHRHR
mutation,6083,GHRL
mutation,6084,GHSR
mutation,6085,GID4
mutation,6086,GID8
mutation,6087,GIGYF1
mutation,6088,GIGYF2
mutation,6089,GIMAP1
mutation,6090,GIMAP2
mutation,6091,GIMAP4
mutation,6092,GIMAP5
mutation,6093,GIMAP6
mutation,6094,GIMAP7
mutation,6095,GIMAP8
mutation,6096,GIN1
mutation,6097,GINM1
mutation,6098,GINS1
mutation,6099,GINS2
mutation,6100,GINS3
mutation,6101,GINS4
mutation,6102,GIP
mutation,6103,GIPC1
mutation,6104,GIPC2
mutation,6105,GIPC3
mutation,6106,GIPR
mutation,6107,GIT1
mutation,6108,GIT2
mutation,6109,GJA1
mutation,6110,GJA10
mutation,6111,GJA3
mutation,6112,GJA4
mutation,6113,GJA5
mutation,6114,GJA8
mutation,6115,GJA9
mutation,6116,GJB1
mutation,6117,GJB2
mutation,6118,GJB3
mutation,6119,GJB4
mutation,6120,GJB5
mutation,6121,GJB6
mutation,6122,GJB7
mutation,6123,GJC1
mutation,6124,GJC2
mutation,6125,GJC3
mutation,6126,GJD2
mutation,6127,GJD3
mutation,6128,GJD4
mutation,6129,GJE1
mutation,6130,GK
mutation,6131,GK2
mutation,6132,GK5
mutation,6133,GKAP1
mutation,6134,GKN1
mutation,6135,GKN2
mutation,6136,GLA
mutation,6137,GLB1
mutation,6138,GLB1L
mutation,6139,GLB1L2
mutation,6140,GLB1L3
mutation,6141,GLCCI1
mutation,6142,GLCE
mutation,6143,GLDC
mutation,6144,GLDN
mutation,6145,GLE1
mutation,6146,GLG1
mutation,6147,GLI1
mutation,6148,GLI2
mutation,6149,GLI3
mutation,6150,GLI4
mutation,6151,GLIPR1
mutation,6152,GLIPR1L1
mutation,6153,GLIPR1L2
mutation,6154,GLIPR2
mutation,6155,GLIS1
mutation,6156,GLIS2
mutation,6157,GLIS3
mutation,6158,GLMN
mutation,6159,GLMP
mutation,6160,GLO1
mutation,6161,GLOD4
mutation,6162,GLOD5
mutation,6163,GLP1R
mutation,6164,GLP2R
mutation,6165,GLRA1
mutation,6166,GLRA2
mutation,6167,GLRA3
mutation,6168,GLRA4
mutation,6169,GLRB
mutation,6170,GLRX
mutation,6171,GLRX2
mutation,6172,GLRX3
mutation,6173,GLRX5
mutation,6174,GLS
mutation,6175,GLS2
mutation,6176,GLT1D1
mutation,6177,GLT6D1
mutation,6178,GLT8D1
mutation,6179,GLT8D2
mutation,6180,GLTP
mutation,6181,GLTPD2
mutation,6182,GLUD1
mutation,6183,GLUD2
mutation,6184,GLUL
mutation,6185,GLYAT
mutation,6186,GLYATL1
mutation,6187,GLYATL1B
mutation,6188,GLYATL2
mutation,6189,GLYATL3
mutation,6190,GLYCTK
mutation,6191,GLYR1
mutation,6192,GM2A
mutation,6193,GMCL1
mutation,6194,GMCL2
mutation,6195,GMDS
mutation,6196,GMEB1
mutation,6197,GMEB2
mutation,6198,GMFB
mutation,6199,GMFG
mutation,6200,GMIP
mutation,6201,GML
mutation,6202,GMNC
mutation,6203,GMNN
mutation,6204,GMPPA
mutation,6205,GMPPB
mutation,6206,GMPR
mutation,6207,GMPR2
mutation,6208,GMPS
mutation,6209,GNA11
mutation,6210,GNA12
mutation,6211,GNA13
mutation,6212,GNA14
mutation,6213,GNA15
mutation,6214,GNAI1
mutation,6215,GNAI2
mutation,6216,GNAI3
mutation,6217,GNAL
mutation,6218,GNAO1
mutation,6219,GNAQ
mutation,6220,GNAS
mutation,6221,GNAT1
mutation,6222,GNAT3
mutation,6223,GNAZ
mutation,6224,GNB1
mutation,6225,GNB1L
mutation,6226,GNB2
mutation,6227,GNB3
mutation,6228,GNB4
mutation,6229,GNB5
mutation,6230,GNE
mutation,6231,GNG10
mutation,6232,GNG11
mutation,6233,GNG12
mutation,6234,GNG13
mutation,6235,GNG14
mutation,6236,GNG2
mutation,6237,GNG3
mutation,6238,GNG4
mutation,6239,GNG5
mutation,6240,GNG7
mutation,6241,GNG8
mutation,6242,GNGT1
mutation,6243,GNGT2
mutation,6244,GNL1
mutation,6245,GNL2
mutation,6246,GNL3
mutation,6247,GNL3L
mutation,6248,GNLY
mutation,6249,GNMT
mutation,6250,GNPAT
mutation,6251,GNPDA1
mutation,6252,GNPDA2
mutation,6253,GNPNAT1
mutation,6254,GNPTAB
mutation,6255,GNPTG
mutation,6256,GNRH1
mutation,6257,GNRH2
mutation,6258,GNRHR
mutation,6259,GNS
mutation,6260,GOLGA1
mutation,6261,GOLGA2
mutation,6262,GOLGA3
mutation,6263,GOLGA4
mutation,6264,GOLGA5
mutation,6265,GOLGA6A
mutation,6266,GOLGA6B
mutation,6267,GOLGA6C
mutation,6268,GOLGA6D
mutation,6269,GOLGA6L10
mutation,6270,GOLGA6L2
mutation,6271,GOLGA6L22
mutation,6272,GOLGA6L4
mutation,6273,GOLGA6L6
mutation,6274,GOLGA6L7
mutation,6275,GOLGA6L9
mutation,6276,GOLGA7
mutation,6277,GOLGA7B
mutation,6278,GOLGA8A
mutation,6279,GOLGA8B
mutation,6280,GOLGA8F
mutation,6281,GOLGA8G
mutation,6282,GOLGA8H
mutation,6283,GOLGA8J
mutation,6284,GOLGA8K
mutation,6285,GOLGA8M
mutation,6286,GOLGA8N
mutation,6287,GOLGA8O
mutation,6288,GOLGA8Q
mutation,6289,GOLGA8R
mutation,6290,GOLGA8S
mutation,6291,GOLGA8T
mutation,6292,GOLGB1
mutation,6293,GOLIM4
mutation,6294,GOLM1
mutation,6295,GOLM2
mutation,6296,GOLPH3
mutation,6297,GOLPH3L
mutation,6298,GOLT1A
mutation,6299,GOLT1B
mutation,6300,GON4L
mutation,6301,GON7
mutation,6302,GOPC
mutation,6303,GORAB
mutation,6304,GORASP1
mutation,6305,GORASP2
mutation,6306,GOSR1
mutation,6307,GOSR2
mutation,6308,GOT1
mutation,6309,GOT1L1
mutation,6310,GOT2
mutation,6311,GP1BA
mutation,6312,GP1BB
mutation,6313,GP2
mutation,6314,GP5
mutation,6315,GP6
mutation,6316,GP9
mutation,6317,GPA33
mutation,6318,GPAA1
mutation,6319,GPALPP1
mutation,6320,GPAM
mutation,6321,GPANK1
mutation,6322,GPAT2
mutation,6323,GPAT3
mutation,6324,GPAT4
mutation,6325,GPATCH1
mutation,6326,GPATCH11
mutation,6327,GPATCH2
mutation,6328,GPATCH2L
mutation,6329,GPATCH3
mutation,6330,GPATCH4
mutation,6331,GPATCH8
mutation,6332,GPBAR1
mutation,6333,GPBP1
mutation,6334,GPBP1L1
mutation,6335,GPC1
mutation,6336,GPC2
mutation,6337,GPC3
mutation,6338,GPC4
mutation,6339,GPC5
mutation,6340,GPC6
mutation,6341,GPCPD1
mutation,6342,GPD1
mutation,6343,GPD1L
mutation,6344,GPD2
mutation,6345,GPER1
mutation,6346,GPHA2
mutation,6347,GPHB5
mutation,6348,GPHN
mutation,6349,GPI
mutation,6350,GPIHBP1
mutation,6351,GPKOW
mutation,6352,GPLD1
mutation,6353,GPM6A
mutation,6354,GPM6B
mutation,6355,GPN1
mutation,6356,GPN2
mutation,6357,GPN3
mutation,6358,GPNMB
mutation,6359,GPR1
mutation,6360,GPR101
mutation,6361,GPR107
mutation,6362,GPR108
mutation,6363,GPR119
mutation,6364,GPR12
mutation,6365,GPR132
mutation,6366,GPR135
mutation,6367,GPR137
mutation,6368,GPR137B
mutation,6369,GPR137C
mutation,6370,GPR139
mutation,6371,GPR141
mutation,6372,GPR142
mutation,6373,GPR143
mutation,6374,GPR146
mutation,6375,GPR148
mutation,6376,GPR149
mutation,6377,GPR15
mutation,6378,GPR150
mutation,6379,GPR151
mutation,6380,GPR152
mutation,6381,GPR153
mutation,6382,GPR155
mutation,6383,GPR156
mutation,6384,GPR157
mutation,6385,GPR158
mutation,6386,GPR160
mutation,6387,GPR161
mutation,6388,GPR162
mutation,6389,GPR17
mutation,6390,GPR171
mutation,6391,GPR173
mutation,6392,GPR174
mutation,6393,GPR176
mutation,6394,GPR179
mutation,6395,GPR18
mutation,6396,GPR180
mutation,6397,GPR182
mutation,6398,GPR183
mutation,6399,GPR19
mutation,6400,GPR20
mutation,6401,GPR22
mutation,6402,GPR25
mutation,6403,GPR26
mutation,6404,GPR27
mutation,6405,GPR3
mutation,6406,GPR31
mutation,6407,GPR32
mutation,6408,GPR33
mutation,6409,GPR34
mutation,6410,GPR35
mutation,6411,GPR37
mutation,6412,GPR37L1
mutation,6413,GPR39
mutation,6414,GPR4
mutation,6415,GPR42
mutation,6416,GPR45
mutation,6417,GPR50
mutation,6418,GPR52
mutation,6419,GPR55
mutation,6420,GPR6
mutation,6421,GPR61
mutation,6422,GPR62
mutation,6423,GPR63
mutation,6424,GPR65
mutation,6425,GPR68
mutation,6426,GPR75
mutation,6427,GPR78
mutation,6428,GPR82
mutation,6429,GPR83
mutation,6430,GPR84
mutation,6431,GPR85
mutation,6432,GPR87
mutation,6433,GPR88
mutation,6434,GPR89A
mutation,6435,GPR89B
mutation,6436,GPRASP1
mutation,6437,GPRASP2
mutation,6438,GPRC5A
mutation,6439,GPRC5B
mutation,6440,GPRC5C
mutation,6441,GPRC5D
mutation,6442,GPRC6A
mutation,6443,GPRIN1
mutation,6444,GPRIN2
mutation,6445,GPRIN3
mutation,6446,GPS1
mutation,6447,GPS2
mutation,6448,GPSM1
mutation,6449,GPSM2
mutation,6450,GPSM3
mutation,6451,GPT
mutation,6452,GPT2
mutation,6453,GPX1
mutation,6454,GPX2
mutation,6455,GPX3
mutation,6456,GPX4
mutation,6457,GPX5
mutation,6458,GPX6
mutation,6459,GPX7
mutation,6460,GPX8
mutation,6461,GRAMD1A
mutation,6462,GRAMD1B
mutation,6463,GRAMD1C
mutation,6464,GRAMD2A
mutation,6465,GRAMD2B
mutation,6466,GRAMD4
mutation,6467,GRAP
mutation,6468,GRAP2
mutation,6469,GRB10
mutation,6470,GRB14
mutation,6471,GRB2
mutation,6472,GRB7
mutation,6473,GREB1
mutation,6474,GREB1L
mutation,6475,GREM1
mutation,6476,GREM2
mutation,6477,GRHL1
mutation,6478,GRHL2
mutation,6479,GRHL3
mutation,6480,GRHPR
mutation,6481,GRIA1
mutation,6482,GRIA2
mutation,6483,GRIA3
mutation,6484,GRIA4
mutation,6485,GRID1
mutation,6486,GRID2
mutation,6487,GRID2IP
mutation,6488,GRIFIN
mutation,6489,GRIK1
mutation,6490,GRIK2
mutation,6491,GRIK3
mutation,6492,GRIK4
mutation,6493,GRIK5
mutation,6494,GRIN1
mutation,6495,GRIN2A
mutation,6496,GRIN2B
mutation,6497,GRIN2C
mutation,6498,GRIN2D
mutation,6499,GRIN3A
mutation,6500,GRIN3B
mutation,6501,GRINA
mutation,6502,GRIP1
mutation,6503,GRIP2
mutation,6504,GRIPAP1
mutation,6505,GRK1
mutation,6506,GRK2
mutation,6507,GRK3
mutation,6508,GRK4
mutation,6509,GRK5
mutation,6510,GRK6
mutation,6511,GRK7
mutation,6512,GRM1
mutation,6513,GRM2
mutation,6514,GRM3
mutation,6515,GRM4
mutation,6516,GRM5
mutation,6517,GRM6
mutation,6518,GRM7
mutation,6519,GRM8
mutation,6520,GRN
mutation,6521,GRP
mutation,6522,GRPEL1
mutation,6523,GRPEL2
mutation,6524,GRPR
mutation,6525,GRSF1
mutation,6526,GRTP1
mutation,6527,GRWD1
mutation,6528,GRXCR1
mutation,6529,GRXCR2
mutation,6530,GSAP
mutation,6531,GSC
mutation,6532,GSC2
mutation,6533,GSDMA
mutation,6534,GSDMB
mutation,6535,GSDMC
mutation,6536,GSDMD
mutation,6537,GSDME
mutation,6538,GSE1
mutation,6539,GSG1
mutation,6540,GSG1L
mutation,6541,GSG1L2
mutation,6542,GSK3A
mutation,6543,GSK3B
mutation,6544,GSKIP
mutation,6545,GSN
mutation,6546,GSPT1
mutation,6547,GSPT2
mutation,6548,GSR
mutation,6549,GSS
mutation,6550,GSTA1
mutation,6551,GSTA2
mutation,6552,GSTA3
mutation,6553,GSTA4
mutation,6554,GSTA5
mutation,6555,GSTCD
mutation,6556,GSTK1
mutation,6557,GSTM1
mutation,6558,GSTM2
mutation,6559,GSTM3
mutation,6560,GSTM4
mutation,6561,GSTM5
mutation,6562,GSTO1
mutation,6563,GSTO2
mutation,6564,GSTP1
mutation,6565,GSTT2B
mutation,6566,GSTT4
mutation,6567,GSTZ1
mutation,6568,GSX1
mutation,6569,GSX2
mutation,6570,GTDC1
mutation,6571,GTF2A1
mutation,6572,GTF2A2
mutation,6573,GTF2B
mutation,6574,GTF2E1
mutation,6575,GTF2E2
mutation,6576,GTF2F1
mutation,6577,GTF2F2
mutation,6578,GTF2H1
mutation,6579,GTF2H2
mutation,6580,GTF2H2C
mutation,6581,GTF2H3
mutation,6582,GTF2H4
mutation,6583,GTF2H5
mutation,6584,GTF2I
mutation,6585,GTF2IRD1
mutation,6586,GTF2IRD2
mutation,6587,GTF2IRD2B
mutation,6588,GTF3A
mutation,6589,GTF3C1
mutation,6590,GTF3C2
mutation,6591,GTF3C3
mutation,6592,GTF3C4
mutation,6593,GTF3C5
mutation,6594,GTF3C6
mutation,6595,GTPBP1
mutation,6596,GTPBP10
mutation,6597,GTPBP2
mutation,6598,GTPBP3
mutation,6599,GTPBP4
mutation,6600,GTPBP6
mutation,6601,GTPBP8
mutation,6602,GTSE1
mutation,6603,GTSF1
mutation,6604,GTSF1L
mutation,6605,GUCA1B
mutation,6606,GUCA1C
mutation,6607,GUCA2A
mutation,6608,GUCA2B
mutation,6609,GUCD1
mutation,6610,GUCY1A1
mutation,6611,GUCY1A2
mutation,6612,GUCY1B1
mutation,6613,GUCY2C
mutation,6614,GUCY2D
mutation,6615,GUCY2F
mutation,6616,GUF1
mutation,6617,GUK1
mutation,6618,GULP1
mutation,6619,GUSB
mutation,6620,GVQW3
mutation,6621,GXYLT1
mutation,6622,GXYLT2
mutation,6623,GYG1
mutation,6624,GYG2
mutation,6625,GYPA
mutation,6626,GYPB
mutation,6627,GYPC
mutation,6628,GYPE
mutation,6629,GYS1
mutation,6630,GYS2
mutation,6631,GZF1
mutation,6632,GZMA
mutation,6633,GZMB
mutation,6634,GZMH
mutation,6635,GZMK
mutation,6636,GZMM
mutation,6637,H1-0
mutation,6638,H1-1
mutation,6639,H1-10
mutation,6640,H1-2
mutation,6641,H1-3
mutation,6642,H1-4
mutation,6643,H1-5
mutation,6644,H1-6
mutation,6645,H1-7
mutation,6646,H1-8
mutation,6647,H2AB1
mutation,6648,H2AC1
mutation,6649,H2AC11
mutation,6650,H2AC12
mutation,6651,H2AC13
mutation,6652,H2AC14
mutation,6653,H2AC15
mutation,6654,H2AC16
mutation,6655,H2AC17
mutation,6656,H2AC20
mutation,6657,H2AC21
mutation,6658,H2AC4
mutation,6659,H2AC6
mutation,6660,H2AC7
mutation,6661,H2AC8
mutation,6662,H2AJ
mutation,6663,H2AP
mutation,6664,H2AW
mutation,6665,H2AX
mutation,6666,H2AZ1
mutation,6667,H2AZ2
mutation,6668,H2BC1
mutation,6669,H2BC10
mutation,6670,H2BC11
mutation,6671,H2BC12
mutation,6672,H2BC13
mutation,6673,H2BC14
mutation,6674,H2BC15
mutation,6675,H2BC17
mutation,6676,H2BC18
mutation,6677,H2BC21
mutation,6678,H2BC3
mutation,6679,H2BC4
mutation,6680,H2BC5
mutation,6681,H2BC6
mutation,6682,H2BC7
mutation,6683,H2BC8
mutation,6684,H2BC9
mutation,6685,H2BU1
mutation,6686,H2BW1
mutation,6687,H2BW2
mutation,6688,H3-2
mutation,6689,H3-3A
mutation,6690,H3-3B
mutation,6691,H3-4
mutation,6692,H3-5
mutation,6693,H3C1
mutation,6694,H3C10
mutation,6695,H3C11
mutation,6696,H3C12
mutation,6697,H3C13
mutation,6698,H3C2
mutation,6699,H3C3
mutation,6700,H3C4
mutation,6701,H3C6
mutation,6702,H3C7
mutation,6703,H3C8
mutation,6704,H4-16
mutation,6705,H4C1
mutation,6706,H4C11
mutation,6707,H4C12
mutation,6708,H4C13
mutation,6709,H4C2
mutation,6710,H4C3
mutation,6711,H4C4
mutation,6712,H4C5
mutation,6713,H4C6
mutation,6714,H4C7
mutation,6715,H4C8
mutation,6716,H4C9
mutation,6717,H6PD
mutation,6718,HAAO
mutation,6719,HABP2
mutation,6720,HABP4
mutation,6721,HACD1
mutation,6722,HACD2
mutation,6723,HACD3
mutation,6724,HACD4
mutation,6725,HACE1
mutation,6726,HACL1
mutation,6727,HADH
mutation,6728,HADHA
mutation,6729,HADHB
mutation,6730,HAGH
mutation,6731,HAGHL
mutation,6732,HAL
mutation,6733,HAMP
mutation,6734,HAND1
mutation,6735,HAND2
mutation,6736,HAO1
mutation,6737,HAO2
mutation,6738,HAP1
mutation,6739,HAPLN1
mutation,6740,HAPLN2
mutation,6741,HAPLN3
mutation,6742,HAPLN4
mutation,6743,HARBI1
mutation,6744,HARS1
mutation,6745,HARS2
mutation,6746,HAS1
mutation,6747,HAS2
mutation,6748,HAS3
mutation,6749,HASPIN
mutation,6750,HAT1
mutation,6751,HAUS1
mutation,6752,HAUS2
mutation,6753,HAUS3
mutation,6754,HAUS4
mutation,6755,HAUS5
mutation,6756,HAUS6
mutation,6757,HAUS7
mutation,6758,HAUS8
mutation,6759,HAVCR1
mutation,6760,HAVCR2
mutation,6761,HAX1
mutation,6762,HBA1
mutation,6763,HBA2
mutation,6764,HBB
mutation,6765,HBD
mutation,6766,HBE1
mutation,6767,HBEGF
mutation,6768,HBG1
mutation,6769,HBG2
mutation,6770,HBM
mutation,6771,HBP1
mutation,6772,HBQ1
mutation,6773,HBS1L
mutation,6774,HBZ
mutation,6775,HCAR1
mutation,6776,HCAR2
mutation,6777,HCAR3
mutation,6778,HCCS
mutation,6779,HCFC1
mutation,6780,HCFC1R1
mutation,6781,HCFC2
mutation,6782,HCK
mutation,6783,HCLS1
mutation,6784,HCN1
mutation,6785,HCN2
mutation,6786,HCN3
mutation,6787,HCN4
mutation,6788,HCRT
mutation,6789,HCRTR1
mutation,6790,HCRTR2
mutation,6791,HCST
mutation,6792,HDAC1
mutation,6793,HDAC10
mutation,6794,HDAC11
mutation,6795,HDAC2
mutation,6796,HDAC3
mutation,6797,HDAC4
mutation,6798,HDAC5
mutation,6799,HDAC6
mutation,6800,HDAC7
mutation,6801,HDAC8
mutation,6802,HDAC9
mutation,6803,HDC
mutation,6804,HDDC2
mutation,6805,HDDC3
mutation,6806,HDGF
mutation,6807,HDGFL1
mutation,6808,HDGFL2
mutation,6809,HDGFL3
mutation,6810,HDHD2
mutation,6811,HDHD3
mutation,6812,HDHD5
mutation,6813,HDLBP
mutation,6814,HDX
mutation,6815,HEATR1
mutation,6816,HEATR3
mutation,6817,HEATR4
mutation,6818,HEATR5A
mutation,6819,HEATR5B
mutation,6820,HEATR6
mutation,6821,HEATR9
mutation,6822,HEBP1
mutation,6823,HEBP2
mutation,6824,HECA
mutation,6825,HECTD1
mutation,6826,HECTD2
mutation,6827,HECTD3
mutation,6828,HECTD4
mutation,6829,HECW1
mutation,6830,HECW2
mutation,6831,HEG1
mutation,6832,HELB
mutation,6833,HELLS
mutation,6834,HELQ
mutation,6835,HELT
mutation,6836,HELZ
mutation,6837,HELZ2
mutation,6838,HEMGN
mutation,6839,HEMK1
mutation,6840,HENMT1
mutation,6841,HEPACAM
mutation,6842,HEPACAM2
mutation,6843,HEPH
mutation,6844,HEPHL1
mutation,6845,HERC1
mutation,6846,HERC2
mutation,6847,HERC3
mutation,6848,HERC4
mutation,6849,HERC5
mutation,6850,HERC6
mutation,6851,HERPUD1
mutation,6852,HERPUD2
mutation,6853,HES1
mutation,6854,HES2
mutation,6855,HES3
mutation,6856,HES4
mutation,6857,HES5
mutation,6858,HES6
mutation,6859,HES7
mutation,6860,HESX1
mutation,6861,HEXA
mutation,6862,HEXB
mutation,6863,HEXD
mutation,6864,HEXIM1
mutation,6865,HEXIM2
mutation,6866,HEY1
mutation,6867,HEY2
mutation,6868,HEYL
mutation,6869,HFE
mutation,6870,HFM1
mutation,6871,HGD
mutation,6872,HGF
mutation,6873,HGFAC
mutation,6874,HGH1
mutation,6875,HGS
mutation,6876,HGSNAT
mutation,6877,HHAT
mutation,6878,HHATL
mutation,6879,HHEX
mutation,6880,HHIP
mutation,6881,HHIPL1
mutation,6882,HHIPL2
mutation,6883,HHLA1
mutation,6884,HHLA2
mutation,6885,HHLA3
mutation,6886,HIBADH
mutation,6887,HIBCH
mutation,6888,HIC1
mutation,6889,HIC2
mutation,6890,HID1
mutation,6891,HIF1A
mutation,6892,HIF1AN
mutation,6893,HIF3A
mutation,6894,HIGD1A
mutation,6895,HIGD1B
mutation,6896,HIGD1C
mutation,6897,HIGD2A
mutation,6898,HIGD2B
mutation,6899,HIKESHI
mutation,6900,HILPDA
mutation,6901,HINFP
mutation,6902,HINT1
mutation,6903,HINT2
mutation,6904,HINT3
mutation,6905,HIP1
mutation,6906,HIP1R
mutation,6907,HIPK1
mutation,6908,HIPK2
mutation,6909,HIPK3
mutation,6910,HIPK4
mutation,6911,HIRA
mutation,6912,HIRIP3
mutation,6913,HIVEP1
mutation,6914,HIVEP2
mutation,6915,HIVEP3
mutation,6916,HJURP
mutation,6917,HJV
mutation,6918,HK1
mutation,6919,HK2
mutation,6920,HK3
mutation,6921,HKDC1
mutation,6922,HLA-A
mutation,6923,HLA-B
mutation,6924,HLA-C
mutation,6925,HLA-DMA
mutation,6926,HLA-DMB
mutation,6927,HLA-DOA
mutation,6928,HLA-DOB
mutation,6929,HLA-DPA1
mutation,6930,HLA-DPB1
mutation,6931,HLA-DQA1
mutation,6932,HLA-DQA2
mutation,6933,HLA-DQB1
mutation,6934,HLA-DQB2
mutation,6935,HLA-DRA
mutation,6936,HLA-DRB1
mutation,6937,HLA-DRB5
mutation,6938,HLA-E
mutation,6939,HLA-F
mutation,6940,HLA-G
mutation,6941,HLCS
mutation,6942,HLF
mutation,6943,HLTF
mutation,6944,HLX
mutation,6945,HM13
mutation,6946,HMBOX1
mutation,6947,HMBS
mutation,6948,HMCES
mutation,6949,HMCN1
mutation,6950,HMCN2
mutation,6951,HMG20A
mutation,6952,HMG20B
mutation,6953,HMGA1
mutation,6954,HMGA2
mutation,6955,HMGB1
mutation,6956,HMGB2
mutation,6957,HMGB3
mutation,6958,HMGB4
mutation,6959,HMGCL
mutation,6960,HMGCLL1
mutation,6961,HMGCR
mutation,6962,HMGCS1
mutation,6963,HMGCS2
mutation,6964,HMGN1
mutation,6965,HMGN2
mutation,6966,HMGN3
mutation,6967,HMGN4
mutation,6968,HMGN5
mutation,6969,HMGXB3
mutation,6970,HMGXB4
mutation,6971,HMHB1
mutation,6972,HMMR
mutation,6973,HMOX1
mutation,6974,HMOX2
mutation,6975,HMSD
mutation,6976,HMX1
mutation,6977,HMX2
mutation,6978,HMX3
mutation,6979,HNF1A
mutation,6980,HNF1B
mutation,6981,HNF4A
mutation,6982,HNF4G
mutation,6983,HNMT
mutation,6984,HNRNPA0
mutation,6985,HNRNPA1
mutation,6986,HNRNPA1L2
mutation,6987,HNRNPA1P48
mutation,6988,HNRNPA2B1
mutation,6989,HNRNPA3
mutation,6990,HNRNPAB
mutation,6991,HNRNPC
mutation,6992,HNRNPCL1
mutation,6993,HNRNPCL2
mutation,6994,HNRNPCL3
mutation,6995,HNRNPD
mutation,6996,HNRNPDL
mutation,6997,HNRNPF
mutation,6998,HNRNPH1
mutation,6999,HNRNPH2
mutation,7000,HNRNPH3
mutation,7001,HNRNPK
mutation,7002,HNRNPL
mutation,7003,HNRNPLL
mutation,7004,HNRNPM
mutation,7005,HNRNPR
mutation,7006,HNRNPU
mutation,7007,HNRNPUL1
mutation,7008,HNRNPUL2
mutation,7009,HOATZ
mutation,7010,HOGA1
mutation,7011,HOMER1
mutation,7012,HOMER2
mutation,7013,HOMER3
mutation,7014,HOMEZ
mutation,7015,HOOK1
mutation,7016,HOOK2
mutation,7017,HOOK3
mutation,7018,HOPX
mutation,7019,HORMAD1
mutation,7020,HORMAD2
mutation,7021,HOXA1
mutation,7022,HOXA10
mutation,7023,HOXA11
mutation,7024,HOXA13
mutation,7025,HOXA2
mutation,7026,HOXA3
mutation,7027,HOXA4
mutation,7028,HOXA5
mutation,7029,HOXA6
mutation,7030,HOXA7
mutation,7031,HOXA9
mutation,7032,HOXB1
mutation,7033,HOXB13
mutation,7034,HOXB2
mutation,7035,HOXB3
mutation,7036,HOXB4
mutation,7037,HOXB5
mutation,7038,HOXB6
mutation,7039,HOXB7
mutation,7040,HOXB8
mutation,7041,HOXB9
mutation,7042,HOXC10
mutation,7043,HOXC11
mutation,7044,HOXC12
mutation,7045,HOXC13
mutation,7046,HOXC4
mutation,7047,HOXC5
mutation,7048,HOXC6
mutation,7049,HOXC8
mutation,7050,HOXC9
mutation,7051,HOXD1
mutation,7052,HOXD10
mutation,7053,HOXD11
mutation,7054,HOXD12
mutation,7055,HOXD13
mutation,7056,HOXD3
mutation,7057,HOXD4
mutation,7058,HOXD8
mutation,7059,HOXD9
mutation,7060,HP
mutation,7061,HP1BP3
mutation,7062,HPCA
mutation,7063,HPCAL1
mutation,7064,HPCAL4
mutation,7065,HPD
mutation,7066,HPDL
mutation,7067,HPF1
mutation,7068,HPGD
mutation,7069,HPGDS
mutation,7070,HPN
mutation,7071,HPR
mutation,7072,HPRT1
mutation,7073,HPS1
mutation,7074,HPS3
mutation,7075,HPS4
mutation,7076,HPS5
mutation,7077,HPS6
mutation,7078,HPSE
mutation,7079,HPSE2
mutation,7080,HPX
mutation,7081,HR
mutation,7082,HRAS
mutation,7083,HRC
mutation,7084,HRCT1
mutation,7085,HRG
mutation,7086,HRH1
mutation,7087,HRH2
mutation,7088,HRH3
mutation,7089,HRH4
mutation,7090,HRNR
mutation,7091,HROB
mutation,7092,HS1BP3
mutation,7093,HS2ST1
mutation,7094,HS3ST1
mutation,7095,HS3ST2
mutation,7096,HS3ST3A1
mutation,7097,HS3ST3B1
mutation,7098,HS3ST4
mutation,7099,HS3ST5
mutation,7100,HS3ST6
mutation,7101,HS6ST1
mutation,7102,HS6ST2
mutation,7103,HS6ST3
mutation,7104,HSBP1
mutation,7105,HSCB
mutation,7106,HSD11B1
mutation,7107,HSD11B1L
mutation,7108,HSD11B2
mutation,7109,HSD17B1
mutation,7110,HSD17B10
mutation,7111,HSD17B11
mutation,7112,HSD17B12
mutation,7113,HSD17B13
mutation,7114,HSD17B14
mutation,7115,HSD17B2
mutation,7116,HSD17B3
mutation,7117,HSD17B4
mutation,7118,HSD17B6
mutation,7119,HSD17B7
mutation,7120,HSD17B8
mutation,7121,HSD3B1
mutation,7122,HSD3B2
mutation,7123,HSD3B7
mutation,7124,HSDL1
mutation,7125,HSDL2
mutation,7126,HSF1
mutation,7127,HSF2
mutation,7128,HSF2BP
mutation,7129,HSF4
mutation,7130,HSF5
mutation,7131,HSFX1
mutation,7132,HSFX2
mutation,7133,HSFX4
mutation,7134,HSH2D
mutation,7135,HSP90AA1
mutation,7136,HSP90AB1
mutation,7137,HSP90B1
mutation,7138,HSPA12A
mutation,7139,HSPA12B
mutation,7140,HSPA13
mutation,7141,HSPA14
mutation,7142,HSPA1A
mutation,7143,HSPA1B
mutation,7144,HSPA1L
mutation,7145,HSPA2
mutation,7146,HSPA4
mutation,7147,HSPA4L
mutation,7148,HSPA5
mutation,7149,HSPA6
mutation,7150,HSPA8
mutation,7151,HSPA9
mutation,7152,HSPB1
mutation,7153,HSPB11
mutation,7154,HSPB2
mutation,7155,HSPB3
mutation,7156,HSPB6
mutation,7157,HSPB7
mutation,7158,HSPB8
mutation,7159,HSPB9
mutation,7160,HSPBAP1
mutation,7161,HSPBP1
mutation,7162,HSPD1
mutation,7163,HSPE1
mutation,7164,HSPG2
mutation,7165,HSPH1
mutation,7166,HTATIP2
mutation,7167,HTATSF1
mutation,7168,HTD2
mutation,7169,HTN1
mutation,7170,HTN3
mutation,7171,HTR1A
mutation,7172,HTR1B
mutation,7173,HTR1D
mutation,7174,HTR1E
mutation,7175,HTR1F
mutation,7176,HTR2A
mutation,7177,HTR2B
mutation,7178,HTR2C
mutation,7179,HTR3A
mutation,7180,HTR3B
mutation,7181,HTR3C
mutation,7182,HTR3D
mutation,7183,HTR3E
mutation,7184,HTR4
mutation,7185,HTR5A
mutation,7186,HTR6
mutation,7187,HTR7
mutation,7188,HTRA1
mutation,7189,HTRA2
mutation,7190,HTRA3
mutation,7191,HTRA4
mutation,7192,HTT
mutation,7193,HUNK
mutation,7194,HUS1
mutation,7195,HUS1B
mutation,7196,HUWE1
mutation,7197,HVCN1
mutation,7198,HYAL1
mutation,7199,HYAL2
mutation,7200,HYAL3
mutation,7201,HYAL4
mutation,7202,HYDIN
mutation,7203,HYKK
mutation,7204,HYLS1
mutation,7205,HYOU1
mutation,7206,HYPK
mutation,7207,IAH1
mutation,7208,IAPP
mutation,7209,IARS1
mutation,7210,IARS2
mutation,7211,IBA57
mutation,7212,IBSP
mutation,7213,IBTK
mutation,7214,ICA1
mutation,7215,ICA1L
mutation,7216,ICAM1
mutation,7217,ICAM2
mutation,7218,ICAM3
mutation,7219,ICAM4
mutation,7220,ICAM5
mutation,7221,ICE1
mutation,7222,ICE2
mutation,7223,ICMT
mutation,7224,ICOS
mutation,7225,ICOSLG
mutation,7226,ID1
mutation,7227,ID2
mutation,7228,ID3
mutation,7229,ID4
mutation,7230,IDE
mutation,7231,IDH1
mutation,7232,IDH2
mutation,7233,IDH3A
mutation,7234,IDH3B
mutation,7235,IDH3G
mutation,7236,IDI1
mutation,7237,IDI2
mutation,7238,IDNK
mutation,7239,IDO1
mutation,7240,IDO2
mutation,7241,IDS
mutation,7242,IDUA
mutation,7243,IER2
mutation,7244,IER3
mutation,7245,IER3IP1
mutation,7246,IER5
mutation,7247,IER5L
mutation,7248,IFFO1
mutation,7249,IFFO2
mutation,7250,IFI16
mutation,7251,IFI27
mutation,7252,IFI27L1
mutation,7253,IFI27L2
mutation,7254,IFI30
mutation,7255,IFI35
mutation,7256,IFI44
mutation,7257,IFI44L
mutation,7258,IFI6
mutation,7259,IFIH1
mutation,7260,IFIT1
mutation,7261,IFIT1B
mutation,7262,IFIT2
mutation,7263,IFIT3
mutation,7264,IFIT5
mutation,7265,IFITM1
mutation,7266,IFITM10
mutation,7267,IFITM2
mutation,7268,IFITM3
mutation,7269,IFITM5
mutation,7270,IFNA1
mutation,7271,IFNA10
mutation,7272,IFNA13
mutation,7273,IFNA14
mutation,7274,IFNA16
mutation,7275,IFNA17
mutation,7276,IFNA2
mutation,7277,IFNA21
mutation,7278,IFNA4
mutation,7279,IFNA5
mutation,7280,IFNA6
mutation,7281,IFNA7
mutation,7282,IFNA8
mutation,7283,IFNAR1
mutation,7284,IFNAR2
mutation,7285,IFNB1
mutation,7286,IFNE
mutation,7287,IFNG
mutation,7288,IFNGR1
mutation,7289,IFNGR2
mutation,7290,IFNK
mutation,7291,IFNL1
mutation,7292,IFNL2
mutation,7293,IFNL3
mutation,7294,IFNLR1
mutation,7295,IFNW1
mutation,7296,IFRD1
mutation,7297,IFRD2
mutation,7298,IFT122
mutation,7299,IFT140
mutation,7300,IFT172
mutation,7301,IFT20
mutation,7302,IFT22
mutation,7303,IFT27
mutation,7304,IFT43
mutation,7305,IFT46
mutation,7306,IFT52
mutation,7307,IFT57
mutation,7308,IFT74
mutation,7309,IFT80
mutation,7310,IFT81
mutation,7311,IFT88
mutation,7312,IFTAP
mutation,7313,IGBP1
mutation,7314,IGDCC3
mutation,7315,IGDCC4
mutation,7316,IGF1
mutation,7317,IGF1R
mutation,7318,IGF2
mutation,7319,IGF2BP1
mutation,7320,IGF2BP2
mutation,7321,IGF2BP3
mutation,7322,IGF2R
mutation,7323,IGFALS
mutation,7324,IGFBP1
mutation,7325,IGFBP2
mutation,7326,IGFBP3
mutation,7327,IGFBP4
mutation,7328,IGFBP5
mutation,7329,IGFBP6
mutation,7330,IGFBP7
mutation,7331,IGFBPL1
mutation,7332,IGFL1
mutation,7333,IGFL2
mutation,7334,IGFL3
mutation,7335,IGFL4
mutation,7336,IGFLR1
mutation,7337,IGFN1
mutation,7338,IGHD
mutation,7339,IGHMBP2
mutation,7340,IGHV3-72
mutation,7341,IGHV3OR16-9
mutation,7342,IGIP
mutation,7343,IGKV1-33
mutation,7344,IGLL1
mutation,7345,IGLL5
mutation,7346,IGLON5
mutation,7347,IGLV10-54
mutation,7348,IGSF1
mutation,7349,IGSF10
mutation,7350,IGSF11
mutation,7351,IGSF21
mutation,7352,IGSF22
mutation,7353,IGSF23
mutation,7354,IGSF3
mutation,7355,IGSF5
mutation,7356,IGSF6
mutation,7357,IGSF8
mutation,7358,IGSF9
mutation,7359,IGSF9B
mutation,7360,IHH
mutation,7361,IHO1
mutation,7362,IK
mutation,7363,IKBIP
mutation,7364,IKBKB
mutation,7365,IKBKE
mutation,7366,IKBKG
mutation,7367,IKZF1
mutation,7368,IKZF2
mutation,7369,IKZF3
mutation,7370,IKZF4
mutation,7371,IKZF5
mutation,7372,IL10
mutation,7373,IL10RA
mutation,7374,IL10RB
mutation,7375,IL11
mutation,7376,IL11RA
mutation,7377,IL12A
mutation,7378,IL12B
mutation,7379,IL12RB1
mutation,7380,IL12RB2
mutation,7381,IL13
mutation,7382,IL13RA1
mutation,7383,IL13RA2
mutation,7384,IL15
mutation,7385,IL15RA
mutation,7386,IL16
mutation,7387,IL17A
mutation,7388,IL17B
mutation,7389,IL17C
mutation,7390,IL17D
mutation,7391,IL17F
mutation,7392,IL17RA
mutation,7393,IL17RB
mutation,7394,IL17RC
mutation,7395,IL17RD
mutation,7396,IL17RE
mutation,7397,IL17REL
mutation,7398,IL18
mutation,7399,IL18BP
mutation,7400,IL18R1
mutation,7401,IL18RAP
mutation,7402,IL19
mutation,7403,IL1A
mutation,7404,IL1B
mutation,7405,IL1F10
mutation,7406,IL1R1
mutation,7407,IL1R2
mutation,7408,IL1RAP
mutation,7409,IL1RAPL1
mutation,7410,IL1RAPL2
mutation,7411,IL1RL1
mutation,7412,IL1RL2
mutation,7413,IL1RN
mutation,7414,IL2
mutation,7415,IL20
mutation,7416,IL20RA
mutation,7417,IL20RB
mutation,7418,IL21
mutation,7419,IL21R
mutation,7420,IL22
mutation,7421,IL22RA1
mutation,7422,IL22RA2
mutation,7423,IL23A
mutation,7424,IL23R
mutation,7425,IL24
mutation,7426,IL25
mutation,7427,IL26
mutation,7428,IL27
mutation,7429,IL27RA
mutation,7430,IL2RA
mutation,7431,IL2RB
mutation,7432,IL2RG
mutation,7433,IL3
mutation,7434,IL31
mutation,7435,IL31RA
mutation,7436,IL32
mutation,7437,IL33
mutation,7438,IL34
mutation,7439,IL36A
mutation,7440,IL36B
mutation,7441,IL36G
mutation,7442,IL36RN
mutation,7443,IL37
mutation,7444,IL3RA
mutation,7445,IL4
mutation,7446,IL4I1
mutation,7447,IL4R
mutation,7448,IL5
mutation,7449,IL5RA
mutation,7450,IL6
mutation,7451,IL6R
mutation,7452,IL6ST
mutation,7453,IL7
mutation,7454,IL7R
mutation,7455,IL9
mutation,7456,IL9R
mutation,7457,ILDR1
mutation,7458,ILDR2
mutation,7459,ILF2
mutation,7460,ILF3
mutation,7461,ILK
mutation,7462,ILKAP
mutation,7463,ILRUN
mutation,7464,ILVBL
mutation,7465,IMMP1L
mutation,7466,IMMP2L
mutation,7467,IMMT
mutation,7468,IMP3
mutation,7469,IMP4
mutation,7470,IMPA1
mutation,7471,IMPA2
mutation,7472,IMPACT
mutation,7473,IMPDH1
mutation,7474,IMPDH2
mutation,7475,IMPG1
mutation,7476,IMPG2
mutation,7477,INA
mutation,7478,INAFM1
mutation,7479,INAVA
mutation,7480,INCA1
mutation,7481,INCENP
mutation,7482,INF2
mutation,7483,ING1
mutation,7484,ING2
mutation,7485,ING3
mutation,7486,ING4
mutation,7487,ING5
mutation,7488,INHA
mutation,7489,INHBA
mutation,7490,INHBB
mutation,7491,INHBC
mutation,7492,INHBE
mutation,7493,INIP
mutation,7494,INKA1
mutation,7495,INKA2
mutation,7496,INMT
mutation,7497,INO80
mutation,7498,INO80B
mutation,7499,INO80C
mutation,7500,INO80D
mutation,7501,INO80E
mutation,7502,INPP1
mutation,7503,INPP4A
mutation,7504,INPP4B
mutation,7505,INPP5A
mutation,7506,INPP5B
mutation,7507,INPP5D
mutation,7508,INPP5E
mutation,7509,INPP5F
mutation,7510,INPP5J
mutation,7511,INPP5K
mutation,7512,INPPL1
mutation,7513,INS
mutation,7514,INS-IGF2
mutation,7515,INSC
mutation,7516,INSIG1
mutation,7517,INSIG2
mutation,7518,INSL3
mutation,7519,INSL4
mutation,7520,INSL5
mutation,7521,INSL6
mutation,7522,INSM1
mutation,7523,INSM2
mutation,7524,INSR
mutation,7525,INSRR
mutation,7526,INSYN1
mutation,7527,INSYN2A
mutation,7528,INSYN2B
mutation,7529,INTS1
mutation,7530,INTS10
mutation,7531,INTS11
mutation,7532,INTS12
mutation,7533,INTS13
mutation,7534,INTS14
mutation,7535,INTS2
mutation,7536,INTS3
mutation,7537,INTS4
mutation,7538,INTS5
mutation,7539,INTS6
mutation,7540,INTS6L
mutation,7541,INTS7
mutation,7542,INTS8
mutation,7543,INTS9
mutation,7544,INTU
mutation,7545,INVS
mutation,7546,IP6K1
mutation,7547,IP6K2
mutation,7548,IP6K3
mutation,7549,IPCEF1
mutation,7550,IPMK
mutation,7551,IPO11
mutation,7552,IPO13
mutation,7553,IPO4
mutation,7554,IPO5
mutation,7555,IPO7
mutation,7556,IPO8
mutation,7557,IPO9
mutation,7558,IPP
mutation,7559,IPPK
mutation,7560,IQANK1
mutation,7561,IQCA1
mutation,7562,IQCA1L
mutation,7563,IQCB1
mutation,7564,IQCC
mutation,7565,IQCD
mutation,7566,IQCE
mutation,7567,IQCF1
mutation,7568,IQCF2
mutation,7569,IQCF5
mutation,7570,IQCF6
mutation,7571,IQCG
mutation,7572,IQCH
mutation,7573,IQCJ
mutation,7574,IQCJ-SCHIP1
mutation,7575,IQCK
mutation,7576,IQCN
mutation,7577,IQGAP1
mutation,7578,IQGAP2
mutation,7579,IQGAP3
mutation,7580,IQSEC1
mutation,7581,IQSEC2
mutation,7582,IQSEC3
mutation,7583,IQUB
mutation,7584,IRAG1
mutation,7585,IRAG2
mutation,7586,IRAK1
mutation,7587,IRAK1BP1
mutation,7588,IRAK2
mutation,7589,IRAK3
mutation,7590,IRAK4
mutation,7591,IREB2
mutation,7592,IRF1
mutation,7593,IRF2
mutation,7594,IRF2BP1
mutation,7595,IRF2BP2
mutation,7596,IRF2BPL
mutation,7597,IRF3
mutation,7598,IRF4
mutation,7599,IRF5
mutation,7600,IRF6
mutation,7601,IRF7
mutation,7602,IRF8
mutation,7603,IRF9
mutation,7604,IRGC
mutation,7605,IRGQ
mutation,7606,IRS1
mutation,7607,IRS2
mutation,7608,IRS4
mutation,7609,IRX1
mutation,7610,IRX2
mutation,7611,IRX3
mutation,7612,IRX4
mutation,7613,IRX5
mutation,7614,IRX6
mutation,7615,ISCA1
mutation,7616,ISCA2
mutation,7617,ISCU
mutation,7618,ISG15
mutation,7619,ISG20
mutation,7620,ISG20L2
mutation,7621,ISL1
mutation,7622,ISL2
mutation,7623,ISLR
mutation,7624,ISLR2
mutation,7625,ISM1
mutation,7626,ISM2
mutation,7627,ISOC1
mutation,7628,ISOC2
mutation,7629,IST1
mutation,7630,ISX
mutation,7631,ISY1-RAB43
mutation,7632,ISYNA1
mutation,7633,ITCH
mutation,7634,ITFG1
mutation,7635,ITFG2
mutation,7636,ITGA1
mutation,7637,ITGA10
mutation,7638,ITGA11
mutation,7639,ITGA2
mutation,7640,ITGA2B
mutation,7641,ITGA3
mutation,7642,ITGA4
mutation,7643,ITGA5
mutation,7644,ITGA6
mutation,7645,ITGA7
mutation,7646,ITGA8
mutation,7647,ITGA9
mutation,7648,ITGAD
mutation,7649,ITGAE
mutation,7650,ITGAL
mutation,7651,ITGAM
mutation,7652,ITGAV
mutation,7653,ITGAX
mutation,7654,ITGB1
mutation,7655,ITGB1BP1
mutation,7656,ITGB1BP2
mutation,7657,ITGB2
mutation,7658,ITGB3
mutation,7659,ITGB3BP
mutation,7660,ITGB4
mutation,7661,ITGB5
mutation,7662,ITGB6
mutation,7663,ITGB7
mutation,7664,ITGB8
mutation,7665,ITGBL1
mutation,7666,ITIH1
mutation,7667,ITIH2
mutation,7668,ITIH3
mutation,7669,ITIH4
mutation,7670,ITIH5
mutation,7671,ITIH6
mutation,7672,ITK
mutation,7673,ITLN1
mutation,7674,ITLN2
mutation,7675,ITM2A
mutation,7676,ITM2B
mutation,7677,ITM2C
mutation,7678,ITPA
mutation,7679,ITPK1
mutation,7680,ITPKA
mutation,7681,ITPKB
mutation,7682,ITPKC
mutation,7683,ITPR1
mutation,7684,ITPR2
mutation,7685,ITPR3
mutation,7686,ITPRID1
mutation,7687,ITPRID2
mutation,7688,ITPRIP
mutation,7689,ITPRIPL1
mutation,7690,ITPRIPL2
mutation,7691,ITSN1
mutation,7692,ITSN2
mutation,7693,IVD
mutation,7694,IVL
mutation,7695,IVNS1ABP
mutation,7696,IWS1
mutation,7697,IYD
mutation,7698,IZUMO1
mutation,7699,IZUMO1R
mutation,7700,IZUMO2
mutation,7701,IZUMO3
mutation,7702,IZUMO4
mutation,7703,JADE1
mutation,7704,JADE2
mutation,7705,JADE3
mutation,7706,JAG1
mutation,7707,JAG2
mutation,7708,JAGN1
mutation,7709,JAK1
mutation,7710,JAK2
mutation,7711,JAK3
mutation,7712,JAKMIP1
mutation,7713,JAKMIP2
mutation,7714,JAKMIP3
mutation,7715,JAM2
mutation,7716,JAM3
mutation,7717,JAML
mutation,7718,JARID2
mutation,7719,JAZF1
mutation,7720,JCAD
mutation,7721,JCHAIN
mutation,7722,JDP2
mutation,7723,JHY
mutation,7724,JKAMP
mutation,7725,JMJD1C
mutation,7726,JMJD4
mutation,7727,JMJD6
mutation,7728,JMJD7
mutation,7729,JMJD7-PLA2G4B
mutation,7730,JMJD8
mutation,7731,JMY
mutation,7732,JOSD1
mutation,7733,JOSD2
mutation,7734,JPH1
mutation,7735,JPH2
mutation,7736,JPH3
mutation,7737,JPH4
mutation,7738,JPT1
mutation,7739,JPT2
mutation,7740,JRK
mutation,7741,JRKL
mutation,7742,JSRP1
mutation,7743,JTB
mutation,7744,JUN
mutation,7745,JUNB
mutation,7746,JUND
mutation,7747,JUP
mutation,7748,KALRN
mutation,7749,KANK1
mutation,7750,KANK2
mutation,7751,KANK3
mutation,7752,KANK4
mutation,7753,KANSL1
mutation,7754,KANSL1L
mutation,7755,KANSL2
mutation,7756,KANSL3
mutation,7757,KARS1
mutation,7758,KASH5
mutation,7759,KAT14
mutation,7760,KAT2A
mutation,7761,KAT2B
mutation,7762,KAT5
mutation,7763,KAT6A
mutation,7764,KAT6B
mutation,7765,KAT7
mutation,7766,KAT8
mutation,7767,KATNA1
mutation,7768,KATNAL1
mutation,7769,KATNAL2
mutation,7770,KATNB1
mutation,7771,KATNBL1
mutation,7772,KATNIP
mutation,7773,KAZALD1
mutation,7774,KAZN
mutation,7775,KBTBD11
mutation,7776,KBTBD12
mutation,7777,KBTBD13
mutation,7778,KBTBD2
mutation,7779,KBTBD3
mutation,7780,KBTBD4
mutation,7781,KBTBD6
mutation,7782,KBTBD7
mutation,7783,KBTBD8
mutation,7784,KCMF1
mutation,7785,KCNA1
mutation,7786,KCNA10
mutation,7787,KCNA2
mutation,7788,KCNA3
mutation,7789,KCNA4
mutation,7790,KCNA5
mutation,7791,KCNA7
mutation,7792,KCNAB1
mutation,7793,KCNAB2
mutation,7794,KCNAB3
mutation,7795,KCNB1
mutation,7796,KCNB2
mutation,7797,KCNC1
mutation,7798,KCNC2
mutation,7799,KCNC3
mutation,7800,KCNC4
mutation,7801,KCND1
mutation,7802,KCND2
mutation,7803,KCND3
mutation,7804,KCNE1
mutation,7805,KCNE1B
mutation,7806,KCNE2
mutation,7807,KCNE3
mutation,7808,KCNE4
mutation,7809,KCNE5
mutation,7810,KCNF1
mutation,7811,KCNG1
mutation,7812,KCNG2
mutation,7813,KCNG3
mutation,7814,KCNG4
mutation,7815,KCNH1
mutation,7816,KCNH2
mutation,7817,KCNH3
mutation,7818,KCNH4
mutation,7819,KCNH5
mutation,7820,KCNH6
mutation,7821,KCNH7
mutation,7822,KCNH8
mutation,7823,KCNIP1
mutation,7824,KCNIP2
mutation,7825,KCNIP3
mutation,7826,KCNIP4
mutation,7827,KCNJ1
mutation,7828,KCNJ10
mutation,7829,KCNJ11
mutation,7830,KCNJ12
mutation,7831,KCNJ13
mutation,7832,KCNJ14
mutation,7833,KCNJ15
mutation,7834,KCNJ16
mutation,7835,KCNJ18
mutation,7836,KCNJ2
mutation,7837,KCNJ3
mutation,7838,KCNJ4
mutation,7839,KCNJ5
mutation,7840,KCNJ6
mutation,7841,KCNJ8
mutation,7842,KCNJ9
mutation,7843,KCNK1
mutation,7844,KCNK10
mutation,7845,KCNK12
mutation,7846,KCNK13
mutation,7847,KCNK15
mutation,7848,KCNK16
mutation,7849,KCNK17
mutation,7850,KCNK18
mutation,7851,KCNK2
mutation,7852,KCNK3
mutation,7853,KCNK4
mutation,7854,KCNK5
mutation,7855,KCNK6
mutation,7856,KCNK7
mutation,7857,KCNK9
mutation,7858,KCNMA1
mutation,7859,KCNMB1
mutation,7860,KCNMB2
mutation,7861,KCNMB3
mutation,7862,KCNMB4
mutation,7863,KCNN1
mutation,7864,KCNN2
mutation,7865,KCNN3
mutation,7866,KCNN4
mutation,7867,KCNQ1
mutation,7868,KCNQ2
mutation,7869,KCNQ3
mutation,7870,KCNQ4
mutation,7871,KCNQ5
mutation,7872,KCNRG
mutation,7873,KCNS1
mutation,7874,KCNS2
mutation,7875,KCNS3
mutation,7876,KCNT1
mutation,7877,KCNT2
mutation,7878,KCNU1
mutation,7879,KCNV1
mutation,7880,KCNV2
mutation,7881,KCP
mutation,7882,KCTD1
mutation,7883,KCTD10
mutation,7884,KCTD11
mutation,7885,KCTD12
mutation,7886,KCTD13
mutation,7887,KCTD14
mutation,7888,KCTD15
mutation,7889,KCTD16
mutation,7890,KCTD17
mutation,7891,KCTD18
mutation,7892,KCTD19
mutation,7893,KCTD2
mutation,7894,KCTD20
mutation,7895,KCTD21
mutation,7896,KCTD3
mutation,7897,KCTD4
mutation,7898,KCTD5
mutation,7899,KCTD6
mutation,7900,KCTD7
mutation,7901,KCTD8
mutation,7902,KCTD9
mutation,7903,KDELR1
mutation,7904,KDELR2
mutation,7905,KDELR3
mutation,7906,KDF1
mutation,7907,KDM1A
mutation,7908,KDM1B
mutation,7909,KDM2A
mutation,7910,KDM2B
mutation,7911,KDM3A
mutation,7912,KDM3B
mutation,7913,KDM4A
mutation,7914,KDM4B
mutation,7915,KDM4C
mutation,7916,KDM4D
mutation,7917,KDM4E
mutation,7918,KDM4F
mutation,7919,KDM5A
mutation,7920,KDM5B
mutation,7921,KDM5C
mutation,7922,KDM5D
mutation,7923,KDM6A
mutation,7924,KDM6B
mutation,7925,KDM7A
mutation,7926,KDM8
mutation,7927,KDR
mutation,7928,KDSR
mutation,7929,KEAP1
mutation,7930,KEL
mutation,7931,KERA
mutation,7932,KHDC1
mutation,7933,KHDC1L
mutation,7934,KHDC3L
mutation,7935,KHDC4
mutation,7936,KHDRBS1
mutation,7937,KHDRBS2
mutation,7938,KHDRBS3
mutation,7939,KHK
mutation,7940,KHNYN
mutation,7941,KHSRP
mutation,7942,KIAA0040
mutation,7943,BLTP2
mutation,7944,KIAA0232
mutation,7945,KIAA0319
mutation,7946,KIAA0319L
mutation,7947,KIAA0408
mutation,7948,KIAA0513
mutation,7949,KIAA0586
mutation,7950,KIAA0753
mutation,7951,KIAA0825
mutation,7952,KIAA0895
mutation,7953,KIAA0895L
mutation,7954,KIAA0930
mutation,7955,KIAA1109
mutation,7956,KIAA1143
mutation,7957,KIAA1191
mutation,7958,KIAA1210
mutation,7959,KIAA1217
mutation,7960,KIAA1328
mutation,7961,KIAA1522
mutation,7962,KIAA1549
mutation,7963,KIAA1549L
mutation,7964,KIAA1586
mutation,7965,KIAA1614
mutation,7966,KIAA1671
mutation,7967,KIAA1755
mutation,7968,KIAA1841
mutation,7969,KIAA1958
mutation,7970,KIAA2012
mutation,7971,KIAA2013
mutation,7972,BRD10
mutation,7973,KIDINS220
mutation,7974,KIF11
mutation,7975,KIF12
mutation,7976,KIF13A
mutation,7977,KIF13B
mutation,7978,KIF14
mutation,7979,KIF15
mutation,7980,KIF16B
mutation,7981,KIF17
mutation,7982,KIF18A
mutation,7983,KIF18B
mutation,7984,KIF19
mutation,7985,KIF1A
mutation,7986,KIF1B
mutation,7987,KIF1C
mutation,7988,KIF20A
mutation,7989,KIF20B
mutation,7990,KIF21A
mutation,7991,KIF21B
mutation,7992,KIF22
mutation,7993,KIF23
mutation,7994,KIF24
mutation,7995,KIF25
mutation,7996,KIF26A
mutation,7997,KIF26B
mutation,7998,KIF27
mutation,7999,KIF2A
mutation,8000,KIF2B
mutation,8001,KIF2C
mutation,8002,KIF3A
mutation,8003,KIF3B
mutation,8004,KIF3C
mutation,8005,KIF4A
mutation,8006,KIF4B
mutation,8007,KIF5A
mutation,8008,KIF5B
mutation,8009,KIF5C
mutation,8010,KIF6
mutation,8011,KIF7
mutation,8012,KIF9
mutation,8013,KIFAP3
mutation,8014,KIFBP
mutation,8015,KIFC1
mutation,8016,KIFC2
mutation,8017,KIFC3
mutation,8018,KIN
mutation,8019,KIR2DL1
mutation,8020,KIR2DL3
mutation,8021,KIR2DL4
mutation,8022,KIR3DL1
mutation,8023,KIR3DL2
mutation,8024,KIR3DL3
mutation,8025,KIRREL1
mutation,8026,KIRREL2
mutation,8027,KIRREL3
mutation,8028,KISS1
mutation,8029,KISS1R
mutation,8030,KIT
mutation,8031,KITLG
mutation,8032,KIZ
mutation,8033,KL
mutation,8034,KLB
mutation,8035,KLC1
mutation,8036,KLC2
mutation,8037,KLC3
mutation,8038,KLC4
mutation,8039,KLF1
mutation,8040,KLF10
mutation,8041,KLF11
mutation,8042,KLF12
mutation,8043,KLF13
mutation,8044,KLF14
mutation,8045,KLF15
mutation,8046,KLF16
mutation,8047,KLF17
mutation,8048,KLF18
mutation,8049,KLF2
mutation,8050,KLF3
mutation,8051,KLF4
mutation,8052,KLF5
mutation,8053,KLF6
mutation,8054,KLF7
mutation,8055,KLF8
mutation,8056,KLF9
mutation,8057,KLHDC1
mutation,8058,KLHDC10
mutation,8059,KLHDC2
mutation,8060,KLHDC3
mutation,8061,KLHDC4
mutation,8062,KLHDC7A
mutation,8063,KLHDC8A
mutation,8064,KLHDC8B
mutation,8065,KLHDC9
mutation,8066,KLHL1
mutation,8067,KLHL10
mutation,8068,KLHL11
mutation,8069,KLHL12
mutation,8070,KLHL13
mutation,8071,KLHL14
mutation,8072,KLHL15
mutation,8073,KLHL17
mutation,8074,KLHL18
mutation,8075,KLHL2
mutation,8076,KLHL20
mutation,8077,KLHL21
mutation,8078,KLHL22
mutation,8079,KLHL23
mutation,8080,KLHL24
mutation,8081,KLHL25
mutation,8082,KLHL26
mutation,8083,KLHL28
mutation,8084,KLHL29
mutation,8085,KLHL3
mutation,8086,KLHL30
mutation,8087,KLHL31
mutation,8088,KLHL32
mutation,8089,KLHL33
mutation,8090,KLHL34
mutation,8091,KLHL35
mutation,8092,KLHL36
mutation,8093,KLHL38
mutation,8094,KLHL4
mutation,8095,KLHL40
mutation,8096,KLHL41
mutation,8097,KLHL42
mutation,8098,KLHL5
mutation,8099,KLHL6
mutation,8100,KLHL7
mutation,8101,KLHL8
mutation,8102,KLHL9
mutation,8103,KLK1
mutation,8104,KLK10
mutation,8105,KLK11
mutation,8106,KLK12
mutation,8107,KLK13
mutation,8108,KLK14
mutation,8109,KLK15
mutation,8110,KLK2
mutation,8111,KLK3
mutation,8112,KLK4
mutation,8113,KLK5
mutation,8114,KLK6
mutation,8115,KLK7
mutation,8116,KLK8
mutation,8117,KLK9
mutation,8118,KLKB1
mutation,8119,KLLN
mutation,8120,KLRB1
mutation,8121,KLRC1
mutation,8122,KLRC2
mutation,8123,KLRC3
mutation,8124,KLRC4
mutation,8125,KLRD1
mutation,8126,KLRF1
mutation,8127,KLRG1
mutation,8128,KLRG2
mutation,8129,KLRK1
mutation,8130,KMO
mutation,8131,KMT2A
mutation,8132,KMT2B
mutation,8133,KMT2C
mutation,8134,KMT2D
mutation,8135,KMT2E
mutation,8136,KMT5A
mutation,8137,KMT5B
mutation,8138,KMT5C
mutation,8139,KNCN
mutation,8140,KNDC1
mutation,8141,KNG1
mutation,8142,KNL1
mutation,8143,KNOP1
mutation,8144,KNSTRN
mutation,8145,KNTC1
mutation,8146,KPNA1
mutation,8147,KPNA2
mutation,8148,KPNA3
mutation,8149,KPNA4
mutation,8150,KPNA5
mutation,8151,KPNA6
mutation,8152,KPNA7
mutation,8153,KPNB1
mutation,8154,KPRP
mutation,8155,KPTN
mutation,8156,KRAS
mutation,8157,KRBA1
mutation,8158,KRBA2
mutation,8159,KRBOX1
mutation,8160,KRBOX4
mutation,8161,KRCC1
mutation,8162,KREMEN1
mutation,8163,KREMEN2
mutation,8164,KRI1
mutation,8165,KRIT1
mutation,8166,KRR1
mutation,8167,KRT1
mutation,8168,KRT10
mutation,8169,KRT12
mutation,8170,KRT13
mutation,8171,KRT14
mutation,8172,KRT15
mutation,8173,KRT16
mutation,8174,KRT17
mutation,8175,KRT18
mutation,8176,KRT19
mutation,8177,KRT2
mutation,8178,KRT20
mutation,8179,KRT222
mutation,8180,KRT23
mutation,8181,KRT24
mutation,8182,KRT25
mutation,8183,KRT26
mutation,8184,KRT27
mutation,8185,KRT28
mutation,8186,KRT3
mutation,8187,KRT31
mutation,8188,KRT32
mutation,8189,KRT33A
mutation,8190,KRT33B
mutation,8191,KRT34
mutation,8192,KRT35
mutation,8193,KRT36
mutation,8194,KRT37
mutation,8195,KRT38
mutation,8196,KRT39
mutation,8197,KRT4
mutation,8198,KRT40
mutation,8199,KRT5
mutation,8200,KRT6A
mutation,8201,KRT6B
mutation,8202,KRT6C
mutation,8203,KRT7
mutation,8204,KRT71
mutation,8205,KRT72
mutation,8206,KRT73
mutation,8207,KRT74
mutation,8208,KRT75
mutation,8209,KRT76
mutation,8210,KRT77
mutation,8211,KRT78
mutation,8212,KRT79
mutation,8213,KRT8
mutation,8214,KRT80
mutation,8215,KRT81
mutation,8216,KRT82
mutation,8217,KRT83
mutation,8218,KRT84
mutation,8219,KRT85
mutation,8220,KRT86
mutation,8221,KRT9
mutation,8222,KRTAP1-1
mutation,8223,KRTAP1-3
mutation,8224,KRTAP1-4
mutation,8225,KRTAP1-5
mutation,8226,KRTAP10-1
mutation,8227,KRTAP10-10
mutation,8228,KRTAP10-11
mutation,8229,KRTAP10-12
mutation,8230,KRTAP10-2
mutation,8231,KRTAP10-3
mutation,8232,KRTAP10-4
mutation,8233,KRTAP10-5
mutation,8234,KRTAP10-6
mutation,8235,KRTAP10-7
mutation,8236,KRTAP10-8
mutation,8237,KRTAP10-9
mutation,8238,KRTAP11-1
mutation,8239,KRTAP12-1
mutation,8240,KRTAP12-2
mutation,8241,KRTAP12-3
mutation,8242,KRTAP13-1
mutation,8243,KRTAP13-2
mutation,8244,KRTAP13-3
mutation,8245,KRTAP13-4
mutation,8246,KRTAP15-1
mutation,8247,KRTAP16-1
mutation,8248,KRTAP17-1
mutation,8249,KRTAP19-1
mutation,8250,KRTAP19-2
mutation,8251,KRTAP19-3
mutation,8252,KRTAP19-4
mutation,8253,KRTAP19-5
mutation,8254,KRTAP19-6
mutation,8255,KRTAP19-7
mutation,8256,KRTAP19-8
mutation,8257,KRTAP2-1
mutation,8258,KRTAP2-2
mutation,8259,KRTAP2-3
mutation,8260,KRTAP2-4
mutation,8261,KRTAP20-1
mutation,8262,KRTAP20-2
mutation,8263,KRTAP20-3
mutation,8264,KRTAP20-4
mutation,8265,KRTAP21-1
mutation,8266,KRTAP21-2
mutation,8267,KRTAP21-3
mutation,8268,KRTAP22-1
mutation,8269,KRTAP22-2
mutation,8270,KRTAP23-1
mutation,8271,KRTAP24-1
mutation,8272,KRTAP25-1
mutation,8273,KRTAP26-1
mutation,8274,KRTAP27-1
mutation,8275,KRTAP29-1
mutation,8276,KRTAP3-1
mutation,8277,KRTAP3-2
mutation,8278,KRTAP3-3
mutation,8279,KRTAP4-1
mutation,8280,KRTAP4-11
mutation,8281,KRTAP4-12
mutation,8282,KRTAP4-2
mutation,8283,KRTAP4-3
mutation,8284,KRTAP4-4
mutation,8285,KRTAP4-5
mutation,8286,KRTAP4-6
mutation,8287,KRTAP4-7
mutation,8288,KRTAP4-8
mutation,8289,KRTAP4-9
mutation,8290,KRTAP5-1
mutation,8291,KRTAP5-10
mutation,8292,KRTAP5-11
mutation,8293,KRTAP5-2
mutation,8294,KRTAP5-3
mutation,8295,KRTAP5-4
mutation,8296,KRTAP5-5
mutation,8297,KRTAP5-6
mutation,8298,KRTAP5-7
mutation,8299,KRTAP5-8
mutation,8300,KRTAP5-9
mutation,8301,KRTAP6-1
mutation,8302,KRTAP6-2
mutation,8303,KRTAP6-3
mutation,8304,KRTAP8-1
mutation,8305,KRTAP9-1
mutation,8306,KRTAP9-2
mutation,8307,KRTAP9-3
mutation,8308,KRTAP9-4
mutation,8309,KRTAP9-6
mutation,8310,KRTAP9-7
mutation,8311,KRTAP9-8
mutation,8312,KRTAP9-9
mutation,8313,KRTCAP2
mutation,8314,KRTCAP3
mutation,8315,KRTDAP
mutation,8316,KSR1
mutation,8317,KSR2
mutation,8318,KTI12
mutation,8319,KTN1
mutation,8320,KXD1
mutation,8321,KY
mutation,8322,KYAT1
mutation,8323,KYAT3
mutation,8324,KYNU
mutation,8325,L1CAM
mutation,8326,L1TD1
mutation,8327,L2HGDH
mutation,8328,L3HYPDH
mutation,8329,L3MBTL1
mutation,8330,L3MBTL2
mutation,8331,L3MBTL3
mutation,8332,L3MBTL4
mutation,8333,LACC1
mutation,8334,LACRT
mutation,8335,LACTB
mutation,8336,LACTB2
mutation,8337,LACTBL1
mutation,8338,LAD1
mutation,8339,LAG3
mutation,8340,LAGE3
mutation,8341,LAIR1
mutation,8342,LAIR2
mutation,8343,LALBA
mutation,8344,LAMA1
mutation,8345,LAMA2
mutation,8346,LAMA3
mutation,8347,LAMA4
mutation,8348,LAMA5
mutation,8349,LAMB1
mutation,8350,LAMB2
mutation,8351,LAMB3
mutation,8352,LAMB4
mutation,8353,LAMC1
mutation,8354,LAMC2
mutation,8355,LAMC3
mutation,8356,LAMP1
mutation,8357,LAMP2
mutation,8358,LAMP3
mutation,8359,LAMP5
mutation,8360,LAMTOR1
mutation,8361,LAMTOR2
mutation,8362,LAMTOR3
mutation,8363,LAMTOR4
mutation,8364,LAMTOR5
mutation,8365,LANCL1
mutation,8366,LANCL2
mutation,8367,LANCL3
mutation,8368,LAP3
mutation,8369,LAPTM4A
mutation,8370,LAPTM4B
mutation,8371,LAPTM5
mutation,8372,LARGE1
mutation,8373,LARGE2
mutation,8374,LARP1
mutation,8375,LARP1B
mutation,8376,LARP4
mutation,8377,LARP4B
mutation,8378,LARP6
mutation,8379,LARP7
mutation,8380,LARS1
mutation,8381,LARS2
mutation,8382,LAS1L
mutation,8383,LASP1
mutation,8384,LAT
mutation,8385,LAT2
mutation,8386,LATS1
mutation,8387,LATS2
mutation,8388,LAX1
mutation,8389,LAYN
mutation,8390,LBH
mutation,8391,LBHD1
mutation,8392,LBP
mutation,8393,LBR
mutation,8394,LBX1
mutation,8395,LBX2
mutation,8396,LCA5
mutation,8397,LCA5L
mutation,8398,LCAT
mutation,8399,LCE1A
mutation,8400,LCE1B
mutation,8401,LCE1C
mutation,8402,LCE1D
mutation,8403,LCE1E
mutation,8404,LCE1F
mutation,8405,LCE2A
mutation,8406,LCE2B
mutation,8407,LCE2C
mutation,8408,LCE2D
mutation,8409,LCE3A
mutation,8410,LCE3B
mutation,8411,LCE3C
mutation,8412,LCE3D
mutation,8413,LCE3E
mutation,8414,LCE4A
mutation,8415,LCE5A
mutation,8416,LCE6A
mutation,8417,LCK
mutation,8418,LCLAT1
mutation,8419,LCMT1
mutation,8420,LCMT2
mutation,8421,LCN1
mutation,8422,LCN10
mutation,8423,LCN12
mutation,8424,LCN15
mutation,8425,LCN2
mutation,8426,LCN6
mutation,8427,LCN8
mutation,8428,LCN9
mutation,8429,LCNL1
mutation,8430,LCOR
mutation,8431,LCORL
mutation,8432,LCP1
mutation,8433,LCP2
mutation,8434,LCT
mutation,8435,LCTL
mutation,8436,LDAH
mutation,8437,LDB1
mutation,8438,LDB2
mutation,8439,LDB3
mutation,8440,LDHA
mutation,8441,LDHAL6A
mutation,8442,LDHAL6B
mutation,8443,LDHB
mutation,8444,LDHC
mutation,8445,LDHD
mutation,8446,LDLR
mutation,8447,LDLRAD1
mutation,8448,LDLRAD2
mutation,8449,LDLRAD3
mutation,8450,LDLRAD4
mutation,8451,LDLRAP1
mutation,8452,LDOC1
mutation,8453,LEAP2
mutation,8454,LECT2
mutation,8455,LEF1
mutation,8456,LEFTY1
mutation,8457,LEFTY2
mutation,8458,LEKR1
mutation,8459,LELP1
mutation,8460,LEMD1
mutation,8461,LEMD2
mutation,8462,LEMD3
mutation,8463,LENEP
mutation,8464,LENG1
mutation,8465,LENG8
mutation,8466,LENG9
mutation,8467,LEO1
mutation,8468,LEP
mutation,8469,LEPR
mutation,8470,LEPROT
mutation,8471,LEPROTL1
mutation,8472,LETM1
mutation,8473,LETM2
mutation,8474,LETMD1
mutation,8475,LEUTX
mutation,8476,LEXM
mutation,8477,LFNG
mutation,8478,LGALS1
mutation,8479,LGALS12
mutation,8480,LGALS13
mutation,8481,LGALS14
mutation,8482,LGALS16
mutation,8483,LGALS2
mutation,8484,LGALS3
mutation,8485,LGALS3BP
mutation,8486,LGALS4
mutation,8487,LGALS7B
mutation,8488,LGALS8
mutation,8489,LGALS9
mutation,8490,LGALS9B
mutation,8491,LGALS9C
mutation,8492,LGALSL
mutation,8493,LGI1
mutation,8494,LGI2
mutation,8495,LGI3
mutation,8496,LGI4
mutation,8497,LGMN
mutation,8498,LGR4
mutation,8499,LGR5
mutation,8500,LGR6
mutation,8501,LGSN
mutation,8502,LHB
mutation,8503,LHCGR
mutation,8504,LHFPL1
mutation,8505,LHFPL2
mutation,8506,LHFPL3
mutation,8507,LHFPL4
mutation,8508,LHFPL5
mutation,8509,LHFPL6
mutation,8510,LHPP
mutation,8511,LHX1
mutation,8512,LHX2
mutation,8513,LHX3
mutation,8514,LHX4
mutation,8515,LHX5
mutation,8516,LHX6
mutation,8517,LHX8
mutation,8518,LHX9
mutation,8519,LIAS
mutation,8520,LIF
mutation,8521,LIFR
mutation,8522,LIG1
mutation,8523,LIG3
mutation,8524,LIG4
mutation,8525,LILRA1
mutation,8526,LILRA2
mutation,8527,LILRA4
mutation,8528,LILRA5
mutation,8529,LILRA6
mutation,8530,LILRB1
mutation,8531,LILRB2
mutation,8532,LILRB3
mutation,8533,LILRB4
mutation,8534,LILRB5
mutation,8535,LIM2
mutation,8536,LIMA1
mutation,8537,LIMCH1
mutation,8538,LIMD1
mutation,8539,LIMD2
mutation,8540,LIME1
mutation,8541,LIMK1
mutation,8542,LIMK2
mutation,8543,LIMS1
mutation,8544,LIMS2
mutation,8545,LIN28A
mutation,8546,LIN28B
mutation,8547,LIN37
mutation,8548,LIN52
mutation,8549,LIN54
mutation,8550,LIN7A
mutation,8551,LIN7B
mutation,8552,LIN7C
mutation,8553,LIN9
mutation,8554,LINC00514
mutation,8555,LINC00634
mutation,8556,LINC02203
mutation,8557,LINC02218
mutation,8558,LINC02881
mutation,8559,LINGO1
mutation,8560,LINGO2
mutation,8561,LINGO3
mutation,8562,LINGO4
mutation,8563,LINS1
mutation,8564,LIPA
mutation,8565,LIPC
mutation,8566,LIPE
mutation,8567,LIPF
mutation,8568,LIPG
mutation,8569,LIPH
mutation,8570,LIPI
mutation,8571,LIPJ
mutation,8572,LIPK
mutation,8573,LIPM
mutation,8574,LIPN
mutation,8575,LIPT1
mutation,8576,LIPT2
mutation,8577,LITAF
mutation,8578,LIX1
mutation,8579,LIX1L
mutation,8580,LKAAEAR1
mutation,8581,LLCFC1
mutation,8582,LLGL1
mutation,8583,LLGL2
mutation,8584,LLPH
mutation,8585,LMAN1
mutation,8586,LMAN1L
mutation,8587,LMAN2
mutation,8588,LMAN2L
mutation,8589,LMBR1
mutation,8590,LMBR1L
mutation,8591,LMBRD1
mutation,8592,LMBRD2
mutation,8593,LMCD1
mutation,8594,LMF1
mutation,8595,LMF2
mutation,8596,LMLN
mutation,8597,LMLN2
mutation,8598,LMNA
mutation,8599,LMNB1
mutation,8600,LMNB2
mutation,8601,LMNTD1
mutation,8602,LMNTD2
mutation,8603,LMO1
mutation,8604,LMO2
mutation,8605,LMO3
mutation,8606,LMO4
mutation,8607,LMO7
mutation,8608,LMOD1
mutation,8609,LMOD2
mutation,8610,LMOD3
mutation,8611,LMTK2
mutation,8612,LMTK3
mutation,8613,LMX1A
mutation,8614,LMX1B
mutation,8615,LNP1
mutation,8616,LNPEP
mutation,8617,LNPK
mutation,8618,LNX1
mutation,8619,LNX2
mutation,8620,LONP1
mutation,8621,LONP2
mutation,8622,LONRF1
mutation,8623,LONRF2
mutation,8624,LONRF3
mutation,8625,LORICRIN
mutation,8626,LOX
mutation,8627,LOXHD1
mutation,8628,LOXL1
mutation,8629,LOXL2
mutation,8630,LOXL3
mutation,8631,LOXL4
mutation,8632,LPA
mutation,8633,LPAR1
mutation,8634,LPAR2
mutation,8635,LPAR3
mutation,8636,LPAR4
mutation,8637,LPAR5
mutation,8638,LPAR6
mutation,8639,LPCAT1
mutation,8640,LPCAT2
mutation,8641,LPCAT3
mutation,8642,LPCAT4
mutation,8643,LPGAT1
mutation,8644,LPIN1
mutation,8645,LPIN2
mutation,8646,LPIN3
mutation,8647,LPL
mutation,8648,LPO
mutation,8649,LPP
mutation,8650,LPXN
mutation,8651,LRAT
mutation,8652,LRATD1
mutation,8653,LRATD2
mutation,8654,LRBA
mutation,8655,LRCH1
mutation,8656,LRCH2
mutation,8657,LRCH3
mutation,8658,LRCH4
mutation,8659,LRCOL1
mutation,8660,LRFN1
mutation,8661,LRFN2
mutation,8662,LRFN3
mutation,8663,LRFN4
mutation,8664,LRFN5
mutation,8665,LRG1
mutation,8666,LRGUK
mutation,8667,LRIF1
mutation,8668,LRIG1
mutation,8669,LRIG2
mutation,8670,LRIG3
mutation,8671,LRIT1
mutation,8672,LRIT2
mutation,8673,LRIT3
mutation,8674,LRMDA
mutation,8675,LRP1
mutation,8676,LRP10
mutation,8677,LRP11
mutation,8678,LRP12
mutation,8679,LRP1B
mutation,8680,LRP2
mutation,8681,LRP2BP
mutation,8682,LRP3
mutation,8683,LRP4
mutation,8684,LRP5
mutation,8685,LRP5L
mutation,8686,LRP6
mutation,8687,LRP8
mutation,8688,LRPAP1
mutation,8689,LRPPRC
mutation,8690,LRR1
mutation,8691,LRRC1
mutation,8692,LRRC10
mutation,8693,LRRC10B
mutation,8694,LRRC14
mutation,8695,LRRC14B
mutation,8696,LRRC15
mutation,8697,LRRC17
mutation,8698,LRRC18
mutation,8699,LRRC19
mutation,8700,LRRC2
mutation,8701,LRRC20
mutation,8702,LRRC23
mutation,8703,LRRC24
mutation,8704,LRRC25
mutation,8705,LRRC26
mutation,8706,LRRC27
mutation,8707,LRRC28
mutation,8708,LRRC29
mutation,8709,LRRC3
mutation,8710,LRRC30
mutation,8711,LRRC31
mutation,8712,LRRC32
mutation,8713,LRRC34
mutation,8714,LRRC36
mutation,8715,LRRC37A
mutation,8716,LRRC37A2
mutation,8717,LRRC37A3
mutation,8718,LRRC37B
mutation,8719,LRRC38
mutation,8720,LRRC39
mutation,8721,LRRC3B
mutation,8722,LRRC3C
mutation,8723,LRRC4
mutation,8724,LRRC40
mutation,8725,LRRC41
mutation,8726,LRRC42
mutation,8727,LRRC43
mutation,8728,LRRC45
mutation,8729,LRRC46
mutation,8730,LRRC47
mutation,8731,LRRC49
mutation,8732,LRRC4B
mutation,8733,LRRC4C
mutation,8734,LRRC52
mutation,8735,LRRC55
mutation,8736,LRRC56
mutation,8737,LRRC57
mutation,8738,LRRC58
mutation,8739,LRRC59
mutation,8740,LRRC6
mutation,8741,LRRC61
mutation,8742,LRRC63
mutation,8743,LRRC66
mutation,8744,LRRC69
mutation,8745,LRRC7
mutation,8746,LRRC71
mutation,8747,LRRC72
mutation,8748,LRRC73
mutation,8749,LRRC74A
mutation,8750,LRRC74B
mutation,8751,LRRC75A
mutation,8752,LRRC75B
mutation,8753,LRRC8A
mutation,8754,LRRC8B
mutation,8755,LRRC8C
mutation,8756,LRRC8D
mutation,8757,LRRC8E
mutation,8758,LRRC9
mutation,8759,LRRCC1
mutation,8760,LRRD1
mutation,8761,LRRFIP1
mutation,8762,LRRFIP2
mutation,8763,LRRIQ1
mutation,8764,LRRIQ3
mutation,8765,LRRIQ4
mutation,8766,LRRK1
mutation,8767,LRRK2
mutation,8768,LRRN1
mutation,8769,LRRN2
mutation,8770,LRRN3
mutation,8771,LRRN4
mutation,8772,LRRN4CL
mutation,8773,LRRTM1
mutation,8774,LRRTM2
mutation,8775,LRRTM3
mutation,8776,LRRTM4
mutation,8777,LRSAM1
mutation,8778,LRTM1
mutation,8779,LRTM2
mutation,8780,LRTOMT
mutation,8781,LRWD1
mutation,8782,LSAMP
mutation,8783,LSG1
mutation,8784,LSM1
mutation,8785,LSM10
mutation,8786,LSM11
mutation,8787,LSM12
mutation,8788,LSM14A
mutation,8789,LSM14B
mutation,8790,LSM2
mutation,8791,LSM3
mutation,8792,LSM4
mutation,8793,LSM5
mutation,8794,LSM6
mutation,8795,LSM7
mutation,8796,LSM8
mutation,8797,LSMEM1
mutation,8798,LSMEM2
mutation,8799,LSP1
mutation,8800,LSR
mutation,8801,LSS
mutation,8802,LST1
mutation,8803,LTA
mutation,8804,LTA4H
mutation,8805,LTB
mutation,8806,LTB4R
mutation,8807,LTB4R2
mutation,8808,LTBP1
mutation,8809,LTBP2
mutation,8810,LTBP3
mutation,8811,LTBP4
mutation,8812,LTBR
mutation,8813,LTC4S
mutation,8814,LTF
mutation,8815,LTK
mutation,8816,LTN1
mutation,8817,LTO1
mutation,8818,LTV1
mutation,8819,LUC7L
mutation,8820,LUC7L2
mutation,8821,LUC7L3
mutation,8822,LUM
mutation,8823,LURAP1
mutation,8824,LURAP1L
mutation,8825,LUZP1
mutation,8826,LUZP2
mutation,8827,LUZP4
mutation,8828,LVRN
mutation,8829,LXN
mutation,8830,LY6D
mutation,8831,LY6E
mutation,8832,LY6G5B
mutation,8833,LY6G5C
mutation,8834,LY6G6C
mutation,8835,LY6G6D
mutation,8836,LY6G6F
mutation,8837,LY6H
mutation,8838,LY6K
mutation,8839,LY6L
mutation,8840,LY75
mutation,8841,LY75-CD302
mutation,8842,LY86
mutation,8843,LY9
mutation,8844,LY96
mutation,8845,LYAR
mutation,8846,LYG1
mutation,8847,LYG2
mutation,8848,LYL1
mutation,8849,LYN
mutation,8850,LYNX1
mutation,8851,LYNX1-SLURP2
mutation,8852,LYPD1
mutation,8853,LYPD2
mutation,8854,LYPD3
mutation,8855,LYPD4
mutation,8856,LYPD5
mutation,8857,LYPD6
mutation,8858,LYPD6B
mutation,8859,LYPLA1
mutation,8860,LYPLA2
mutation,8861,LYPLAL1
mutation,8862,LYRM1
mutation,8863,LYRM2
mutation,8864,LYRM4
mutation,8865,LYRM7
mutation,8866,LYRM9
mutation,8867,LYSMD1
mutation,8868,LYSMD2
mutation,8869,LYSMD3
mutation,8870,LYSMD4
mutation,8871,LYST
mutation,8872,LYVE1
mutation,8873,LYZ
mutation,8874,LYZL1
mutation,8875,LYZL2
mutation,8876,LYZL4
mutation,8877,LYZL6
mutation,8878,LZIC
mutation,8879,LZTFL1
mutation,8880,LZTR1
mutation,8881,LZTS1
mutation,8882,LZTS2
mutation,8883,LZTS3
mutation,8884,M1AP
mutation,8885,M6PR
mutation,8886,MAB21L1
mutation,8887,MAB21L2
mutation,8888,MAB21L3
mutation,8889,MAB21L4
mutation,8890,MACC1
mutation,8891,MACF1
mutation,8892,MACIR
mutation,8893,MACO1
mutation,8894,MACROD1
mutation,8895,MACROD2
mutation,8896,MACROH2A1
mutation,8897,MACROH2A2
mutation,8898,MAD1L1
mutation,8899,MAD2L1
mutation,8900,MAD2L1BP
mutation,8901,MAD2L2
mutation,8902,MADCAM1
mutation,8903,MADD
mutation,8904,MAEA
mutation,8905,MAEL
mutation,8906,MAF
mutation,8907,MAF1
mutation,8908,MAFA
mutation,8909,MAFB
mutation,8910,MAFF
mutation,8911,MAFG
mutation,8912,MAFK
mutation,8913,MAG
mutation,8914,MAGEA1
mutation,8915,MAGEA10
mutation,8916,MAGEA11
mutation,8917,MAGEA12
mutation,8918,MAGEA3
mutation,8919,MAGEA4
mutation,8920,MAGEA6
mutation,8921,MAGEA8
mutation,8922,MAGEB1
mutation,8923,MAGEB10
mutation,8924,MAGEB16
mutation,8925,MAGEB17
mutation,8926,MAGEB18
mutation,8927,MAGEB2
mutation,8928,MAGEB3
mutation,8929,MAGEB4
mutation,8930,MAGEB5
mutation,8931,MAGEB6
mutation,8932,MAGEB6B
mutation,8933,MAGEC1
mutation,8934,MAGEC2
mutation,8935,MAGEC3
mutation,8936,MAGED1
mutation,8937,MAGED2
mutation,8938,MAGEE1
mutation,8939,MAGEE2
mutation,8940,MAGEF1
mutation,8941,MAGEH1
mutation,8942,MAGEL2
mutation,8943,MAGI1
mutation,8944,MAGI2
mutation,8945,MAGI3
mutation,8946,MAGIX
mutation,8947,MAGOH
mutation,8948,MAGOHB
mutation,8949,MAGT1
mutation,8950,MAIP1
mutation,8951,MAJIN
mutation,8952,MAK
mutation,8953,MAK16
mutation,8954,MAL
mutation,8955,MAL2
mutation,8956,MALL
mutation,8957,MALRD1
mutation,8958,MALSU1
mutation,8959,MALT1
mutation,8960,MAMDC2
mutation,8961,MAMDC4
mutation,8962,MAML1
mutation,8963,MAML2
mutation,8964,MAML3
mutation,8965,MAMLD1
mutation,8966,MAMSTR
mutation,8967,MAN1A1
mutation,8968,MAN1A2
mutation,8969,MAN1B1
mutation,8970,MAN1C1
mutation,8971,MAN2A1
mutation,8972,MAN2A2
mutation,8973,MAN2B1
mutation,8974,MAN2B2
mutation,8975,MAN2C1
mutation,8976,MANBA
mutation,8977,MANBAL
mutation,8978,MANEA
mutation,8979,MANEAL
mutation,8980,MANF
mutation,8981,MANSC1
mutation,8982,MANSC4
mutation,8983,MAOA
mutation,8984,MAOB
mutation,8985,MAP10
mutation,8986,MAP1A
mutation,8987,MAP1B
mutation,8988,MAP1LC3A
mutation,8989,MAP1LC3B
mutation,8990,MAP1LC3B2
mutation,8991,MAP1LC3C
mutation,8992,MAP1S
mutation,8993,MAP2
mutation,8994,MAP2K1
mutation,8995,MAP2K2
mutation,8996,MAP2K3
mutation,8997,MAP2K4
mutation,8998,MAP2K5
mutation,8999,MAP2K6
mutation,9000,MAP2K7
mutation,9001,MAP3K1
mutation,9002,MAP3K10
mutation,9003,MAP3K11
mutation,9004,MAP3K12
mutation,9005,MAP3K13
mutation,9006,MAP3K14
mutation,9007,MAP3K15
mutation,9008,MAP3K19
mutation,9009,MAP3K2
mutation,9010,MAP3K20
mutation,9011,MAP3K21
mutation,9012,MAP3K3
mutation,9013,MAP3K4
mutation,9014,MAP3K5
mutation,9015,MAP3K6
mutation,9016,MAP3K7
mutation,9017,MAP3K7CL
mutation,9018,MAP3K8
mutation,9019,MAP3K9
mutation,9020,MAP4
mutation,9021,MAP4K1
mutation,9022,MAP4K2
mutation,9023,MAP4K3
mutation,9024,MAP4K4
mutation,9025,MAP4K5
mutation,9026,MAP6
mutation,9027,MAP6D1
mutation,9028,MAP7
mutation,9029,MAP7D1
mutation,9030,MAP7D2
mutation,9031,MAP7D3
mutation,9032,MAP9
mutation,9033,MAPK1
mutation,9034,MAPK10
mutation,9035,MAPK11
mutation,9036,MAPK12
mutation,9037,MAPK13
mutation,9038,MAPK14
mutation,9039,MAPK15
mutation,9040,MAPK1IP1L
mutation,9041,MAPK3
mutation,9042,MAPK4
mutation,9043,MAPK6
mutation,9044,MAPK7
mutation,9045,MAPK8
mutation,9046,MAPK8IP1
mutation,9047,MAPK8IP2
mutation,9048,MAPK8IP3
mutation,9049,MAPK9
mutation,9050,MAPKAP1
mutation,9051,MAPKAPK2
mutation,9052,MAPKAPK3
mutation,9053,MAPKAPK5
mutation,9054,MAPKBP1
mutation,9055,MAPRE1
mutation,9056,MAPRE2
mutation,9057,MAPRE3
mutation,9058,MAPT
mutation,9059,MARCHF1
mutation,9060,MARCHF10
mutation,9061,MARCHF11
mutation,9062,MARCHF2
mutation,9063,MARCHF3
mutation,9064,MARCHF4
mutation,9065,MARCHF5
mutation,9066,MARCHF6
mutation,9067,MARCHF7
mutation,9068,MARCHF8
mutation,9069,MARCHF9
mutation,9070,MARCKS
mutation,9071,MARCKSL1
mutation,9072,MARCO
mutation,9073,MARF1
mutation,9074,MARK1
mutation,9075,MARK2
mutation,9076,MARK3
mutation,9077,MARK4
mutation,9078,MARS1
mutation,9079,MARS2
mutation,9080,MARVELD1
mutation,9081,MARVELD2
mutation,9082,MARVELD3
mutation,9083,MAS1
mutation,9084,MAS1L
mutation,9085,MASP1
mutation,9086,MASP2
mutation,9087,MAST1
mutation,9088,MAST2
mutation,9089,MAST3
mutation,9090,MAST4
mutation,9091,MASTL
mutation,9092,MAT1A
mutation,9093,MAT2A
mutation,9094,MAT2B
mutation,9095,MATK
mutation,9096,MATN1
mutation,9097,MATN2
mutation,9098,MATN3
mutation,9099,MATN4
mutation,9100,MATR3
mutation,9101,MAU2
mutation,9102,MAVS
mutation,9103,MAX
mutation,9104,MAZ
mutation,9105,MB
mutation,9106,MB21D2
mutation,9107,MBD1
mutation,9108,MBD2
mutation,9109,MBD3
mutation,9110,MBD3L1
mutation,9111,MBD3L2
mutation,9112,MBD3L2B
mutation,9113,MBD3L3
mutation,9114,MBD3L5
mutation,9115,MBD4
mutation,9116,MBD5
mutation,9117,MBD6
mutation,9118,MBIP
mutation,9119,MBL2
mutation,9120,MBLAC1
mutation,9121,MBLAC2
mutation,9122,MBNL1
mutation,9123,MBNL2
mutation,9124,MBNL3
mutation,9125,MBOAT1
mutation,9126,MBOAT2
mutation,9127,MBOAT4
mutation,9128,MBOAT7
mutation,9129,MBP
mutation,9130,MBTD1
mutation,9131,MBTPS1
mutation,9132,MBTPS2
mutation,9133,MC1R
mutation,9134,MC2R
mutation,9135,MC3R
mutation,9136,MC4R
mutation,9137,MC5R
mutation,9138,MCAM
mutation,9139,MCAT
mutation,9140,MCC
mutation,9141,MCCC1
mutation,9142,MCCC2
mutation,9143,MCCD1
mutation,9144,MCEE
mutation,9145,MCEMP1
mutation,9146,MCF2
mutation,9147,MCF2L
mutation,9148,MCF2L2
mutation,9149,MCFD2
mutation,9150,MCHR1
mutation,9151,MCHR2
mutation,9152,MCIDAS
mutation,9153,MCL1
mutation,9154,MCM10
mutation,9155,MCM2
mutation,9156,MCM3
mutation,9157,MCM3AP
mutation,9158,MCM4
mutation,9159,MCM5
mutation,9160,MCM6
mutation,9161,MCM7
mutation,9162,MCM8
mutation,9163,MCM9
mutation,9164,MCMBP
mutation,9165,MCMDC2
mutation,9166,MCOLN1
mutation,9167,MCOLN2
mutation,9168,MCOLN3
mutation,9169,MCPH1
mutation,9170,MCRIP2
mutation,9171,MCRS1
mutation,9172,MCTP1
mutation,9173,MCTP2
mutation,9174,MCTS1
mutation,9175,MCU
mutation,9176,MCUB
mutation,9177,MCUR1
mutation,9178,MDC1
mutation,9179,MDFI
mutation,9180,MDFIC
mutation,9181,MDGA1
mutation,9182,MDGA2
mutation,9183,MDH1
mutation,9184,MDH1B
mutation,9185,MDH2
mutation,9186,MDK
mutation,9187,MDM1
mutation,9188,MDM2
mutation,9189,MDM4
mutation,9190,MDN1
mutation,9191,MDP1
mutation,9192,ME1
mutation,9193,ME2
mutation,9194,ME3
mutation,9195,MEA1
mutation,9196,MEAF6
mutation,9197,MEAK7
mutation,9198,MECOM
mutation,9199,MECP2
mutation,9200,MECR
mutation,9201,MED1
mutation,9202,MED10
mutation,9203,MED11
mutation,9204,MED12
mutation,9205,MED12L
mutation,9206,MED13
mutation,9207,MED13L
mutation,9208,MED14
mutation,9209,MED15
mutation,9210,MED16
mutation,9211,MED17
mutation,9212,MED18
mutation,9213,MED19
mutation,9214,MED20
mutation,9215,MED21
mutation,9216,MED22
mutation,9217,MED23
mutation,9218,MED24
mutation,9219,MED25
mutation,9220,MED26
mutation,9221,MED27
mutation,9222,MED28
mutation,9223,MED29
mutation,9224,MED30
mutation,9225,MED31
mutation,9226,MED4
mutation,9227,MED6
mutation,9228,MED7
mutation,9229,MED8
mutation,9230,MED9
mutation,9231,MEDAG
mutation,9232,MEF2A
mutation,9233,MEF2B
mutation,9234,MEF2C
mutation,9235,MEF2D
mutation,9236,MEFV
mutation,9237,MEGF10
mutation,9238,MEGF11
mutation,9239,MEGF6
mutation,9240,MEGF8
mutation,9241,MEGF9
mutation,9242,MEI1
mutation,9243,MEI4
mutation,9244,MEIG1
mutation,9245,MEIOB
mutation,9246,MEIOC
mutation,9247,MEIOSIN
mutation,9248,MEIS1
mutation,9249,MEIS2
mutation,9250,MEIS3
mutation,9251,MELK
mutation,9252,MELTF
mutation,9253,MEMO1
mutation,9254,MEN1
mutation,9255,MEOX1
mutation,9256,MEOX2
mutation,9257,MEP1A
mutation,9258,MEP1B
mutation,9259,MEPCE
mutation,9260,MEPE
mutation,9261,MERTK
mutation,9262,MESD
mutation,9263,MESP1
mutation,9264,MESP2
mutation,9265,MEST
mutation,9266,MET
mutation,9267,METAP1
mutation,9268,METAP1D
mutation,9269,METAP2
mutation,9270,METRN
mutation,9271,METRNL
mutation,9272,METTL1
mutation,9273,METTL11B
mutation,9274,METTL14
mutation,9275,METTL15
mutation,9276,METTL16
mutation,9277,METTL17
mutation,9278,METTL18
mutation,9279,METTL21A
mutation,9280,METTL21C
mutation,9281,METTL22
mutation,9282,METTL23
mutation,9283,METTL24
mutation,9284,METTL25
mutation,9285,METTL26
mutation,9286,METTL27
mutation,9287,METTL2A
mutation,9288,METTL2B
mutation,9289,METTL3
mutation,9290,METTL4
mutation,9291,METTL5
mutation,9292,METTL6
mutation,9293,METTL7A
mutation,9294,METTL7B
mutation,9295,METTL8
mutation,9296,METTL9
mutation,9297,MEX3A
mutation,9298,MEX3B
mutation,9299,MEX3C
mutation,9300,MEX3D
mutation,9301,MFAP1
mutation,9302,MFAP2
mutation,9303,MFAP3
mutation,9304,MFAP3L
mutation,9305,MFAP4
mutation,9306,MFAP5
mutation,9307,MFF
mutation,9308,MFGE8
mutation,9309,MFHAS1
mutation,9310,MFN1
mutation,9311,MFN2
mutation,9312,MFNG
mutation,9313,MFRP
mutation,9314,MFSD1
mutation,9315,MFSD10
mutation,9316,MFSD11
mutation,9317,MFSD12
mutation,9318,MFSD13A
mutation,9319,MFSD14A
mutation,9320,MFSD14B
mutation,9321,MFSD14C
mutation,9322,MFSD2A
mutation,9323,MFSD2B
mutation,9324,MFSD3
mutation,9325,MFSD4A
mutation,9326,MFSD4B
mutation,9327,MFSD5
mutation,9328,MFSD6
mutation,9329,MFSD6L
mutation,9330,MFSD8
mutation,9331,MFSD9
mutation,9332,MGA
mutation,9333,MGAM
mutation,9334,MGAM2
mutation,9335,MGARP
mutation,9336,MGAT1
mutation,9337,MGAT2
mutation,9338,MGAT3
mutation,9339,MGAT4A
mutation,9340,MGAT4B
mutation,9341,MGAT4C
mutation,9342,MGAT4D
mutation,9343,MGAT5
mutation,9344,MGAT5B
mutation,9345,MGLL
mutation,9346,MGME1
mutation,9347,MGMT
mutation,9348,MGP
mutation,9349,MGRN1
mutation,9350,MGST1
mutation,9351,MGST2
mutation,9352,MGST3
mutation,9353,MIA
mutation,9354,MIA2
mutation,9355,MIA3
mutation,9356,MIB1
mutation,9357,MIB2
mutation,9358,MICA
mutation,9359,MICAL1
mutation,9360,MICAL2
mutation,9361,MICAL3
mutation,9362,MICALL1
mutation,9363,MICALL2
mutation,9364,MICB
mutation,9365,MICOS10
mutation,9366,MICOS13
mutation,9367,MICU1
mutation,9368,MICU2
mutation,9369,MICU3
mutation,9370,MID1
mutation,9371,MID1IP1
mutation,9372,MID2
mutation,9373,MIDEAS
mutation,9374,MIDN
mutation,9375,MIEF1
mutation,9376,MIEF2
mutation,9377,MIEN1
mutation,9378,MIER1
mutation,9379,MIER2
mutation,9380,MIER3
mutation,9381,MIF
mutation,9382,MIF4GD
mutation,9383,MIGA1
mutation,9384,MIGA2
mutation,9385,MIIP
mutation,9386,MILR1
mutation,9387,MINAR1
mutation,9388,MINAR2
mutation,9389,MINDY1
mutation,9390,MINDY2
mutation,9391,MINDY3
mutation,9392,MINDY4
mutation,9393,MINDY4B
mutation,9394,MINK1
mutation,9395,MINPP1
mutation,9396,MIOS
mutation,9397,MIOX
mutation,9398,MIP
mutation,9399,MIPEP
mutation,9400,MIPOL1
mutation,9401,MIR9-1HG
mutation,9402,MIS12
mutation,9403,MIS18A
mutation,9404,MIS18BP1
mutation,9405,MISP
mutation,9406,MISP3
mutation,9407,MITD1
mutation,9408,MITF
mutation,9409,MIX23
mutation,9410,MIXL1
mutation,9411,MKI67
mutation,9412,MKKS
mutation,9413,MKLN1
mutation,9414,MKNK1
mutation,9415,MKNK2
mutation,9416,MKRN1
mutation,9417,MKRN2
mutation,9418,MKRN2OS
mutation,9419,MKRN3
mutation,9420,MKS1
mutation,9421,MKX
mutation,9422,MLANA
mutation,9423,MLC1
mutation,9424,MLEC
mutation,9425,MLF1
mutation,9426,MLF2
mutation,9427,MLH1
mutation,9428,MLH3
mutation,9429,MLIP
mutation,9430,MLKL
mutation,9431,MLLT1
mutation,9432,MLLT10
mutation,9433,MLLT11
mutation,9434,MLLT3
mutation,9435,MLLT6
mutation,9436,MLN
mutation,9437,MLNR
mutation,9438,MLPH
mutation,9439,MLST8
mutation,9440,MLX
mutation,9441,MLXIP
mutation,9442,MLXIPL
mutation,9443,MLYCD
mutation,9444,MMAA
mutation,9445,MMAB
mutation,9446,MMACHC
mutation,9447,MMADHC
mutation,9448,MMD
mutation,9449,MMD2
mutation,9450,MME
mutation,9451,MMEL1
mutation,9452,MMGT1
mutation,9453,MMP1
mutation,9454,MMP10
mutation,9455,MMP11
mutation,9456,MMP12
mutation,9457,MMP13
mutation,9458,MMP14
mutation,9459,MMP15
mutation,9460,MMP16
mutation,9461,MMP17
mutation,9462,MMP19
mutation,9463,MMP2
mutation,9464,MMP20
mutation,9465,MMP21
mutation,9466,MMP23B
mutation,9467,MMP24
mutation,9468,MMP25
mutation,9469,MMP26
mutation,9470,MMP27
mutation,9471,MMP28
mutation,9472,MMP3
mutation,9473,MMP7
mutation,9474,MMP8
mutation,9475,MMP9
mutation,9476,MMRN1
mutation,9477,MMRN2
mutation,9478,MMS19
mutation,9479,MMS22L
mutation,9480,MMUT
mutation,9481,MN1
mutation,9482,MNAT1
mutation,9483,MND1
mutation,9484,MNDA
mutation,9485,MNS1
mutation,9486,MNT
mutation,9487,MNX1
mutation,9488,MOAP1
mutation,9489,MOB1A
mutation,9490,MOB1B
mutation,9491,MOB2
mutation,9492,MOB3A
mutation,9493,MOB3B
mutation,9494,MOB3C
mutation,9495,MOB4
mutation,9496,MOBP
mutation,9497,MOCOS
mutation,9498,MOCS1
mutation,9499,MOCS2
mutation,9500,MOCS3
mutation,9501,MOG
mutation,9502,MOGAT1
mutation,9503,MOGAT2
mutation,9504,MOGAT3
mutation,9505,MOGS
mutation,9506,MOK
mutation,9507,MON1A
mutation,9508,MON1B
mutation,9509,MON2
mutation,9510,MORC1
mutation,9511,MORC2
mutation,9512,MORC3
mutation,9513,MORC4
mutation,9514,MORF4L1
mutation,9515,MORF4L2
mutation,9516,MORN1
mutation,9517,MORN2
mutation,9518,MORN3
mutation,9519,MORN4
mutation,9520,MORN5
mutation,9521,MOS
mutation,9522,MOSMO
mutation,9523,MOSPD1
mutation,9524,MOSPD2
mutation,9525,MOSPD3
mutation,9526,MOV10
mutation,9527,MOV10L1
mutation,9528,MOXD1
mutation,9529,MPC1
mutation,9530,MPC2
mutation,9531,MPDU1
mutation,9532,MPDZ
mutation,9533,MPEG1
mutation,9534,MPG
mutation,9535,MPHOSPH10
mutation,9536,MPHOSPH6
mutation,9537,MPHOSPH8
mutation,9538,MPHOSPH9
mutation,9539,MPI
mutation,9540,MPIG6B
mutation,9541,MPL
mutation,9542,MPLKIP
mutation,9543,MPND
mutation,9544,MPO
mutation,9545,MPP1
mutation,9546,MPP2
mutation,9547,MPP3
mutation,9548,MPP4
mutation,9549,MPP5
mutation,9550,MPP6
mutation,9551,MPP7
mutation,9552,MPPE1
mutation,9553,MPPED1
mutation,9554,MPPED2
mutation,9555,MPRIP
mutation,9556,MPST
mutation,9557,MPV17
mutation,9558,MPV17L
mutation,9559,MPV17L2
mutation,9560,MPZ
mutation,9561,MPZL1
mutation,9562,MPZL2
mutation,9563,MPZL3
mutation,9564,MR1
mutation,9565,MRAP
mutation,9566,MRAP2
mutation,9567,MRAS
mutation,9568,MRC1
mutation,9569,MRC2
mutation,9570,MRE11
mutation,9571,MREG
mutation,9572,MRFAP1
mutation,9573,MRFAP1L1
mutation,9574,MRGBP
mutation,9575,MRGPRD
mutation,9576,MRGPRE
mutation,9577,MRGPRF
mutation,9578,MRGPRG
mutation,9579,MRGPRX1
mutation,9580,MRGPRX2
mutation,9581,MRGPRX3
mutation,9582,MRGPRX4
mutation,9583,MRI1
mutation,9584,MRM1
mutation,9585,MRM2
mutation,9586,MRM3
mutation,9587,MRNIP
mutation,9588,MRO
mutation,9589,MROH1
mutation,9590,MROH2A
mutation,9591,MROH2B
mutation,9592,MROH5
mutation,9593,MROH6
mutation,9594,MROH7
mutation,9595,MROH8
mutation,9596,MROH9
mutation,9597,MRPL1
mutation,9598,MRPL10
mutation,9599,MRPL11
mutation,9600,MRPL12
mutation,9601,MRPL13
mutation,9602,MRPL14
mutation,9603,MRPL15
mutation,9604,MRPL16
mutation,9605,MRPL17
mutation,9606,MRPL18
mutation,9607,MRPL19
mutation,9608,MRPL2
mutation,9609,MRPL20
mutation,9610,MRPL21
mutation,9611,MRPL22
mutation,9612,MRPL23
mutation,9613,MRPL24
mutation,9614,MRPL27
mutation,9615,MRPL28
mutation,9616,MRPL3
mutation,9617,MRPL30
mutation,9618,MRPL32
mutation,9619,MRPL33
mutation,9620,MRPL34
mutation,9621,MRPL35
mutation,9622,MRPL36
mutation,9623,MRPL37
mutation,9624,MRPL38
mutation,9625,MRPL39
mutation,9626,MRPL4
mutation,9627,MRPL40
mutation,9628,MRPL41
mutation,9629,MRPL42
mutation,9630,MRPL43
mutation,9631,MRPL44
mutation,9632,MRPL45
mutation,9633,MRPL46
mutation,9634,MRPL47
mutation,9635,MRPL48
mutation,9636,MRPL49
mutation,9637,MRPL50
mutation,9638,MRPL51
mutation,9639,MRPL52
mutation,9640,MRPL53
mutation,9641,MRPL54
mutation,9642,MRPL55
mutation,9643,MRPL57
mutation,9644,MRPL58
mutation,9645,MRPL9
mutation,9646,MRPS10
mutation,9647,MRPS11
mutation,9648,MRPS12
mutation,9649,MRPS14
mutation,9650,MRPS15
mutation,9651,MRPS16
mutation,9652,MRPS17
mutation,9653,MRPS18A
mutation,9654,MRPS18B
mutation,9655,MRPS18C
mutation,9656,MRPS2
mutation,9657,MRPS21
mutation,9658,MRPS22
mutation,9659,MRPS23
mutation,9660,MRPS24
mutation,9661,MRPS25
mutation,9662,MRPS26
mutation,9663,MRPS27
mutation,9664,MRPS28
mutation,9665,MRPS30
mutation,9666,MRPS31
mutation,9667,MRPS33
mutation,9668,MRPS34
mutation,9669,MRPS35
mutation,9670,MRPS36
mutation,9671,MRPS5
mutation,9672,MRPS6
mutation,9673,MRPS7
mutation,9674,MRPS9
mutation,9675,MRRF
mutation,9676,MRS2
mutation,9677,MRTFA
mutation,9678,MRTFB
mutation,9679,MRTO4
mutation,9680,MS4A1
mutation,9681,MS4A10
mutation,9682,MS4A12
mutation,9683,MS4A13
mutation,9684,MS4A14
mutation,9685,MS4A15
mutation,9686,MS4A18
mutation,9687,MS4A2
mutation,9688,MS4A3
mutation,9689,MS4A4A
mutation,9690,MS4A4E
mutation,9691,MS4A5
mutation,9692,MS4A6A
mutation,9693,MS4A6E
mutation,9694,MS4A7
mutation,9695,MS4A8
mutation,9696,MSANTD1
mutation,9697,MSANTD2
mutation,9698,MSANTD3
mutation,9699,MSANTD4
mutation,9700,MSC
mutation,9701,MSGN1
mutation,9702,MSH2
mutation,9703,MSH3
mutation,9704,MSH4
mutation,9705,MSH5
mutation,9706,MSH6
mutation,9707,MSI1
mutation,9708,MSI2
mutation,9709,MSL1
mutation,9710,MSL2
mutation,9711,MSL3
mutation,9712,MSLN
mutation,9713,MSLNL
mutation,9714,MSMB
mutation,9715,MSMO1
mutation,9716,MSN
mutation,9717,MSR1
mutation,9718,MSRA
mutation,9719,MSRB1
mutation,9720,MSRB2
mutation,9721,MSRB3
mutation,9722,MSS51
mutation,9723,MST1
mutation,9724,MST1R
mutation,9725,MSTN
mutation,9726,MSTO1
mutation,9727,MSX1
mutation,9728,MSX2
mutation,9729,MT1A
mutation,9730,MT1B
mutation,9731,MT1E
mutation,9732,MT1F
mutation,9733,MT1G
mutation,9734,MT1H
mutation,9735,MT1HL1
mutation,9736,MT1M
mutation,9737,MT1X
mutation,9738,MT2A
mutation,9739,MT3
mutation,9740,MT4
mutation,9741,MTA1
mutation,9742,MTA2
mutation,9743,MTA3
mutation,9744,MTAP
mutation,9745,MTARC1
mutation,9746,MTARC2
mutation,9747,MTBP
mutation,9748,MTCH1
mutation,9749,MTCH2
mutation,9750,MTCL1
mutation,9751,MTCP1
mutation,9752,MTDH
mutation,9753,MTERF1
mutation,9754,MTERF2
mutation,9755,MTERF3
mutation,9756,MTERF4
mutation,9757,MTF1
mutation,9758,MTF2
mutation,9759,MTFMT
mutation,9760,MTFP1
mutation,9761,MTFR1
mutation,9762,MTFR1L
mutation,9763,MTFR2
mutation,9764,MTG1
mutation,9765,MTG2
mutation,9766,MTHFD1
mutation,9767,MTHFD1L
mutation,9768,MTHFD2
mutation,9769,MTHFD2L
mutation,9770,MTHFR
mutation,9771,MTHFS
mutation,9772,MTHFSD
mutation,9773,MTIF2
mutation,9774,MTIF3
mutation,9775,MTLN
mutation,9776,MTM1
mutation,9777,MTMR1
mutation,9778,MTMR10
mutation,9779,MTMR11
mutation,9780,MTMR12
mutation,9781,MTMR14
mutation,9782,MTMR2
mutation,9783,MTMR3
mutation,9784,MTMR4
mutation,9785,MTMR6
mutation,9786,MTMR7
mutation,9787,MTMR8
mutation,9788,MTMR9
mutation,9789,MTNR1A
mutation,9790,MTNR1B
mutation,9791,MTO1
mutation,9792,MTOR
mutation,9793,MTPAP
mutation,9794,MTPN
mutation,9795,MTR
mutation,9796,MTRES1
mutation,9797,MTREX
mutation,9798,MTRF1
mutation,9799,MTRF1L
mutation,9800,MTRR
mutation,9801,MTSS1
mutation,9802,MTSS2
mutation,9803,MTTP
mutation,9804,MTURN
mutation,9805,MTUS1
mutation,9806,MTUS2
mutation,9807,MTX1
mutation,9808,MTX2
mutation,9809,MTX3
mutation,9810,MUC1
mutation,9811,MUC12
mutation,9812,MUC13
mutation,9813,MUC15
mutation,9814,MUC16
mutation,9815,MUC17
mutation,9816,MUC19
mutation,9817,MUC2
mutation,9818,MUC20
mutation,9819,MUC21
mutation,9820,MUC22
mutation,9821,MUC3A
mutation,9822,MUC4
mutation,9823,MUC5AC
mutation,9824,MUC5B
mutation,9825,MUC6
mutation,9826,MUC7
mutation,9827,MUCL1
mutation,9828,MUCL3
mutation,9829,MUL1
mutation,9830,MUS81
mutation,9831,MUSK
mutation,9832,MUSTN1
mutation,9833,MUTYH
mutation,9834,MVB12A
mutation,9835,MVB12B
mutation,9836,MVD
mutation,9837,MVK
mutation,9838,MVP
mutation,9839,MX1
mutation,9840,MX2
mutation,9841,MXD1
mutation,9842,MXD3
mutation,9843,MXD4
mutation,9844,MXI1
mutation,9845,MXRA5
mutation,9846,MXRA7
mutation,9847,MXRA8
mutation,9848,MYADM
mutation,9849,MYADML2
mutation,9850,MYB
mutation,9851,MYBBP1A
mutation,9852,MYBL1
mutation,9853,MYBL2
mutation,9854,MYBPC1
mutation,9855,MYBPC2
mutation,9856,MYBPC3
mutation,9857,MYBPH
mutation,9858,MYBPHL
mutation,9859,MYC
mutation,9860,MYCBP
mutation,9861,MYCBP2
mutation,9862,MYCBPAP
mutation,9863,MYCL
mutation,9864,MYCN
mutation,9865,MYCT1
mutation,9866,MYD88
mutation,9867,MYDGF
mutation,9868,MYEF2
mutation,9869,MYEOV
mutation,9870,MYF5
mutation,9871,MYF6
mutation,9872,MYG1
mutation,9873,MYH1
mutation,9874,MYH10
mutation,9875,MYH11
mutation,9876,MYH13
mutation,9877,MYH14
mutation,9878,MYH15
mutation,9879,MYH2
mutation,9880,MYH3
mutation,9881,MYH4
mutation,9882,MYH6
mutation,9883,MYH7
mutation,9884,MYH7B
mutation,9885,MYH8
mutation,9886,MYH9
mutation,9887,MYL1
mutation,9888,MYL10
mutation,9889,MYL12A
mutation,9890,MYL12B
mutation,9891,MYL2
mutation,9892,MYL3
mutation,9893,MYL4
mutation,9894,MYL5
mutation,9895,MYL6
mutation,9896,MYL6B
mutation,9897,MYL7
mutation,9898,MYL9
mutation,9899,MYLIP
mutation,9900,MYLK
mutation,9901,MYLK2
mutation,9902,MYLK3
mutation,9903,MYLK4
mutation,9904,MYLPF
mutation,9905,MYMK
mutation,9906,MYMX
mutation,9907,MYNN
mutation,9908,MYO10
mutation,9909,MYO15A
mutation,9910,MYO15B
mutation,9911,MYO16
mutation,9912,MYO18A
mutation,9913,MYO18B
mutation,9914,MYO19
mutation,9915,MYO1A
mutation,9916,MYO1B
mutation,9917,MYO1C
mutation,9918,MYO1D
mutation,9919,MYO1E
mutation,9920,MYO1F
mutation,9921,MYO1G
mutation,9922,MYO1H
mutation,9923,MYO3A
mutation,9924,MYO3B
mutation,9925,MYO5A
mutation,9926,MYO5B
mutation,9927,MYO5C
mutation,9928,MYO6
mutation,9929,MYO7A
mutation,9930,MYO7B
mutation,9931,MYO9A
mutation,9932,MYO9B
mutation,9933,MYOC
mutation,9934,MYOCD
mutation,9935,MYOD1
mutation,9936,MYOF
mutation,9937,MYOG
mutation,9938,MYOM1
mutation,9939,MYOM2
mutation,9940,MYOM3
mutation,9941,MYORG
mutation,9942,MYOT
mutation,9943,MYOZ1
mutation,9944,MYOZ2
mutation,9945,MYOZ3
mutation,9946,MYPN
mutation,9947,MYPOP
mutation,9948,MYRF
mutation,9949,MYRFL
mutation,9950,MYRIP
mutation,9951,MYSM1
mutation,9952,MYT1
mutation,9953,MYT1L
mutation,9954,MYZAP
mutation,9955,MZB1
mutation,9956,MZF1
mutation,9957,MZT1
mutation,9958,MZT2A
mutation,9959,MZT2B
mutation,9960,N4BP1
mutation,9961,N4BP2
mutation,9962,N4BP2L1
mutation,9963,N4BP2L2
mutation,9964,N4BP3
mutation,9965,N6AMT1
mutation,9966,NAA10
mutation,9967,NAA11
mutation,9968,NAA15
mutation,9969,NAA16
mutation,9970,NAA20
mutation,9971,NAA25
mutation,9972,NAA30
mutation,9973,NAA35
mutation,9974,NAA38
mutation,9975,NAA40
mutation,9976,NAA50
mutation,9977,NAA60
mutation,9978,NAA80
mutation,9979,NAAA
mutation,9980,NAALAD2
mutation,9981,NAALADL1
mutation,9982,NAALADL2
mutation,9983,NAB1
mutation,9984,NAB2
mutation,9985,NABP1
mutation,9986,NABP2
mutation,9987,NACA
mutation,9988,NACA2
mutation,9989,NACAD
mutation,9990,NACC1
mutation,9991,NACC2
mutation,9992,NADK
mutation,9993,NADK2
mutation,9994,NADSYN1
mutation,9995,NAE1
mutation,9996,NAF1
mutation,9997,NAGA
mutation,9998,NAGK
mutation,9999,NAGLU
mutation,10000,NAGPA
mutation,10001,NAGS
mutation,10002,NAIF1
mutation,10003,NAIP
mutation,10004,NALCN
mutation,10005,NAMPT
mutation,10006,NANOG
mutation,10007,NANOGNB
mutation,10008,NANOGP8
mutation,10009,NANOS1
mutation,10010,NANOS2
mutation,10011,NANOS3
mutation,10012,NANP
mutation,10013,NANS
mutation,10014,NAP1L1
mutation,10015,NAP1L2
mutation,10016,NAP1L3
mutation,10017,NAP1L4
mutation,10018,NAP1L5
mutation,10019,NAPA
mutation,10020,NAPB
mutation,10021,NAPEPLD
mutation,10022,NAPG
mutation,10023,NAPRT
mutation,10024,NAPSA
mutation,10025,NARF
mutation,10026,NARS1
mutation,10027,NARS2
mutation,10028,NASP
mutation,10029,NAT1
mutation,10030,NAT10
mutation,10031,NAT14
mutation,10032,NAT16
mutation,10033,NAT2
mutation,10034,NAT8
mutation,10035,NAT8L
mutation,10036,NAT9
mutation,10037,NATD1
mutation,10038,NAV1
mutation,10039,NAV2
mutation,10040,NAV3
mutation,10041,NAXD
mutation,10042,NAXE
mutation,10043,NBAS
mutation,10044,NBDY
mutation,10045,NBEA
mutation,10046,NBEAL1
mutation,10047,NBEAL2
mutation,10048,NBL1
mutation,10049,NBN
mutation,10050,NBPF1
mutation,10051,NBPF10
mutation,10052,NBPF11
mutation,10053,NBPF12
mutation,10054,NBPF14
mutation,10055,NBPF15
mutation,10056,NBPF20
mutation,10057,NBPF26
mutation,10058,NBPF3
mutation,10059,NBPF4
mutation,10060,NBPF6
mutation,10061,NBPF9
mutation,10062,NBR1
mutation,10063,NCALD
mutation,10064,NCAM1
mutation,10065,NCAM2
mutation,10066,NCAN
mutation,10067,NCAPD2
mutation,10068,NCAPD3
mutation,10069,NCAPG
mutation,10070,NCAPG2
mutation,10071,NCAPH
mutation,10072,NCAPH2
mutation,10073,NCBP1
mutation,10074,NCBP2
mutation,10075,NCBP2L
mutation,10076,NCBP3
mutation,10077,NCCRP1
mutation,10078,NCDN
mutation,10079,NCEH1
mutation,10080,NCF1
mutation,10081,NCF2
mutation,10082,NCF4
mutation,10083,NCK1
mutation,10084,NCK2
mutation,10085,NCKAP1
mutation,10086,NCKAP1L
mutation,10087,NCKAP5
mutation,10088,NCKAP5L
mutation,10089,NCKIPSD
mutation,10090,NCL
mutation,10091,NCLN
mutation,10092,NCMAP
mutation,10093,NCOA1
mutation,10094,NCOA2
mutation,10095,NCOA3
mutation,10096,NCOA4
mutation,10097,NCOA5
mutation,10098,NCOA6
mutation,10099,NCOA7
mutation,10100,NCOR1
mutation,10101,NCOR2
mutation,10102,NCR1
mutation,10103,NCR2
mutation,10104,NCR3
mutation,10105,NCR3LG1
mutation,10106,NCS1
mutation,10107,NCSTN
mutation,10108,NDC1
mutation,10109,NDC80
mutation,10110,NDE1
mutation,10111,NDEL1
mutation,10112,NDFIP1
mutation,10113,NDFIP2
mutation,10114,NDN
mutation,10115,NDNF
mutation,10116,NDOR1
mutation,10117,NDP
mutation,10118,NDRG1
mutation,10119,NDRG2
mutation,10120,NDRG3
mutation,10121,NDRG4
mutation,10122,NDST1
mutation,10123,NDST2
mutation,10124,NDST3
mutation,10125,NDST4
mutation,10126,NDUFA1
mutation,10127,NDUFA10
mutation,10128,NDUFA11
mutation,10129,NDUFA12
mutation,10130,NDUFA13
mutation,10131,NDUFA2
mutation,10132,NDUFA3
mutation,10133,NDUFA4
mutation,10134,NDUFA4L2
mutation,10135,NDUFA5
mutation,10136,NDUFA6
mutation,10137,NDUFA7
mutation,10138,NDUFA8
mutation,10139,NDUFA9
mutation,10140,NDUFAB1
mutation,10141,NDUFAF1
mutation,10142,NDUFAF2
mutation,10143,NDUFAF3
mutation,10144,NDUFAF4
mutation,10145,NDUFAF5
mutation,10146,NDUFAF6
mutation,10147,NDUFAF7
mutation,10148,NDUFAF8
mutation,10149,NDUFB1
mutation,10150,NDUFB10
mutation,10151,NDUFB11
mutation,10152,NDUFB2
mutation,10153,NDUFB3
mutation,10154,NDUFB4
mutation,10155,NDUFB5
mutation,10156,NDUFB6
mutation,10157,NDUFB7
mutation,10158,NDUFB8
mutation,10159,NDUFB9
mutation,10160,NDUFC1
mutation,10161,NDUFC2
mutation,10162,NDUFC2-KCTD14
mutation,10163,NDUFS1
mutation,10164,NDUFS2
mutation,10165,NDUFS3
mutation,10166,NDUFS4
mutation,10167,NDUFS5
mutation,10168,NDUFS6
mutation,10169,NDUFS7
mutation,10170,NDUFS8
mutation,10171,NDUFV1
mutation,10172,NDUFV2
mutation,10173,NDUFV3
mutation,10174,NEB
mutation,10175,NEBL
mutation,10176,NECAB1
mutation,10177,NECAB2
mutation,10178,NECAB3
mutation,10179,NECAP1
mutation,10180,NECAP2
mutation,10181,NECTIN1
mutation,10182,NECTIN2
mutation,10183,NECTIN3
mutation,10184,NECTIN4
mutation,10185,NEDD1
mutation,10186,NEDD4
mutation,10187,NEDD4L
mutation,10188,NEDD8
mutation,10189,NEDD9
mutation,10190,NEFH
mutation,10191,NEFL
mutation,10192,NEFM
mutation,10193,NEGR1
mutation,10194,NEIL1
mutation,10195,NEIL2
mutation,10196,NEIL3
mutation,10197,NEK1
mutation,10198,NEK10
mutation,10199,NEK11
mutation,10200,NEK2
mutation,10201,NEK3
mutation,10202,NEK4
mutation,10203,NEK5
mutation,10204,NEK6
mutation,10205,NEK7
mutation,10206,NEK8
mutation,10207,NEK9
mutation,10208,NELFA
mutation,10209,NELFB
mutation,10210,NELFCD
mutation,10211,NELFE
mutation,10212,NELL1
mutation,10213,NELL2
mutation,10214,NEMF
mutation,10215,NEMP1
mutation,10216,NEMP2
mutation,10217,NENF
mutation,10218,NEO1
mutation,10219,NEPRO
mutation,10220,NES
mutation,10221,NET1
mutation,10222,NETO1
mutation,10223,NETO2
mutation,10224,NEU1
mutation,10225,NEU2
mutation,10226,NEU3
mutation,10227,NEU4
mutation,10228,NEURL1
mutation,10229,NEURL1B
mutation,10230,NEURL2
mutation,10231,NEURL3
mutation,10232,NEURL4
mutation,10233,NEUROD1
mutation,10234,NEUROD2
mutation,10235,NEUROD4
mutation,10236,NEUROD6
mutation,10237,NEUROG1
mutation,10238,NEUROG2
mutation,10239,NEUROG3
mutation,10240,NEXMIF
mutation,10241,NEXN
mutation,10242,NF1
mutation,10243,NF2
mutation,10244,NFAM1
mutation,10245,NFASC
mutation,10246,NFAT5
mutation,10247,NFATC1
mutation,10248,NFATC2
mutation,10249,NFATC2IP
mutation,10250,NFATC3
mutation,10251,NFATC4
mutation,10252,NFE2
mutation,10253,NFE2L1
mutation,10254,NFE2L2
mutation,10255,NFE2L3
mutation,10256,NFE4
mutation,10257,NFIA
mutation,10258,NFIB
mutation,10259,NFIC
mutation,10260,NFIL3
mutation,10261,NFIX
mutation,10262,NFKB1
mutation,10263,NFKB2
mutation,10264,NFKBIA
mutation,10265,NFKBIB
mutation,10266,NFKBID
mutation,10267,NFKBIE
mutation,10268,NFKBIL1
mutation,10269,NFKBIZ
mutation,10270,NFRKB
mutation,10271,NFS1
mutation,10272,NFU1
mutation,10273,NFX1
mutation,10274,NFXL1
mutation,10275,NFYA
mutation,10276,NFYB
mutation,10277,NFYC
mutation,10278,NGB
mutation,10279,NGDN
mutation,10280,NGEF
mutation,10281,NGF
mutation,10282,NGFR
mutation,10283,NGLY1
mutation,10284,NGRN
mutation,10285,NHEJ1
mutation,10286,NHLH1
mutation,10287,NHLH2
mutation,10288,NHLRC1
mutation,10289,NHLRC2
mutation,10290,NHLRC3
mutation,10291,NHLRC4
mutation,10292,NHP2
mutation,10293,NHS
mutation,10294,NHSL1
mutation,10295,NHSL2
mutation,10296,NIBAN1
mutation,10297,NIBAN2
mutation,10298,NIBAN3
mutation,10299,NICN1
mutation,10300,NID1
mutation,10301,NID2
mutation,10302,NIF3L1
mutation,10303,NIFK
mutation,10304,NIM1K
mutation,10305,NIN
mutation,10306,NINJ1
mutation,10307,NINJ2
mutation,10308,NINL
mutation,10309,NIP7
mutation,10310,NIPA1
mutation,10311,NIPA2
mutation,10312,NIPAL1
mutation,10313,NIPAL2
mutation,10314,NIPAL3
mutation,10315,NIPAL4
mutation,10316,NIPBL
mutation,10317,NIPSNAP1
mutation,10318,NIPSNAP2
mutation,10319,NIPSNAP3A
mutation,10320,NIPSNAP3B
mutation,10321,NISCH
mutation,10322,NIT1
mutation,10323,NIT2
mutation,10324,NKAIN1
mutation,10325,NKAIN2
mutation,10326,NKAIN3
mutation,10327,NKAIN4
mutation,10328,NKAP
mutation,10329,NKAPD1
mutation,10330,NKAPL
mutation,10331,NKD1
mutation,10332,NKD2
mutation,10333,NKG7
mutation,10334,NKIRAS1
mutation,10335,NKIRAS2
mutation,10336,NKPD1
mutation,10337,NKRF
mutation,10338,NKTR
mutation,10339,NKX1-1
mutation,10340,NKX1-2
mutation,10341,NKX2-1
mutation,10342,NKX2-2
mutation,10343,NKX2-3
mutation,10344,NKX2-4
mutation,10345,NKX2-5
mutation,10346,NKX2-6
mutation,10347,NKX2-8
mutation,10348,NKX3-1
mutation,10349,NKX3-2
mutation,10350,NKX6-1
mutation,10351,NKX6-2
mutation,10352,NKX6-3
mutation,10353,NLE1
mutation,10354,NLGN1
mutation,10355,NLGN2
mutation,10356,NLGN3
mutation,10357,NLGN4X
mutation,10358,NLGN4Y
mutation,10359,NLK
mutation,10360,NLN
mutation,10361,NLRC3
mutation,10362,NLRC4
mutation,10363,NLRC5
mutation,10364,NLRP1
mutation,10365,NLRP10
mutation,10366,NLRP11
mutation,10367,NLRP12
mutation,10368,NLRP13
mutation,10369,NLRP14
mutation,10370,NLRP2
mutation,10371,NLRP2B
mutation,10372,NLRP3
mutation,10373,NLRP4
mutation,10374,NLRP5
mutation,10375,NLRP6
mutation,10376,NLRP7
mutation,10377,NLRP8
mutation,10378,NLRP9
mutation,10379,NLRX1
mutation,10380,NMB
mutation,10381,NMBR
mutation,10382,NMD3
mutation,10383,NME1
mutation,10384,NME1-NME2
mutation,10385,NME3
mutation,10386,NME4
mutation,10387,NME5
mutation,10388,NME6
mutation,10389,NME7
mutation,10390,NME8
mutation,10391,NME9
mutation,10392,NMI
mutation,10393,NMNAT1
mutation,10394,NMNAT2
mutation,10395,NMNAT3
mutation,10396,NMRAL1
mutation,10397,NMRK1
mutation,10398,NMRK2
mutation,10399,NMS
mutation,10400,NMT1
mutation,10401,NMT2
mutation,10402,NMU
mutation,10403,NMUR1
mutation,10404,NMUR2
mutation,10405,NNAT
mutation,10406,NNMT
mutation,10407,NNT
mutation,10408,NOA1
mutation,10409,NOB1
mutation,10410,NOBOX
mutation,10411,NOC2L
mutation,10412,NOC3L
mutation,10413,NOC4L
mutation,10414,NOCT
mutation,10415,NOD1
mutation,10416,NOD2
mutation,10417,NODAL
mutation,10418,NOG
mutation,10419,NOL10
mutation,10420,NOL11
mutation,10421,NOL12
mutation,10422,NOL3
mutation,10423,NOL4
mutation,10424,NOL4L
mutation,10425,NOL6
mutation,10426,NOL7
mutation,10427,NOL8
mutation,10428,NOL9
mutation,10429,NOLC1
mutation,10430,NOM1
mutation,10431,NOMO1
mutation,10432,NOMO2
mutation,10433,NOMO3
mutation,10434,NONO
mutation,10435,NOP10
mutation,10436,NOP14
mutation,10437,NOP16
mutation,10438,NOP2
mutation,10439,NOP53
mutation,10440,NOP56
mutation,10441,NOP58
mutation,10442,NOP9
mutation,10443,NOS1
mutation,10444,NOS1AP
mutation,10445,NOS2
mutation,10446,NOS3
mutation,10447,NOSIP
mutation,10448,NOSTRIN
mutation,10449,NOTCH1
mutation,10450,NOTCH2
mutation,10451,NOTCH3
mutation,10452,NOTCH4
mutation,10453,NOTO
mutation,10454,NOTUM
mutation,10455,NOVA1
mutation,10456,NOVA2
mutation,10457,NOX1
mutation,10458,NOX3
mutation,10459,NOX4
mutation,10460,NOX5
mutation,10461,NOXA1
mutation,10462,NOXRED1
mutation,10463,NPAP1
mutation,10464,NPAS1
mutation,10465,NPAS2
mutation,10466,NPAS3
mutation,10467,NPAS4
mutation,10468,NPAT
mutation,10469,NPBWR1
mutation,10470,NPBWR2
mutation,10471,NPC1
mutation,10472,NPC1L1
mutation,10473,NPC2
mutation,10474,NPDC1
mutation,10475,NPEPL1
mutation,10476,NPEPPS
mutation,10477,NPFF
mutation,10478,NPFFR1
mutation,10479,NPFFR2
mutation,10480,NPHP1
mutation,10481,NPHP3
mutation,10482,NPHP4
mutation,10483,NPHS1
mutation,10484,NPHS2
mutation,10485,NPIPA1
mutation,10486,NPIPA3
mutation,10487,NPIPA5
mutation,10488,NPIPB11
mutation,10489,NPIPB12
mutation,10490,NPIPB13
mutation,10491,NPIPB15
mutation,10492,NPIPB2
mutation,10493,NPIPB3
mutation,10494,NPIPB4
mutation,10495,NPIPB5
mutation,10496,NPIPB6
mutation,10497,NPIPB7
mutation,10498,NPIPB8
mutation,10499,NPL
mutation,10500,NPLOC4
mutation,10501,NPM1
mutation,10502,NPM2
mutation,10503,NPM3
mutation,10504,NPNT
mutation,10505,NPPA
mutation,10506,NPPB
mutation,10507,NPPC
mutation,10508,NPR1
mutation,10509,NPR2
mutation,10510,NPR3
mutation,10511,NPRL2
mutation,10512,NPRL3
mutation,10513,NPS
mutation,10514,NPSR1
mutation,10515,NPTN
mutation,10516,NPTX1
mutation,10517,NPTX2
mutation,10518,NPTXR
mutation,10519,NPVF
mutation,10520,NPW
mutation,10521,NPY
mutation,10522,NPY1R
mutation,10523,NPY2R
mutation,10524,NPY4R
mutation,10525,NPY4R2
mutation,10526,NPY5R
mutation,10527,NQO1
mutation,10528,NQO2
mutation,10529,NR0B1
mutation,10530,NR0B2
mutation,10531,NR1D1
mutation,10532,NR1D2
mutation,10533,NR1H2
mutation,10534,NR1H3
mutation,10535,NR1H4
mutation,10536,NR1I2
mutation,10537,NR1I3
mutation,10538,NR2C1
mutation,10539,NR2C2
mutation,10540,NR2C2AP
mutation,10541,NR2E1
mutation,10542,NR2E3
mutation,10543,NR2F1
mutation,10544,NR2F2
mutation,10545,NR2F6
mutation,10546,NR3C1
mutation,10547,NR3C2
mutation,10548,NR4A1
mutation,10549,NR4A2
mutation,10550,NR4A3
mutation,10551,NR5A1
mutation,10552,NR5A2
mutation,10553,NR6A1
mutation,10554,NRAP
mutation,10555,NRARP
mutation,10556,NRAS
mutation,10557,NRBF2
mutation,10558,NRBP1
mutation,10559,NRBP2
mutation,10560,NRCAM
mutation,10561,NRDC
mutation,10562,NRDE2
mutation,10563,NREP
mutation,10564,NRF1
mutation,10565,NRG1
mutation,10566,NRG2
mutation,10567,NRG3
mutation,10568,NRG4
mutation,10569,NRGN
mutation,10570,NRIP1
mutation,10571,NRIP2
mutation,10572,NRIP3
mutation,10573,NRK
mutation,10574,NRL
mutation,10575,NRM
mutation,10576,NRN1
mutation,10577,NRN1L
mutation,10578,NRP1
mutation,10579,NRP2
mutation,10580,NRROS
mutation,10581,NRSN1
mutation,10582,NRSN2
mutation,10583,NRTN
mutation,10584,NRXN1
mutation,10585,NRXN2
mutation,10586,NRXN3
mutation,10587,NSA2
mutation,10588,NSD1
mutation,10589,NSD2
mutation,10590,NSD3
mutation,10591,NSDHL
mutation,10592,NSF
mutation,10593,NSFL1C
mutation,10594,NSG1
mutation,10595,NSG2
mutation,10596,NSL1
mutation,10597,NSMAF
mutation,10598,NSMCE1
mutation,10599,NSMCE2
mutation,10600,NSMCE3
mutation,10601,NSMCE4A
mutation,10602,NSMF
mutation,10603,NSRP1
mutation,10604,NSUN2
mutation,10605,NSUN3
mutation,10606,NSUN4
mutation,10607,NSUN5
mutation,10608,NSUN6
mutation,10609,NSUN7
mutation,10610,NT5C
mutation,10611,NT5C1A
mutation,10612,NT5C1B
mutation,10613,NT5C2
mutation,10614,NT5C3A
mutation,10615,NT5C3B
mutation,10616,NT5DC1
mutation,10617,NT5DC2
mutation,10618,NT5DC3
mutation,10619,NT5DC4
mutation,10620,NT5E
mutation,10621,NT5M
mutation,10622,NTAN1
mutation,10623,NTAQ1
mutation,10624,NTF3
mutation,10625,NTF4
mutation,10626,NTHL1
mutation,10627,NTM
mutation,10628,NTMT1
mutation,10629,NTN1
mutation,10630,NTN3
mutation,10631,NTN4
mutation,10632,NTN5
mutation,10633,NTNG1
mutation,10634,NTNG2
mutation,10635,NTPCR
mutation,10636,NTRK1
mutation,10637,NTRK2
mutation,10638,NTRK3
mutation,10639,NTS
mutation,10640,NTSR1
mutation,10641,NTSR2
mutation,10642,NUAK1
mutation,10643,NUAK2
mutation,10644,NUB1
mutation,10645,NUBP1
mutation,10646,NUBP2
mutation,10647,NUBPL
mutation,10648,NUCB1
mutation,10649,NUCB2
mutation,10650,NUCKS1
mutation,10651,NUDC
mutation,10652,NUDCD1
mutation,10653,NUDCD2
mutation,10654,NUDCD3
mutation,10655,NUDT1
mutation,10656,NUDT10
mutation,10657,NUDT11
mutation,10658,NUDT12
mutation,10659,NUDT13
mutation,10660,NUDT14
mutation,10661,NUDT15
mutation,10662,NUDT16
mutation,10663,NUDT16L1
mutation,10664,NUDT17
mutation,10665,NUDT18
mutation,10666,NUDT19
mutation,10667,NUDT2
mutation,10668,NUDT21
mutation,10669,NUDT22
mutation,10670,NUDT3
mutation,10671,NUDT4
mutation,10672,NUDT5
mutation,10673,NUDT6
mutation,10674,NUDT7
mutation,10675,NUDT8
mutation,10676,NUDT9
mutation,10677,NUF2
mutation,10678,NUFIP1
mutation,10679,NUFIP2
mutation,10680,NUGGC
mutation,10681,NUMA1
mutation,10682,NUMB
mutation,10683,NUMBL
mutation,10684,NUP107
mutation,10685,NUP133
mutation,10686,NUP153
mutation,10687,NUP155
mutation,10688,NUP160
mutation,10689,NUP188
mutation,10690,NUP205
mutation,10691,NUP210
mutation,10692,NUP210L
mutation,10693,NUP214
mutation,10694,NUP35
mutation,10695,NUP37
mutation,10696,NUP42
mutation,10697,NUP43
mutation,10698,NUP50
mutation,10699,NUP54
mutation,10700,NUP58
mutation,10701,NUP62
mutation,10702,NUP62CL
mutation,10703,NUP85
mutation,10704,NUP88
mutation,10705,NUP93
mutation,10706,NUP98
mutation,10707,NUPR1
mutation,10708,NUS1
mutation,10709,NUSAP1
mutation,10710,NUTF2
mutation,10711,NUTM1
mutation,10712,NUTM2A
mutation,10713,NUTM2B
mutation,10714,NUTM2D
mutation,10715,NUTM2E
mutation,10716,NUTM2F
mutation,10717,NUTM2G
mutation,10718,NVL
mutation,10719,NWD1
mutation,10720,NWD2
mutation,10721,NXF1
mutation,10722,NXF3
mutation,10723,NXF5
mutation,10724,NXN
mutation,10725,NXNL1
mutation,10726,NXNL2
mutation,10727,NXPE1
mutation,10728,NXPE2
mutation,10729,NXPE3
mutation,10730,NXPE4
mutation,10731,NXPH1
mutation,10732,NXPH2
mutation,10733,NXPH3
mutation,10734,NXPH4
mutation,10735,NXT1
mutation,10736,NXT2
mutation,10737,NYAP1
mutation,10738,NYAP2
mutation,10739,NYNRIN
mutation,10740,NYX
mutation,10741,OAF
mutation,10742,OARD1
mutation,10743,OAS1
mutation,10744,OAS2
mutation,10745,OAS3
mutation,10746,OASL
mutation,10747,OAT
mutation,10748,OAZ1
mutation,10749,OAZ2
mutation,10750,OAZ3
mutation,10751,OBI1
mutation,10752,OBP2A
mutation,10753,OBP2B
mutation,10754,OBSCN
mutation,10755,OBSL1
mutation,10756,OC90
mutation,10757,OCA2
mutation,10758,OCEL1
mutation,10759,OCIAD1
mutation,10760,OCIAD2
mutation,10761,OCLM
mutation,10762,OCLN
mutation,10763,OCM
mutation,10764,OCM2
mutation,10765,OCRL
mutation,10766,OCSTAMP
mutation,10767,ODAD1
mutation,10768,ODAD2
mutation,10769,ODAD3
mutation,10770,ODAD4
mutation,10771,ODAM
mutation,10772,ODAPH
mutation,10773,ODC1
mutation,10774,ODF1
mutation,10775,ODF2
mutation,10776,ODF2L
mutation,10777,ODF3
mutation,10778,ODF3B
mutation,10779,ODF3L1
mutation,10780,CIMAP1D
mutation,10781,ODF4
mutation,10782,ODR4
mutation,10783,OFD1
mutation,10784,OGA
mutation,10785,OGDH
mutation,10786,OGDHL
mutation,10787,OGFOD1
mutation,10788,OGFOD2
mutation,10789,OGFOD3
mutation,10790,OGFR
mutation,10791,OGFRL1
mutation,10792,OGG1
mutation,10793,OGN
mutation,10794,OGT
mutation,10795,OIP5
mutation,10796,OIT3
mutation,10797,OLA1
mutation,10798,OLAH
mutation,10799,OLFM1
mutation,10800,OLFM2
mutation,10801,OLFM3
mutation,10802,OLFM4
mutation,10803,OLFML1
mutation,10804,OLFML2A
mutation,10805,OLFML2B
mutation,10806,OLFML3
mutation,10807,OLIG1
mutation,10808,OLIG2
mutation,10809,OLIG3
mutation,10810,OLR1
mutation,10811,OMA1
mutation,10812,OMD
mutation,10813,OMG
mutation,10814,OMP
mutation,10815,ONECUT1
mutation,10816,ONECUT2
mutation,10817,ONECUT3
mutation,10818,OOEP
mutation,10819,OOSP1
mutation,10820,OOSP2
mutation,10821,OPA1
mutation,10822,OPA3
mutation,10823,OPALIN
mutation,10824,OPCML
mutation,10825,OPHN1
mutation,10826,OPLAH
mutation,10827,OPN1LW
mutation,10828,OPN1MW
mutation,10829,OPN1SW
mutation,10830,OPN3
mutation,10831,OPN4
mutation,10832,OPN5
mutation,10833,OPRD1
mutation,10834,OPRK1
mutation,10835,OPRL1
mutation,10836,OPRM1
mutation,10837,OPRPN
mutation,10838,OPTC
mutation,10839,OPTN
mutation,10840,OR10A2
mutation,10841,OR10A3
mutation,10842,OR10A4
mutation,10843,OR10A5
mutation,10844,OR10A6
mutation,10845,OR10A7
mutation,10846,OR10AD1
mutation,10847,OR10AG1
mutation,10848,OR10C1
mutation,10849,OR10D3
mutation,10850,OR10G2
mutation,10851,OR10G3
mutation,10852,OR10G4
mutation,10853,OR10G6
mutation,10854,OR10G7
mutation,10855,OR10G8
mutation,10856,OR10G9
mutation,10857,OR10H1
mutation,10858,OR10H2
mutation,10859,OR10H3
mutation,10860,OR10H4
mutation,10861,OR10H5
mutation,10862,OR10J1
mutation,10863,OR10J3
mutation,10864,OR10J5
mutation,10865,OR10K1
mutation,10866,OR10K2
mutation,10867,OR10P1
mutation,10868,OR10Q1
mutation,10869,OR10R2
mutation,10870,OR10S1
mutation,10871,OR10T2
mutation,10872,OR10V1
mutation,10873,OR10W1
mutation,10874,OR10X1
mutation,10875,OR10Z1
mutation,10876,OR11A1
mutation,10877,OR11G2
mutation,10878,OR11H1
mutation,10879,OR11H12
mutation,10880,OR11H2
mutation,10881,OR11H4
mutation,10882,OR11H6
mutation,10883,OR11L1
mutation,10884,OR12D3
mutation,10885,OR13A1
mutation,10886,OR13C2
mutation,10887,OR13C3
mutation,10888,OR13C4
mutation,10889,OR13C5
mutation,10890,OR13C8
mutation,10891,OR13C9
mutation,10892,OR13D1
mutation,10893,OR13F1
mutation,10894,OR13G1
mutation,10895,OR13H1
mutation,10896,OR13J1
mutation,10897,OR14A16
mutation,10898,OR14A2
mutation,10899,OR14C36
mutation,10900,OR14I1
mutation,10901,OR14J1
mutation,10902,OR14K1
mutation,10903,OR1A1
mutation,10904,OR1A2
mutation,10905,OR1B1
mutation,10906,OR1C1
mutation,10907,OR1D2
mutation,10908,OR1D5
mutation,10909,OR1E1
mutation,10910,OR1E2
mutation,10911,OR1F1
mutation,10912,OR1G1
mutation,10913,OR1I1
mutation,10914,OR1J1
mutation,10915,OR1J2
mutation,10916,OR1J4
mutation,10917,OR1K1
mutation,10918,OR1L1
mutation,10919,OR1L3
mutation,10920,OR1L4
mutation,10921,OR1L6
mutation,10922,OR1L8
mutation,10923,OR1M1
mutation,10924,OR1N1
mutation,10925,OR1N2
mutation,10926,OR1Q1
mutation,10927,OR1S1
mutation,10928,OR1S2
mutation,10929,OR2A1
mutation,10930,OR2A12
mutation,10931,OR2A14
mutation,10932,OR2A2
mutation,10933,OR2A25
mutation,10934,OR2A4
mutation,10935,OR2A42
mutation,10936,OR2A5
mutation,10937,OR2A7
mutation,10938,OR2AE1
mutation,10939,OR2AG1
mutation,10940,OR2AG2
mutation,10941,OR2AJ1
mutation,10942,OR2AK2
mutation,10943,OR2AP1
mutation,10944,OR2AT4
mutation,10945,OR2B11
mutation,10946,OR2B2
mutation,10947,OR2B3
mutation,10948,OR2B6
mutation,10949,OR2C1
mutation,10950,OR2C3
mutation,10951,OR2D2
mutation,10952,OR2D3
mutation,10953,OR2F1
mutation,10954,OR2F2
mutation,10955,OR2G2
mutation,10956,OR2G3
mutation,10957,OR2G6
mutation,10958,OR2H1
mutation,10959,OR2H2
mutation,10960,OR2J1
mutation,10961,OR2J2
mutation,10962,OR2J3
mutation,10963,OR2K2
mutation,10964,OR2L13
mutation,10965,OR2L2
mutation,10966,OR2L3
mutation,10967,OR2L5
mutation,10968,OR2L8
mutation,10969,OR2M2
mutation,10970,OR2M3
mutation,10971,OR2M4
mutation,10972,OR2M5
mutation,10973,OR2M7
mutation,10974,OR2S2
mutation,10975,OR2T1
mutation,10976,OR2T10
mutation,10977,OR2T11
mutation,10978,OR2T12
mutation,10979,OR2T2
mutation,10980,OR2T27
mutation,10981,OR2T29
mutation,10982,OR2T3
mutation,10983,OR2T33
mutation,10984,OR2T34
mutation,10985,OR2T35
mutation,10986,OR2T4
mutation,10987,OR2T5
mutation,10988,OR2T6
mutation,10989,OR2T8
mutation,10990,OR2V1
mutation,10991,OR2V2
mutation,10992,OR2W1
mutation,10993,OR2W3
mutation,10994,OR2Y1
mutation,10995,OR2Z1
mutation,10996,OR3A1
mutation,10997,OR3A2
mutation,10998,OR3A3
mutation,10999,OR4A15
mutation,11000,OR4A16
mutation,11001,OR4A47
mutation,11002,OR4A5
mutation,11003,OR4B1
mutation,11004,OR4C11
mutation,11005,OR4C12
mutation,11006,OR4C13
mutation,11007,OR4C15
mutation,11008,OR4C16
mutation,11009,OR4C3
mutation,11010,OR4C45
mutation,11011,OR4C46
mutation,11012,OR4C5
mutation,11013,OR4C6
mutation,11014,OR4D1
mutation,11015,OR4D10
mutation,11016,OR4D11
mutation,11017,OR4D2
mutation,11018,OR4D5
mutation,11019,OR4D6
mutation,11020,OR4D9
mutation,11021,OR4E1
mutation,11022,OR4E2
mutation,11023,OR4F15
mutation,11024,OR4F17
mutation,11025,OR4F21
mutation,11026,OR4F4
mutation,11027,OR4F5
mutation,11028,OR4F6
mutation,11029,OR4K1
mutation,11030,OR4K13
mutation,11031,OR4K14
mutation,11032,OR4K15
mutation,11033,OR4K17
mutation,11034,OR4K2
mutation,11035,OR4K5
mutation,11036,OR4L1
mutation,11037,OR4M1
mutation,11038,OR4N2
mutation,11039,OR4N5
mutation,11040,OR4P4
mutation,11041,OR4Q2
mutation,11042,OR4Q3
mutation,11043,OR4S1
mutation,11044,OR4S2
mutation,11045,OR4X1
mutation,11046,OR4X2
mutation,11047,OR51A2
mutation,11048,OR51A4
mutation,11049,OR51A7
mutation,11050,OR51B4
mutation,11051,OR51B5
mutation,11052,OR51B6
mutation,11053,OR51D1
mutation,11054,OR51E1
mutation,11055,OR51E2
mutation,11056,OR51F2
mutation,11057,OR51G2
mutation,11058,OR51I1
mutation,11059,OR51I2
mutation,11060,OR51L1
mutation,11061,OR51M1
mutation,11062,OR51Q1
mutation,11063,OR51S1
mutation,11064,OR51T1
mutation,11065,OR51V1
mutation,11066,OR52A1
mutation,11067,OR52A5
mutation,11068,OR52B2
mutation,11069,OR52B4
mutation,11070,OR52B6
mutation,11071,OR52D1
mutation,11072,OR52E2
mutation,11073,OR52E4
mutation,11074,OR52E5
mutation,11075,OR52E6
mutation,11076,OR52E8
mutation,11077,OR52H1
mutation,11078,OR52I1
mutation,11079,OR52I2
mutation,11080,OR52J3
mutation,11081,OR52K1
mutation,11082,OR52K2
mutation,11083,OR52L1
mutation,11084,OR52M1
mutation,11085,OR52N1
mutation,11086,OR52N2
mutation,11087,OR52N4
mutation,11088,OR52N5
mutation,11089,OR52W1
mutation,11090,OR56A1
mutation,11091,OR56A3
mutation,11092,OR56A4
mutation,11093,OR56A5
mutation,11094,OR56B1
mutation,11095,OR56B4
mutation,11096,OR5A1
mutation,11097,OR5A2
mutation,11098,OR5AC2
mutation,11099,OR5AK2
mutation,11100,OR5AN1
mutation,11101,OR5AP2
mutation,11102,OR5AR1
mutation,11103,OR5AS1
mutation,11104,OR5AU1
mutation,11105,OR5B12
mutation,11106,OR5B17
mutation,11107,OR5B2
mutation,11108,OR5B21
mutation,11109,OR5B3
mutation,11110,OR5BS1P
mutation,11111,OR5C1
mutation,11112,OR5D13
mutation,11113,OR5D14
mutation,11114,OR5D16
mutation,11115,OR5D18
mutation,11116,OR5D3P
mutation,11117,OR5F1
mutation,11118,OR5H1
mutation,11119,OR5H14
mutation,11120,OR5H15
mutation,11121,OR5H2
mutation,11122,OR5H6
mutation,11123,OR5I1
mutation,11124,OR5J2
mutation,11125,OR5K1
mutation,11126,OR5K2
mutation,11127,OR5K3
mutation,11128,OR5K4
mutation,11129,OR5L1
mutation,11130,OR5L2
mutation,11131,OR5M1
mutation,11132,OR5M10
mutation,11133,OR5M11
mutation,11134,OR5M3
mutation,11135,OR5M8
mutation,11136,OR5M9
mutation,11137,OR5P2
mutation,11138,OR5P3
mutation,11139,OR5T1
mutation,11140,OR5T2
mutation,11141,OR5T3
mutation,11142,OR5V1
mutation,11143,OR5W2
mutation,11144,OR6A2
mutation,11145,OR6B1
mutation,11146,OR6B2
mutation,11147,OR6B3
mutation,11148,OR6C1
mutation,11149,OR6C2
mutation,11150,OR6C3
mutation,11151,OR6C4
mutation,11152,OR6C6
mutation,11153,OR6C65
mutation,11154,OR6C68
mutation,11155,OR6C70
mutation,11156,OR6C74
mutation,11157,OR6C75
mutation,11158,OR6C76
mutation,11159,OR6F1
mutation,11160,OR6J1
mutation,11161,OR6K2
mutation,11162,OR6K3
mutation,11163,OR6K6
mutation,11164,OR6M1
mutation,11165,OR6N1
mutation,11166,OR6N2
mutation,11167,OR6P1
mutation,11168,OR6Q1
mutation,11169,OR6S1
mutation,11170,OR6T1
mutation,11171,OR6V1
mutation,11172,OR6X1
mutation,11173,OR6Y1
mutation,11174,OR7A10
mutation,11175,OR7A17
mutation,11176,OR7A5
mutation,11177,OR7C1
mutation,11178,OR7C2
mutation,11179,OR7D2
mutation,11180,OR7D4
mutation,11181,OR7E24
mutation,11182,OR7G1
mutation,11183,OR7G2
mutation,11184,OR7G3
mutation,11185,OR8A1
mutation,11186,OR8B12
mutation,11187,OR8B2
mutation,11188,OR8B3
mutation,11189,OR8B4
mutation,11190,OR8B8
mutation,11191,OR8D1
mutation,11192,OR8D2
mutation,11193,OR8D4
mutation,11194,OR8G1
mutation,11195,OR8G5
mutation,11196,OR8H1
mutation,11197,OR8H2
mutation,11198,OR8H3
mutation,11199,OR8I2
mutation,11200,OR8J1
mutation,11201,OR8J3
mutation,11202,OR8K1
mutation,11203,OR8K3
mutation,11204,OR8K5
mutation,11205,OR8S1
mutation,11206,OR8U1
mutation,11207,OR8U3
mutation,11208,OR9A2
mutation,11209,OR9A4
mutation,11210,OR9G1
mutation,11211,OR9G4
mutation,11212,OR9I1
mutation,11213,OR9K2
mutation,11214,OR9Q1
mutation,11215,OR9Q2
mutation,11216,ORAI1
mutation,11217,ORAI2
mutation,11218,ORAI3
mutation,11219,ORC1
mutation,11220,ORC2
mutation,11221,ORC3
mutation,11222,ORC4
mutation,11223,ORC5
mutation,11224,ORC6
mutation,11225,ORM1
mutation,11226,ORM2
mutation,11227,ORMDL1
mutation,11228,ORMDL2
mutation,11229,ORMDL3
mutation,11230,OS9
mutation,11231,OSBP
mutation,11232,OSBP2
mutation,11233,OSBPL10
mutation,11234,OSBPL11
mutation,11235,OSBPL1A
mutation,11236,OSBPL2
mutation,11237,OSBPL3
mutation,11238,OSBPL5
mutation,11239,OSBPL6
mutation,11240,OSBPL7
mutation,11241,OSBPL8
mutation,11242,OSBPL9
mutation,11243,OSCAR
mutation,11244,OSCP1
mutation,11245,OSER1
mutation,11246,OSGEP
mutation,11247,OSGEPL1
mutation,11248,OSGIN1
mutation,11249,OSGIN2
mutation,11250,OSM
mutation,11251,OSMR
mutation,11252,OSR1
mutation,11253,OSR2
mutation,11254,OSTC
mutation,11255,OSTF1
mutation,11256,OSTM1
mutation,11257,OSTN
mutation,11258,OTC
mutation,11259,OTOA
mutation,11260,OTOF
mutation,11261,OTOG
mutation,11262,OTOGL
mutation,11263,OTOL1
mutation,11264,OTOP1
mutation,11265,OTOP2
mutation,11266,OTOP3
mutation,11267,OTOR
mutation,11268,OTOS
mutation,11269,OTP
mutation,11270,OTUB1
mutation,11271,OTUB2
mutation,11272,OTUD1
mutation,11273,OTUD3
mutation,11274,OTUD4
mutation,11275,OTUD5
mutation,11276,OTUD6A
mutation,11277,OTUD6B
mutation,11278,OTUD7A
mutation,11279,OTUD7B
mutation,11280,OTULIN
mutation,11281,OTULINL
mutation,11282,OTX1
mutation,11283,OTX2
mutation,11284,OVCA2
mutation,11285,OVCH1
mutation,11286,OVCH2
mutation,11287,OVGP1
mutation,11288,OVOL1
mutation,11289,OVOL2
mutation,11290,OVOL3
mutation,11291,OXA1L
mutation,11292,OXCT1
mutation,11293,OXCT2
mutation,11294,OXER1
mutation,11295,OXGR1
mutation,11296,OXLD1
mutation,11297,OXNAD1
mutation,11298,OXR1
mutation,11299,OXSM
mutation,11300,OXSR1
mutation,11301,OXT
mutation,11302,OXTR
mutation,11303,P2RX1
mutation,11304,P2RX2
mutation,11305,P2RX3
mutation,11306,P2RX4
mutation,11307,P2RX5
mutation,11308,P2RX6
mutation,11309,P2RX7
mutation,11310,P2RY1
mutation,11311,P2RY10
mutation,11312,P2RY11
mutation,11313,P2RY12
mutation,11314,P2RY13
mutation,11315,P2RY14
mutation,11316,P2RY2
mutation,11317,P2RY4
mutation,11318,P2RY6
mutation,11319,P2RY8
mutation,11320,P3H1
mutation,11321,P3H2
mutation,11322,P3H3
mutation,11323,P3H4
mutation,11324,P4HA1
mutation,11325,P4HA2
mutation,11326,P4HA3
mutation,11327,P4HB
mutation,11328,P4HTM
mutation,11329,PA2G4
mutation,11330,PAAF1
mutation,11331,PABIR2
mutation,11332,PABIR3
mutation,11333,PABPC1
mutation,11334,PABPC1L
mutation,11335,PABPC3
mutation,11336,PABPC4
mutation,11337,PABPC4L
mutation,11338,PABPC5
mutation,11339,PABPN1
mutation,11340,PABPN1L
mutation,11341,PACC1
mutation,11342,PACRG
mutation,11343,PACRGL
mutation,11344,PACS1
mutation,11345,PACS2
mutation,11346,PACSIN1
mutation,11347,PACSIN2
mutation,11348,PACSIN3
mutation,11349,PADI1
mutation,11350,PADI2
mutation,11351,PADI3
mutation,11352,PADI4
mutation,11353,PADI6
mutation,11354,PAEP
mutation,11355,PAF1
mutation,11356,PAFAH1B1
mutation,11357,PAFAH1B2
mutation,11358,PAFAH1B3
mutation,11359,PAFAH2
mutation,11360,PAG1
mutation,11361,PAGE1
mutation,11362,PAGE2
mutation,11363,PAGE2B
mutation,11364,PAGE3
mutation,11365,PAGE4
mutation,11366,PAGE5
mutation,11367,PAGR1
mutation,11368,PAH
mutation,11369,PAICS
mutation,11370,PAIP1
mutation,11371,PAIP2
mutation,11372,PAIP2B
mutation,11373,PAK1
mutation,11374,PAK1IP1
mutation,11375,PAK2
mutation,11376,PAK3
mutation,11377,PAK4
mutation,11378,PAK5
mutation,11379,PAK6
mutation,11380,PALB2
mutation,11381,PALD1
mutation,11382,PALLD
mutation,11383,PALM
mutation,11384,PALM2AKAP2
mutation,11385,PALM3
mutation,11386,PALMD
mutation,11387,PAM
mutation,11388,PAMR1
mutation,11389,PAN2
mutation,11390,PAN3
mutation,11391,PANK1
mutation,11392,PANK2
mutation,11393,PANK3
mutation,11394,PANK4
mutation,11395,PANX1
mutation,11396,PANX2
mutation,11397,PANX3
mutation,11398,PAOX
mutation,11399,PAPLN
mutation,11400,PAPOLA
mutation,11401,PAPOLB
mutation,11402,PAPOLG
mutation,11403,PAPPA
mutation,11404,PAPPA2
mutation,11405,PAPSS1
mutation,11406,PAPSS2
mutation,11407,PAQR3
mutation,11408,PAQR4
mutation,11409,PAQR5
mutation,11410,PAQR6
mutation,11411,PAQR7
mutation,11412,PAQR8
mutation,11413,PAQR9
mutation,11414,PARD3
mutation,11415,PARD3B
mutation,11416,PARD6A
mutation,11417,PARD6B
mutation,11418,PARD6G
mutation,11419,PARG
mutation,11420,PARK7
mutation,11421,PARL
mutation,11422,PARM1
mutation,11423,PARN
mutation,11424,PARP1
mutation,11425,PARP10
mutation,11426,PARP11
mutation,11427,PARP12
mutation,11428,PARP14
mutation,11429,PARP15
mutation,11430,PARP16
mutation,11431,PARP2
mutation,11432,PARP3
mutation,11433,PARP4
mutation,11434,PARP6
mutation,11435,PARP8
mutation,11436,PARP9
mutation,11437,PARPBP
mutation,11438,PARS2
mutation,11439,PARVA
mutation,11440,PARVB
mutation,11441,PARVG
mutation,11442,PASD1
mutation,11443,PASK
mutation,11444,PATE1
mutation,11445,PATE2
mutation,11446,PATE3
mutation,11447,PATE4
mutation,11448,PATJ
mutation,11449,PATL1
mutation,11450,PATL2
mutation,11451,PATZ1
mutation,11452,PAWR
mutation,11453,PAX1
mutation,11454,PAX2
mutation,11455,PAX3
mutation,11456,PAX4
mutation,11457,PAX5
mutation,11458,PAX6
mutation,11459,PAX7
mutation,11460,PAX8
mutation,11461,PAX9
mutation,11462,PAXBP1
mutation,11463,PAXIP1
mutation,11464,PAXX
mutation,11465,PBDC1
mutation,11466,PBK
mutation,11467,PBLD
mutation,11468,PBOV1
mutation,11469,PBRM1
mutation,11470,PBX1
mutation,11471,PBX2
mutation,11472,PBX3
mutation,11473,PBX4
mutation,11474,PBXIP1
mutation,11475,PC
mutation,11476,PCARE
mutation,11477,PCBD1
mutation,11478,PCBD2
mutation,11479,PCBP1
mutation,11480,PCBP2
mutation,11481,PCBP3
mutation,11482,PCBP4
mutation,11483,PCCA
mutation,11484,PCCB
mutation,11485,PCDH1
mutation,11486,PCDH10
mutation,11487,PCDH11X
mutation,11488,PCDH11Y
mutation,11489,PCDH12
mutation,11490,PCDH15
mutation,11491,PCDH17
mutation,11492,PCDH18
mutation,11493,PCDH19
mutation,11494,PCDH7
mutation,11495,PCDH8
mutation,11496,PCDH9
mutation,11497,PCDHA1
mutation,11498,PCDHA10
mutation,11499,PCDHA11
mutation,11500,PCDHA12
mutation,11501,PCDHA13
mutation,11502,PCDHA2
mutation,11503,PCDHA3
mutation,11504,PCDHA4
mutation,11505,PCDHA5
mutation,11506,PCDHA6
mutation,11507,PCDHA7
mutation,11508,PCDHA8
mutation,11509,PCDHA9
mutation,11510,PCDHAC1
mutation,11511,PCDHAC2
mutation,11512,PCDHB1
mutation,11513,PCDHB10
mutation,11514,PCDHB11
mutation,11515,PCDHB12
mutation,11516,PCDHB13
mutation,11517,PCDHB14
mutation,11518,PCDHB15
mutation,11519,PCDHB16
mutation,11520,PCDHB2
mutation,11521,PCDHB3
mutation,11522,PCDHB4
mutation,11523,PCDHB5
mutation,11524,PCDHB6
mutation,11525,PCDHB7
mutation,11526,PCDHB8
mutation,11527,PCDHB9
mutation,11528,PCDHGA1
mutation,11529,PCDHGA10
mutation,11530,PCDHGA11
mutation,11531,PCDHGA12
mutation,11532,PCDHGA2
mutation,11533,PCDHGA3
mutation,11534,PCDHGA4
mutation,11535,PCDHGA5
mutation,11536,PCDHGA6
mutation,11537,PCDHGA7
mutation,11538,PCDHGA8
mutation,11539,PCDHGA9
mutation,11540,PCDHGB1
mutation,11541,PCDHGB2
mutation,11542,PCDHGB3
mutation,11543,PCDHGB4
mutation,11544,PCDHGB5
mutation,11545,PCDHGB6
mutation,11546,PCDHGB7
mutation,11547,PCDHGC3
mutation,11548,PCDHGC4
mutation,11549,PCDHGC5
mutation,11550,PCED1A
mutation,11551,PCED1B
mutation,11552,PCF11
mutation,11553,PCGF1
mutation,11554,PCGF2
mutation,11555,PCGF3
mutation,11556,PCGF5
mutation,11557,PCGF6
mutation,11558,PCID2
mutation,11559,PCIF1
mutation,11560,PCK1
mutation,11561,PCK2
mutation,11562,PCLAF
mutation,11563,PCLO
mutation,11564,PCM1
mutation,11565,PCMT1
mutation,11566,PCMTD1
mutation,11567,PCMTD2
mutation,11568,PCNA
mutation,11569,PCNP
mutation,11570,PCNT
mutation,11571,PCNX1
mutation,11572,PCNX2
mutation,11573,PCNX3
mutation,11574,PCNX4
mutation,11575,PCOLCE
mutation,11576,PCOLCE2
mutation,11577,PCP2
mutation,11578,PCP4
mutation,11579,PCP4L1
mutation,11580,PCSK1
mutation,11581,PCSK1N
mutation,11582,PCSK2
mutation,11583,PCSK4
mutation,11584,PCSK5
mutation,11585,PCSK6
mutation,11586,PCSK7
mutation,11587,PCSK9
mutation,11588,PCTP
mutation,11589,PCYOX1
mutation,11590,PCYOX1L
mutation,11591,PCYT1A
mutation,11592,PCYT1B
mutation,11593,PCYT2
mutation,11594,PDAP1
mutation,11595,PDC
mutation,11596,PDCD1
mutation,11597,PDCD10
mutation,11598,PDCD11
mutation,11599,PDCD1LG2
mutation,11600,PDCD2
mutation,11601,PDCD2L
mutation,11602,PDCD4
mutation,11603,PDCD5
mutation,11604,PDCD6
mutation,11605,PDCD6IP
mutation,11606,PDCD7
mutation,11607,PDCL
mutation,11608,PDCL2
mutation,11609,PDCL3
mutation,11610,PDE10A
mutation,11611,PDE11A
mutation,11612,PDE12
mutation,11613,PDE1A
mutation,11614,PDE1B
mutation,11615,PDE1C
mutation,11616,PDE2A
mutation,11617,PDE3A
mutation,11618,PDE3B
mutation,11619,PDE4A
mutation,11620,PDE4B
mutation,11621,PDE4D
mutation,11622,PDE4DIP
mutation,11623,PDE5A
mutation,11624,PDE6A
mutation,11625,PDE6B
mutation,11626,PDE6C
mutation,11627,PDE6D
mutation,11628,PDE6G
mutation,11629,PDE6H
mutation,11630,PDE7A
mutation,11631,PDE7B
mutation,11632,PDE8A
mutation,11633,PDE8B
mutation,11634,PDE9A
mutation,11635,PDF
mutation,11636,PDGFA
mutation,11637,PDGFB
mutation,11638,PDGFC
mutation,11639,PDGFD
mutation,11640,PDGFRA
mutation,11641,PDGFRB
mutation,11642,PDGFRL
mutation,11643,PDHA1
mutation,11644,PDHA2
mutation,11645,PDHB
mutation,11646,PDHX
mutation,11647,PDIA2
mutation,11648,PDIA3
mutation,11649,PDIA4
mutation,11650,PDIA5
mutation,11651,PDIA6
mutation,11652,PDIK1L
mutation,11653,PDILT
mutation,11654,PDK1
mutation,11655,PDK2
mutation,11656,PDK3
mutation,11657,PDK4
mutation,11658,PDLIM1
mutation,11659,PDLIM2
mutation,11660,PDLIM3
mutation,11661,PDLIM4
mutation,11662,PDLIM5
mutation,11663,PDLIM7
mutation,11664,PDP1
mutation,11665,PDP2
mutation,11666,PDPK1
mutation,11667,PDPN
mutation,11668,PDPR
mutation,11669,PDRG1
mutation,11670,PDS5A
mutation,11671,PDS5B
mutation,11672,PDSS1
mutation,11673,PDSS2
mutation,11674,PDX1
mutation,11675,PDXDC1
mutation,11676,PDXK
mutation,11677,PDXP
mutation,11678,PDYN
mutation,11679,PDZD11
mutation,11680,PDZD2
mutation,11681,PDZD3
mutation,11682,PDZD4
mutation,11683,PDZD7
mutation,11684,PDZD8
mutation,11685,PDZD9
mutation,11686,PDZK1
mutation,11687,PDZK1IP1
mutation,11688,PDZRN3
mutation,11689,PDZRN4
mutation,11690,PEA15
mutation,11691,PEAK1
mutation,11692,PEAK3
mutation,11693,PEAR1
mutation,11694,PEBP1
mutation,11695,PEBP4
mutation,11696,PECAM1
mutation,11697,PECR
mutation,11698,PEDS1-UBE2V1
mutation,11699,PEF1
mutation,11700,PEG10
mutation,11701,PEG3
mutation,11702,PELI1
mutation,11703,PELI2
mutation,11704,PELI3
mutation,11705,PELO
mutation,11706,PELP1
mutation,11707,PEMT
mutation,11708,PENK
mutation,11709,PEPD
mutation,11710,PER1
mutation,11711,PER2
mutation,11712,PER3
mutation,11713,PERM1
mutation,11714,PERP
mutation,11715,PES1
mutation,11716,PET100
mutation,11717,PET117
mutation,11718,PEX1
mutation,11719,PEX10
mutation,11720,PEX11A
mutation,11721,PEX11B
mutation,11722,PEX11G
mutation,11723,PEX12
mutation,11724,PEX13
mutation,11725,PEX14
mutation,11726,PEX16
mutation,11727,PEX19
mutation,11728,PEX2
mutation,11729,PEX26
mutation,11730,PEX3
mutation,11731,PEX5
mutation,11732,PEX5L
mutation,11733,PEX6
mutation,11734,PEX7
mutation,11735,PF4
mutation,11736,PF4V1
mutation,11737,PFAS
mutation,11738,PFDN1
mutation,11739,PFDN2
mutation,11740,PFDN4
mutation,11741,PFDN5
mutation,11742,PFDN6
mutation,11743,PFKFB1
mutation,11744,PFKFB2
mutation,11745,PFKFB3
mutation,11746,PFKFB4
mutation,11747,PFKL
mutation,11748,PFKM
mutation,11749,PFKP
mutation,11750,PFN1
mutation,11751,PFN2
mutation,11752,PFN3
mutation,11753,PFN4
mutation,11754,PGA3
mutation,11755,PGA5
mutation,11756,PGAM1
mutation,11757,PGAM2
mutation,11758,PGAM4
mutation,11759,PGAM5
mutation,11760,PGAP1
mutation,11761,PGAP2
mutation,11762,PGAP3
mutation,11763,PGAP4
mutation,11764,PGAP6
mutation,11765,PGBD1
mutation,11766,PGBD2
mutation,11767,PGBD4
mutation,11768,PGBD5
mutation,11769,PGC
mutation,11770,PGD
mutation,11771,PGF
mutation,11772,PGGHG
mutation,11773,PGGT1B
mutation,11774,PGK1
mutation,11775,PGK2
mutation,11776,PGLS
mutation,11777,PGLYRP1
mutation,11778,PGLYRP2
mutation,11779,PGLYRP3
mutation,11780,PGLYRP4
mutation,11781,PGM1
mutation,11782,PGM2
mutation,11783,PGM2L1
mutation,11784,PGM3
mutation,11785,PGM5
mutation,11786,PGP
mutation,11787,PGPEP1
mutation,11788,PGPEP1L
mutation,11789,PGR
mutation,11790,PGRMC1
mutation,11791,PGRMC2
mutation,11792,PGS1
mutation,11793,PHACTR1
mutation,11794,PHACTR2
mutation,11795,PHACTR3
mutation,11796,PHACTR4
mutation,11797,PHAX
mutation,11798,PHB
mutation,11799,PHB2
mutation,11800,PHC1
mutation,11801,PHC2
mutation,11802,PHC3
mutation,11803,PHETA1
mutation,11804,PHETA2
mutation,11805,PHEX
mutation,11806,PHF1
mutation,11807,PHF10
mutation,11808,PHF11
mutation,11809,PHF12
mutation,11810,PHF13
mutation,11811,PHF14
mutation,11812,PHF19
mutation,11813,PHF2
mutation,11814,PHF20
mutation,11815,PHF20L1
mutation,11816,PHF21A
mutation,11817,PHF21B
mutation,11818,PHF23
mutation,11819,PHF24
mutation,11820,PHF3
mutation,11821,PHF5A
mutation,11822,PHF6
mutation,11823,PHF7
mutation,11824,PHF8
mutation,11825,PHGDH
mutation,11826,PHGR1
mutation,11827,PHIP
mutation,11828,PHKA1
mutation,11829,PHKA2
mutation,11830,PHKB
mutation,11831,PHKG1
mutation,11832,PHKG2
mutation,11833,PHLDA1
mutation,11834,PHLDA2
mutation,11835,PHLDA3
mutation,11836,PHLDB1
mutation,11837,PHLDB2
mutation,11838,PHLDB3
mutation,11839,PHLPP1
mutation,11840,PHLPP2
mutation,11841,PHOSPHO1
mutation,11842,PHOSPHO2
mutation,11843,PHOX2A
mutation,11844,PHOX2B
mutation,11845,PHPT1
mutation,11846,PHRF1
mutation,11847,PHTF1
mutation,11848,PHTF2
mutation,11849,PHYH
mutation,11850,PHYHD1
mutation,11851,PHYHIP
mutation,11852,PHYHIPL
mutation,11853,PHYKPL
mutation,11854,PI15
mutation,11855,PI16
mutation,11856,PI3
mutation,11857,PI4K2A
mutation,11858,PI4K2B
mutation,11859,PI4KA
mutation,11860,PI4KB
mutation,11861,PIANP
mutation,11862,PIAS1
mutation,11863,PIAS2
mutation,11864,PIAS3
mutation,11865,PIAS4
mutation,11866,PIBF1
mutation,11867,PICALM
mutation,11868,PICK1
mutation,11869,PID1
mutation,11870,PIDD1
mutation,11871,PIEZO1
mutation,11872,PIEZO2
mutation,11873,PIF1
mutation,11874,PIFO
mutation,11875,PIGA
mutation,11876,PIGB
mutation,11877,PIGBOS1
mutation,11878,PIGC
mutation,11879,PIGF
mutation,11880,PIGG
mutation,11881,PIGH
mutation,11882,PIGK
mutation,11883,PIGL
mutation,11884,PIGM
mutation,11885,PIGN
mutation,11886,PIGO
mutation,11887,PIGP
mutation,11888,PIGQ
mutation,11889,PIGR
mutation,11890,PIGS
mutation,11891,PIGT
mutation,11892,PIGU
mutation,11893,PIGV
mutation,11894,PIGW
mutation,11895,PIGX
mutation,11896,PIGZ
mutation,11897,PIH1D1
mutation,11898,PIH1D2
mutation,11899,PIK3AP1
mutation,11900,PIK3C2A
mutation,11901,PIK3C2B
mutation,11902,PIK3C2G
mutation,11903,PIK3C3
mutation,11904,PIK3CA
mutation,11905,PIK3CB
mutation,11906,PIK3CD
mutation,11907,PIK3CG
mutation,11908,PIK3IP1
mutation,11909,PIK3R1
mutation,11910,PIK3R2
mutation,11911,PIK3R3
mutation,11912,PIK3R4
mutation,11913,PIK3R5
mutation,11914,PIK3R6
mutation,11915,PIKFYVE
mutation,11916,PILRA
mutation,11917,PILRB
mutation,11918,PIM1
mutation,11919,PIM2
mutation,11920,PIM3
mutation,11921,PIMREG
mutation,11922,PIN1
mutation,11923,PIN4
mutation,11924,PINK1
mutation,11925,PINLYP
mutation,11926,PINX1
mutation,11927,PIP
mutation,11928,PIP4K2A
mutation,11929,PIP4K2B
mutation,11930,PIP4K2C
mutation,11931,PIP4P1
mutation,11932,PIP4P2
mutation,11933,PIP5K1A
mutation,11934,PIP5K1B
mutation,11935,PIP5K1C
mutation,11936,PIP5KL1
mutation,11937,PIPOX
mutation,11938,PIR
mutation,11939,PIRT
mutation,11940,PISD
mutation,11941,PITHD1
mutation,11942,PITPNA
mutation,11943,PITPNB
mutation,11944,PITPNC1
mutation,11945,PITPNM1
mutation,11946,PITPNM2
mutation,11947,PITPNM3
mutation,11948,PITRM1
mutation,11949,PITX1
mutation,11950,PITX2
mutation,11951,PITX3
mutation,11952,PIWIL1
mutation,11953,PIWIL2
mutation,11954,PIWIL3
mutation,11955,PIWIL4
mutation,11956,PJA1
mutation,11957,PJA2
mutation,11958,PJVK
mutation,11959,PKD1
mutation,11960,PKD1L1
mutation,11961,PKD1L2
mutation,11962,PKD1L3
mutation,11963,PKD2
mutation,11964,PKD2L1
mutation,11965,PKD2L2
mutation,11966,PKDCC
mutation,11967,PKDREJ
mutation,11968,PKHD1
mutation,11969,PKHD1L1
mutation,11970,PKIA
mutation,11971,PKIB
mutation,11972,PKIG
mutation,11973,PKLR
mutation,11974,PKM
mutation,11975,PKMYT1
mutation,11976,PKN1
mutation,11977,PKN2
mutation,11978,PKN3
mutation,11979,PKNOX1
mutation,11980,PKNOX2
mutation,11981,PKP1
mutation,11982,PKP2
mutation,11983,PKP3
mutation,11984,PKP4
mutation,11985,PLA1A
mutation,11986,PLA2G12A
mutation,11987,PLA2G12B
mutation,11988,PLA2G15
mutation,11989,PLA2G1B
mutation,11990,PLA2G2A
mutation,11991,PLA2G2C
mutation,11992,PLA2G2D
mutation,11993,PLA2G2E
mutation,11994,PLA2G2F
mutation,11995,PLA2G3
mutation,11996,PLA2G4A
mutation,11997,PLA2G4C
mutation,11998,PLA2G4D
mutation,11999,PLA2G4E
mutation,12000,PLA2G4F
mutation,12001,PLA2G5
mutation,12002,PLA2G6
mutation,12003,PLA2G7
mutation,12004,PLA2R1
mutation,12005,PLAA
mutation,12006,PLAAT1
mutation,12007,PLAAT2
mutation,12008,PLAAT3
mutation,12009,PLAAT4
mutation,12010,PLAAT5
mutation,12011,PLAC1
mutation,12012,PLAC8
mutation,12013,PLAC8L1
mutation,12014,PLAC9
mutation,12015,PLAG1
mutation,12016,PLAGL1
mutation,12017,PLAGL2
mutation,12018,PLAT
mutation,12019,PLAU
mutation,12020,PLAUR
mutation,12021,PLB1
mutation,12022,PLBD1
mutation,12023,PLBD2
mutation,12024,PLCB1
mutation,12025,PLCB2
mutation,12026,PLCB3
mutation,12027,PLCB4
mutation,12028,PLCD1
mutation,12029,PLCD3
mutation,12030,PLCD4
mutation,12031,PLCE1
mutation,12032,PLCG1
mutation,12033,PLCG2
mutation,12034,PLCH1
mutation,12035,PLCH2
mutation,12036,PLCL1
mutation,12037,PLCL2
mutation,12038,PLCXD1
mutation,12039,PLCXD2
mutation,12040,PLCXD3
mutation,12041,PLCZ1
mutation,12042,PLD1
mutation,12043,PLD2
mutation,12044,PLD3
mutation,12045,PLD4
mutation,12046,PLD5
mutation,12047,PLD6
mutation,12048,PLEC
mutation,12049,PLEK
mutation,12050,PLEK2
mutation,12051,PLEKHA1
mutation,12052,PLEKHA2
mutation,12053,PLEKHA3
mutation,12054,PLEKHA4
mutation,12055,PLEKHA5
mutation,12056,PLEKHA6
mutation,12057,PLEKHA7
mutation,12058,PLEKHA8
mutation,12059,PLEKHB1
mutation,12060,PLEKHB2
mutation,12061,PLEKHD1
mutation,12062,PLEKHF1
mutation,12063,PLEKHF2
mutation,12064,PLEKHG1
mutation,12065,PLEKHG2
mutation,12066,PLEKHG3
mutation,12067,PLEKHG4
mutation,12068,PLEKHG4B
mutation,12069,PLEKHG5
mutation,12070,PLEKHG6
mutation,12071,PLEKHH1
mutation,12072,PLEKHH2
mutation,12073,PLEKHH3
mutation,12074,PLEKHJ1
mutation,12075,PLEKHM1
mutation,12076,PLEKHM2
mutation,12077,PLEKHM3
mutation,12078,PLEKHN1
mutation,12079,PLEKHO1
mutation,12080,PLEKHO2
mutation,12081,PLEKHS1
mutation,12082,PLET1
mutation,12083,PLG
mutation,12084,PLGRKT
mutation,12085,PLIN1
mutation,12086,PLIN2
mutation,12087,PLIN3
mutation,12088,PLIN4
mutation,12089,PLIN5
mutation,12090,PLK1
mutation,12091,PLK2
mutation,12092,PLK3
mutation,12093,PLK4
mutation,12094,PLK5
mutation,12095,PLLP
mutation,12096,PLN
mutation,12097,PLOD1
mutation,12098,PLOD2
mutation,12099,PLOD3
mutation,12100,PLP1
mutation,12101,PLP2
mutation,12102,PLPBP
mutation,12103,PLPP1
mutation,12104,PLPP2
mutation,12105,PLPP3
mutation,12106,PLPP4
mutation,12107,PLPP5
mutation,12108,PLPP6
mutation,12109,PLPP7
mutation,12110,PLPPR1
mutation,12111,PLPPR2
mutation,12112,PLPPR3
mutation,12113,PLPPR4
mutation,12114,PLPPR5
mutation,12115,PLRG1
mutation,12116,PLS1
mutation,12117,PLS3
mutation,12118,PLSCR1
mutation,12119,PLSCR2
mutation,12120,PLSCR3
mutation,12121,PLSCR4
mutation,12122,PLSCR5
mutation,12123,PLTP
mutation,12124,PLVAP
mutation,12125,PLXDC1
mutation,12126,PLXDC2
mutation,12127,PLXNA1
mutation,12128,PLXNA2
mutation,12129,PLXNA3
mutation,12130,PLXNA4
mutation,12131,PLXNB1
mutation,12132,PLXNB2
mutation,12133,PLXNB3
mutation,12134,PLXNC1
mutation,12135,PLXND1
mutation,12136,PM20D1
mutation,12137,PM20D2
mutation,12138,PMAIP1
mutation,12139,PMCH
mutation,12140,PMEL
mutation,12141,PMEPA1
mutation,12142,PMF1
mutation,12143,PMF1-BGLAP
mutation,12144,PMFBP1
mutation,12145,PML
mutation,12146,PMM1
mutation,12147,PMM2
mutation,12148,PMP2
mutation,12149,PMP22
mutation,12150,PMPCA
mutation,12151,PMPCB
mutation,12152,PMS1
mutation,12153,PMS2
mutation,12154,PMVK
mutation,12155,PNCK
mutation,12156,PNISR
mutation,12157,PNKD
mutation,12158,PNKP
mutation,12159,PNLDC1
mutation,12160,PNLIP
mutation,12161,PNLIPRP1
mutation,12162,PNLIPRP2
mutation,12163,PNLIPRP3
mutation,12164,PNMA1
mutation,12165,PNMA2
mutation,12166,PNMA3
mutation,12167,PNMA5
mutation,12168,PNMA6A
mutation,12169,PNMA6E
mutation,12170,PNMA6F
mutation,12171,PNMA8A
mutation,12172,PNMA8B
mutation,12173,PNMT
mutation,12174,PNN
mutation,12175,PNO1
mutation,12176,PNOC
mutation,12177,PNP
mutation,12178,PNPLA1
mutation,12179,PNPLA2
mutation,12180,PNPLA3
mutation,12181,PNPLA4
mutation,12182,PNPLA5
mutation,12183,PNPLA6
mutation,12184,PNPLA7
mutation,12185,PNPLA8
mutation,12186,PNPO
mutation,12187,PNPT1
mutation,12188,PNRC1
mutation,12189,PNRC2
mutation,12190,POC1A
mutation,12191,POC1B
mutation,12192,POC5
mutation,12193,PODN
mutation,12194,PODNL1
mutation,12195,PODXL
mutation,12196,PODXL2
mutation,12197,POF1B
mutation,12198,POFUT1
mutation,12199,POFUT2
mutation,12200,POGK
mutation,12201,POGLUT1
mutation,12202,POGLUT2
mutation,12203,POGLUT3
mutation,12204,POGZ
mutation,12205,POLA1
mutation,12206,POLA2
mutation,12207,POLB
mutation,12208,POLD1
mutation,12209,POLD2
mutation,12210,POLD3
mutation,12211,POLD4
mutation,12212,POLDIP2
mutation,12213,POLDIP3
mutation,12214,POLE
mutation,12215,POLE2
mutation,12216,POLE3
mutation,12217,POLE4
mutation,12218,POLG
mutation,12219,POLG2
mutation,12220,POLH
mutation,12221,POLI
mutation,12222,POLK
mutation,12223,POLL
mutation,12224,POLM
mutation,12225,POLN
mutation,12226,POLQ
mutation,12227,POLR1A
mutation,12228,POLR1B
mutation,12229,POLR1C
mutation,12230,POLR1D
mutation,12231,POLR1E
mutation,12232,POLR1F
mutation,12233,POLR1G
mutation,12234,POLR1H
mutation,12235,POLR2A
mutation,12236,POLR2B
mutation,12237,POLR2C
mutation,12238,POLR2D
mutation,12239,POLR2E
mutation,12240,POLR2F
mutation,12241,POLR2G
mutation,12242,POLR2H
mutation,12243,POLR2I
mutation,12244,POLR2J
mutation,12245,POLR2J2
mutation,12246,POLR2J3
mutation,12247,POLR2K
mutation,12248,POLR2L
mutation,12249,POLR2M
mutation,12250,POLR3A
mutation,12251,POLR3B
mutation,12252,POLR3C
mutation,12253,POLR3D
mutation,12254,POLR3E
mutation,12255,POLR3F
mutation,12256,POLR3G
mutation,12257,POLR3GL
mutation,12258,POLR3H
mutation,12259,POLR3K
mutation,12260,POLRMT
mutation,12261,POM121
mutation,12262,POM121C
mutation,12263,POM121L12
mutation,12264,POM121L2
mutation,12265,POMC
mutation,12266,POMGNT1
mutation,12267,POMGNT2
mutation,12268,POMK
mutation,12269,POMP
mutation,12270,POMT1
mutation,12271,POMT2
mutation,12272,POMZP3
mutation,12273,PON1
mutation,12274,PON2
mutation,12275,PON3
mutation,12276,POP1
mutation,12277,POP4
mutation,12278,POP5
mutation,12279,POP7
mutation,12280,POPDC2
mutation,12281,POPDC3
mutation,12282,POR
mutation,12283,PORCN
mutation,12284,POSTN
mutation,12285,POT1
mutation,12286,POTEB3
mutation,12287,POTEC
mutation,12288,POTED
mutation,12289,POTEE
mutation,12290,POTEF
mutation,12291,POTEG
mutation,12292,POTEH
mutation,12293,POTEI
mutation,12294,POTEJ
mutation,12295,POTEM
mutation,12296,POU1F1
mutation,12297,POU2AF1
mutation,12298,POU2F1
mutation,12299,POU2F2
mutation,12300,POU2F3
mutation,12301,POU3F1
mutation,12302,POU3F2
mutation,12303,POU3F3
mutation,12304,POU3F4
mutation,12305,POU4F1
mutation,12306,POU4F2
mutation,12307,POU4F3
mutation,12308,POU5F1
mutation,12309,POU5F1B
mutation,12310,POU5F2
mutation,12311,POU6F1
mutation,12312,POU6F2
mutation,12313,PP2D1
mutation,12314,PPA1
mutation,12315,PPA2
mutation,12316,PPAN
mutation,12317,PPARA
mutation,12318,PPARD
mutation,12319,PPARG
mutation,12320,PPARGC1A
mutation,12321,PPARGC1B
mutation,12322,PPAT
mutation,12323,PPBP
mutation,12324,PPCDC
mutation,12325,PPCS
mutation,12326,PPDPF
mutation,12327,PPDPFL
mutation,12328,PPEF1
mutation,12329,PPEF2
mutation,12330,PPFIA1
mutation,12331,PPFIA2
mutation,12332,PPFIA3
mutation,12333,PPFIA4
mutation,12334,PPFIBP1
mutation,12335,PPFIBP2
mutation,12336,PPHLN1
mutation,12337,PPIA
mutation,12338,PPIAL4A
mutation,12339,PPIAL4D
mutation,12340,PPIAL4G
mutation,12341,PPIB
mutation,12342,PPIC
mutation,12343,PPID
mutation,12344,PPIE
mutation,12345,PPIF
mutation,12346,PPIG
mutation,12347,PPIH
mutation,12348,PPIL1
mutation,12349,PPIL2
mutation,12350,PPIL3
mutation,12351,PPIL4
mutation,12352,PPIL6
mutation,12353,PPIP5K1
mutation,12354,PPIP5K2
mutation,12355,PPL
mutation,12356,PPM1A
mutation,12357,PPM1B
mutation,12358,PPM1D
mutation,12359,PPM1E
mutation,12360,PPM1F
mutation,12361,PPM1G
mutation,12362,PPM1H
mutation,12363,PPM1J
mutation,12364,PPM1K
mutation,12365,PPM1L
mutation,12366,PPM1M
mutation,12367,PPM1N
mutation,12368,PPME1
mutation,12369,PPOX
mutation,12370,PPP1CA
mutation,12371,PPP1CB
mutation,12372,PPP1CC
mutation,12373,PPP1R10
mutation,12374,PPP1R11
mutation,12375,PPP1R12A
mutation,12376,PPP1R12B
mutation,12377,PPP1R12C
mutation,12378,PPP1R13B
mutation,12379,PPP1R13L
mutation,12380,PPP1R14A
mutation,12381,PPP1R14B
mutation,12382,PPP1R14C
mutation,12383,PPP1R14D
mutation,12384,PPP1R15A
mutation,12385,PPP1R15B
mutation,12386,PPP1R16A
mutation,12387,PPP1R16B
mutation,12388,PPP1R17
mutation,12389,PPP1R18
mutation,12390,PPP1R1A
mutation,12391,PPP1R1B
mutation,12392,PPP1R1C
mutation,12393,PPP1R2
mutation,12394,PPP1R21
mutation,12395,PPP1R26
mutation,12396,PPP1R27
mutation,12397,PPP1R2B
mutation,12398,PPP1R32
mutation,12399,PPP1R35
mutation,12400,PPP1R36
mutation,12401,PPP1R37
mutation,12402,PPP1R3A
mutation,12403,PPP1R3B
mutation,12404,PPP1R3C
mutation,12405,PPP1R3D
mutation,12406,PPP1R3E
mutation,12407,PPP1R3F
mutation,12408,PPP1R3G
mutation,12409,PPP1R42
mutation,12410,PPP1R7
mutation,12411,PPP1R8
mutation,12412,PPP1R9A
mutation,12413,PPP1R9B
mutation,12414,PPP2CA
mutation,12415,PPP2CB
mutation,12416,PPP2R1A
mutation,12417,PPP2R1B
mutation,12418,PPP2R2A
mutation,12419,PPP2R2B
mutation,12420,PPP2R2C
mutation,12421,PPP2R2D
mutation,12422,PPP2R3A
mutation,12423,PPP2R3B
mutation,12424,PPP2R3C
mutation,12425,PPP2R5A
mutation,12426,PPP2R5B
mutation,12427,PPP2R5C
mutation,12428,PPP2R5D
mutation,12429,PPP2R5E
mutation,12430,PPP3CA
mutation,12431,PPP3CB
mutation,12432,PPP3CC
mutation,12433,PPP3R1
mutation,12434,PPP3R2
mutation,12435,PPP4C
mutation,12436,PPP4R1
mutation,12437,PPP4R2
mutation,12438,PPP4R3A
mutation,12439,PPP4R3B
mutation,12440,PPP4R3C
mutation,12441,PPP4R4
mutation,12442,PPP5C
mutation,12443,PPP5D1
mutation,12444,PPP6C
mutation,12445,PPP6R1
mutation,12446,PPP6R2
mutation,12447,PPP6R3
mutation,12448,PPRC1
mutation,12449,PPT1
mutation,12450,PPT2
mutation,12451,PPTC7
mutation,12452,PPWD1
mutation,12453,PPY
mutation,12454,PQBP1
mutation,12455,PRAC1
mutation,12456,PRAC2
mutation,12457,PRADC1
mutation,12458,PRAF2
mutation,12459,PRAG1
mutation,12460,PRAM1
mutation,12461,PRAME
mutation,12462,PRAMEF1
mutation,12463,PRAMEF10
mutation,12464,PRAMEF11
mutation,12465,PRAMEF12
mutation,12466,PRAMEF13
mutation,12467,PRAMEF14
mutation,12468,PRAMEF15
mutation,12469,PRAMEF17
mutation,12470,PRAMEF18
mutation,12471,PRAMEF19
mutation,12472,PRAMEF2
mutation,12473,PRAMEF20
mutation,12474,PRAMEF27
mutation,12475,PRAMEF33
mutation,12476,PRAMEF4
mutation,12477,PRAMEF5
mutation,12478,PRAMEF6
mutation,12479,PRAMEF7
mutation,12480,PRAMEF8
mutation,12481,PRAMEF9
mutation,12482,PRAP1
mutation,12483,PRB1
mutation,12484,PRB2
mutation,12485,PRB3
mutation,12486,PRB4
mutation,12487,PRC1
mutation,12488,PRCC
mutation,12489,PRCD
mutation,12490,PRCP
mutation,12491,PRDM1
mutation,12492,PRDM10
mutation,12493,PRDM11
mutation,12494,PRDM12
mutation,12495,PRDM13
mutation,12496,PRDM14
mutation,12497,PRDM15
mutation,12498,PRDM16
mutation,12499,PRDM2
mutation,12500,PRDM4
mutation,12501,PRDM5
mutation,12502,PRDM6
mutation,12503,PRDM7
mutation,12504,PRDM8
mutation,12505,PRDM9
mutation,12506,PRDX1
mutation,12507,PRDX2
mutation,12508,PRDX3
mutation,12509,PRDX4
mutation,12510,PRDX5
mutation,12511,PRDX6
mutation,12512,PREB
mutation,12513,PRELID1
mutation,12514,PRELID2
mutation,12515,PRELID3A
mutation,12516,PRELID3B
mutation,12517,PRELP
mutation,12518,PREP
mutation,12519,PREPL
mutation,12520,PREX1
mutation,12521,PREX2
mutation,12522,PRF1
mutation,12523,PRG2
mutation,12524,PRG3
mutation,12525,PRG4
mutation,12526,PRH1
mutation,12527,PRH2
mutation,12528,PRICKLE1
mutation,12529,PRICKLE2
mutation,12530,PRICKLE3
mutation,12531,PRICKLE4
mutation,12532,PRIM1
mutation,12533,PRIM2
mutation,12534,PRIMA1
mutation,12535,PRIMPOL
mutation,12536,PRKAA1
mutation,12537,PRKAA2
mutation,12538,PRKAB1
mutation,12539,PRKAB2
mutation,12540,PRKACA
mutation,12541,PRKACB
mutation,12542,PRKACG
mutation,12543,PRKAG1
mutation,12544,PRKAG2
mutation,12545,PRKAG3
mutation,12546,PRKAR1A
mutation,12547,PRKAR1B
mutation,12548,PRKAR2A
mutation,12549,PRKAR2B
mutation,12550,PRKCA
mutation,12551,PRKCB
mutation,12552,PRKCD
mutation,12553,PRKCE
mutation,12554,PRKCG
mutation,12555,PRKCH
mutation,12556,PRKCI
mutation,12557,PRKCQ
mutation,12558,PRKCSH
mutation,12559,PRKCZ
mutation,12560,PRKD1
mutation,12561,PRKD2
mutation,12562,PRKD3
mutation,12563,PRKDC
mutation,12564,PRKG1
mutation,12565,PRKG2
mutation,12566,PRKN
mutation,12567,PRKRA
mutation,12568,PRKRIP1
mutation,12569,PRKX
mutation,12570,PRKY
mutation,12571,PRL
mutation,12572,PRLH
mutation,12573,PRLHR
mutation,12574,PRLR
mutation,12575,PRM1
mutation,12576,PRM2
mutation,12577,PRM3
mutation,12578,PRMT1
mutation,12579,PRMT2
mutation,12580,PRMT3
mutation,12581,PRMT5
mutation,12582,PRMT6
mutation,12583,PRMT7
mutation,12584,PRMT8
mutation,12585,PRMT9
mutation,12586,PRND
mutation,12587,PRNP
mutation,12588,PROB1
mutation,12589,PROC
mutation,12590,PROCA1
mutation,12591,PROCR
mutation,12592,PRODH
mutation,12593,PRODH2
mutation,12594,PROK1
mutation,12595,PROK2
mutation,12596,PROKR1
mutation,12597,PROKR2
mutation,12598,PROM1
mutation,12599,PROM2
mutation,12600,PROP1
mutation,12601,PRORP
mutation,12602,PROS1
mutation,12603,PROSER1
mutation,12604,PROSER2
mutation,12605,PROSER3
mutation,12606,PROX1
mutation,12607,PROX2
mutation,12608,PROZ
mutation,12609,PRPF18
mutation,12610,PRPF19
mutation,12611,PRPF3
mutation,12612,PRPF31
mutation,12613,PRPF38A
mutation,12614,PRPF38B
mutation,12615,PRPF39
mutation,12616,PRPF4
mutation,12617,PRPF40A
mutation,12618,PRPF40B
mutation,12619,PRPF4B
mutation,12620,PRPF6
mutation,12621,PRPF8
mutation,12622,PRPH
mutation,12623,PRPH2
mutation,12624,PRPS1
mutation,12625,PRPS1L1
mutation,12626,PRPS2
mutation,12627,PRPSAP1
mutation,12628,PRPSAP2
mutation,12629,PRR11
mutation,12630,PRR12
mutation,12631,PRR13
mutation,12632,PRR14
mutation,12633,PRR14L
mutation,12634,PRR15
mutation,12635,PRR15L
mutation,12636,PRR16
mutation,12637,PRR18
mutation,12638,PRR19
mutation,12639,PRR22
mutation,12640,PRR23A
mutation,12641,PRR23B
mutation,12642,PRR23C
mutation,12643,PRR27
mutation,12644,PRR29
mutation,12645,PRR3
mutation,12646,PRR30
mutation,12647,PRR32
mutation,12648,PRR35
mutation,12649,PRR36
mutation,12650,PRR4
mutation,12651,PRR5
mutation,12652,PRR5-ARHGAP8
mutation,12653,PRR5L
mutation,12654,PRR7
mutation,12655,PRR9
mutation,12656,PRRC1
mutation,12657,PRRC2A
mutation,12658,PRRC2B
mutation,12659,PRRC2C
mutation,12660,PRRG1
mutation,12661,PRRG2
mutation,12662,PRRG3
mutation,12663,PRRG4
mutation,12664,PRRT1
mutation,12665,PRRT1B
mutation,12666,PRRT2
mutation,12667,PRRT3
mutation,12668,PRRT4
mutation,12669,PRRX1
mutation,12670,PRRX2
mutation,12671,PRSS1
mutation,12672,PRSS12
mutation,12673,PRSS16
mutation,12674,PRSS2
mutation,12675,PRSS21
mutation,12676,PRSS22
mutation,12677,PRSS23
mutation,12678,PRSS27
mutation,12679,PRSS3
mutation,12680,PRSS33
mutation,12681,PRSS35
mutation,12682,PRSS36
mutation,12683,PRSS37
mutation,12684,PRSS38
mutation,12685,PRSS41
mutation,12686,PRSS48
mutation,12687,PRSS50
mutation,12688,PRSS53
mutation,12689,PRSS54
mutation,12690,PRSS55
mutation,12691,PRSS56
mutation,12692,PRSS57
mutation,12693,PRSS58
mutation,12694,PRSS8
mutation,12695,PRTFDC1
mutation,12696,PRTG
mutation,12697,PRTN3
mutation,12698,PRUNE1
mutation,12699,PRUNE2
mutation,12700,PRX
mutation,12701,PRXL2A
mutation,12702,PRXL2C
mutation,12703,PSAP
mutation,12704,PSAPL1
mutation,12705,PSAT1
mutation,12706,PSCA
mutation,12707,PSD
mutation,12708,PSD2
mutation,12709,PSD3
mutation,12710,PSD4
mutation,12711,PSEN1
mutation,12712,PSEN2
mutation,12713,PSENEN
mutation,12714,PSG1
mutation,12715,PSG11
mutation,12716,PSG2
mutation,12717,PSG3
mutation,12718,PSG4
mutation,12719,PSG5
mutation,12720,PSG6
mutation,12721,PSG7
mutation,12722,PSG8
mutation,12723,PSG9
mutation,12724,PSIP1
mutation,12725,PSKH1
mutation,12726,PSKH2
mutation,12727,PSMA1
mutation,12728,PSMA2
mutation,12729,PSMA3
mutation,12730,PSMA4
mutation,12731,PSMA5
mutation,12732,PSMA6
mutation,12733,PSMA7
mutation,12734,PSMA8
mutation,12735,PSMB1
mutation,12736,PSMB10
mutation,12737,PSMB11
mutation,12738,PSMB2
mutation,12739,PSMB3
mutation,12740,PSMB4
mutation,12741,PSMB5
mutation,12742,PSMB6
mutation,12743,PSMB7
mutation,12744,PSMB8
mutation,12745,PSMB9
mutation,12746,PSMC1
mutation,12747,PSMC2
mutation,12748,PSMC3
mutation,12749,PSMC3IP
mutation,12750,PSMC4
mutation,12751,PSMC5
mutation,12752,PSMC6
mutation,12753,PSMD1
mutation,12754,PSMD10
mutation,12755,PSMD11
mutation,12756,PSMD12
mutation,12757,PSMD13
mutation,12758,PSMD14
mutation,12759,PSMD2
mutation,12760,PSMD3
mutation,12761,PSMD4
mutation,12762,PSMD5
mutation,12763,PSMD6
mutation,12764,PSMD7
mutation,12765,PSMD8
mutation,12766,PSMD9
mutation,12767,PSME1
mutation,12768,PSME2
mutation,12769,PSME3
mutation,12770,PSME3IP1
mutation,12771,PSME4
mutation,12772,PSMF1
mutation,12773,PSMG1
mutation,12774,PSMG2
mutation,12775,PSMG3
mutation,12776,PSMG4
mutation,12777,PSORS1C1
mutation,12778,PSORS1C2
mutation,12779,PSPC1
mutation,12780,PSPH
mutation,12781,PSPN
mutation,12782,PSRC1
mutation,12783,PSTK
mutation,12784,PSTPIP1
mutation,12785,PSTPIP2
mutation,12786,PTAFR
mutation,12787,PTAR1
mutation,12788,PTBP1
mutation,12789,PTBP2
mutation,12790,PTBP3
mutation,12791,PTCD1
mutation,12792,PTCD2
mutation,12793,PTCD3
mutation,12794,PTCH1
mutation,12795,PTCH2
mutation,12796,PTCHD1
mutation,12797,PTCHD3
mutation,12798,PTCHD4
mutation,12799,PTCRA
mutation,12800,PTDSS1
mutation,12801,PTDSS2
mutation,12802,PTEN
mutation,12803,PTER
mutation,12804,PTF1A
mutation,12805,PTGDR
mutation,12806,PTGDR2
mutation,12807,PTGDS
mutation,12808,PTGER1
mutation,12809,PTGER2
mutation,12810,PTGER3
mutation,12811,PTGER4
mutation,12812,PTGES
mutation,12813,PTGES2
mutation,12814,PTGES3
mutation,12815,PTGES3L
mutation,12816,PTGES3L-AARSD1
mutation,12817,PTGFR
mutation,12818,PTGFRN
mutation,12819,PTGIR
mutation,12820,PTGIS
mutation,12821,PTGR1
mutation,12822,PTGR2
mutation,12823,PTGS1
mutation,12824,PTGS2
mutation,12825,PTH
mutation,12826,PTH1R
mutation,12827,PTH2
mutation,12828,PTH2R
mutation,12829,PTHLH
mutation,12830,PTK2
mutation,12831,PTK2B
mutation,12832,PTK6
mutation,12833,PTK7
mutation,12834,PTMA
mutation,12835,PTMS
mutation,12836,PTN
mutation,12837,PTOV1
mutation,12838,PTP4A1
mutation,12839,PTP4A2
mutation,12840,PTP4A3
mutation,12841,PTPA
mutation,12842,PTPDC1
mutation,12843,PTPMT1
mutation,12844,PTPN1
mutation,12845,PTPN11
mutation,12846,PTPN12
mutation,12847,PTPN13
mutation,12848,PTPN14
mutation,12849,PTPN18
mutation,12850,PTPN2
mutation,12851,PTPN20
mutation,12852,PTPN21
mutation,12853,PTPN22
mutation,12854,PTPN23
mutation,12855,PTPN3
mutation,12856,PTPN4
mutation,12857,PTPN5
mutation,12858,PTPN6
mutation,12859,PTPN7
mutation,12860,PTPN9
mutation,12861,PTPRA
mutation,12862,PTPRB
mutation,12863,PTPRC
mutation,12864,PTPRD
mutation,12865,PTPRE
mutation,12866,PTPRF
mutation,12867,PTPRG
mutation,12868,PTPRH
mutation,12869,PTPRJ
mutation,12870,PTPRK
mutation,12871,PTPRM
mutation,12872,PTPRN
mutation,12873,PTPRN2
mutation,12874,PTPRO
mutation,12875,PTPRQ
mutation,12876,PTPRR
mutation,12877,PTPRS
mutation,12878,PTPRT
mutation,12879,PTPRU
mutation,12880,PTPRZ1
mutation,12881,PTRH2
mutation,12882,PTRHD1
mutation,12883,PTS
mutation,12884,PTTG1
mutation,12885,PTTG1IP
mutation,12886,PTTG2
mutation,12887,PTX3
mutation,12888,PTX4
mutation,12889,PUDP
mutation,12890,PUF60
mutation,12891,PUM1
mutation,12892,PUM2
mutation,12893,PUM3
mutation,12894,PURA
mutation,12895,PURB
mutation,12896,PURG
mutation,12897,PUS1
mutation,12898,PUS10
mutation,12899,PUS3
mutation,12900,PUS7
mutation,12901,PUS7L
mutation,12902,PUSL1
mutation,12903,PVALB
mutation,12904,PVALEF
mutation,12905,PVR
mutation,12906,PVRIG
mutation,12907,PWP1
mutation,12908,PWP2
mutation,12909,PWWP2A
mutation,12910,PWWP2B
mutation,12911,PWWP3A
mutation,12912,PWWP3B
mutation,12913,PXDC1
mutation,12914,PXDN
mutation,12915,PXDNL
mutation,12916,PXK
mutation,12917,PXMP2
mutation,12918,PXMP4
mutation,12919,PXN
mutation,12920,PXT1
mutation,12921,PXYLP1
mutation,12922,PYCARD
mutation,12923,PYCR1
mutation,12924,PYCR2
mutation,12925,PYCR3
mutation,12926,PYDC1
mutation,12927,PYDC2
mutation,12928,PYGB
mutation,12929,PYGL
mutation,12930,PYGM
mutation,12931,PYGO1
mutation,12932,PYGO2
mutation,12933,PYHIN1
mutation,12934,PYM1
mutation,12935,PYROXD1
mutation,12936,PYROXD2
mutation,12937,PYURF
mutation,12938,PYY
mutation,12939,PZP
mutation,12940,QARS1
mutation,12941,QDPR
mutation,12942,QKI
mutation,12943,QPCT
mutation,12944,QPCTL
mutation,12945,QPRT
mutation,12946,QRFP
mutation,12947,QRFPR
mutation,12948,QRICH1
mutation,12949,QRICH2
mutation,12950,QRSL1
mutation,12951,QSER1
mutation,12952,QSOX1
mutation,12953,QSOX2
mutation,12954,QTRT1
mutation,12955,QTRT2
mutation,12956,R3HCC1
mutation,12957,R3HCC1L
mutation,12958,R3HDM1
mutation,12959,R3HDM2
mutation,12960,R3HDM4
mutation,12961,R3HDML
mutation,12962,RAB10
mutation,12963,RAB11A
mutation,12964,RAB11B
mutation,12965,RAB11FIP1
mutation,12966,RAB11FIP2
mutation,12967,RAB11FIP3
mutation,12968,RAB11FIP4
mutation,12969,RAB11FIP5
mutation,12970,RAB12
mutation,12971,RAB13
mutation,12972,RAB14
mutation,12973,RAB15
mutation,12974,RAB17
mutation,12975,RAB18
mutation,12976,RAB19
mutation,12977,RAB1A
mutation,12978,RAB1B
mutation,12979,RAB20
mutation,12980,RAB21
mutation,12981,RAB22A
mutation,12982,RAB23
mutation,12983,RAB24
mutation,12984,RAB25
mutation,12985,RAB26
mutation,12986,RAB27A
mutation,12987,RAB27B
mutation,12988,RAB28
mutation,12989,RAB29
mutation,12990,RAB2A
mutation,12991,RAB2B
mutation,12992,RAB30
mutation,12993,RAB31
mutation,12994,RAB32
mutation,12995,RAB33A
mutation,12996,RAB33B
mutation,12997,RAB34
mutation,12998,RAB35
mutation,12999,RAB36
mutation,13000,RAB37
mutation,13001,RAB38
mutation,13002,RAB39A
mutation,13003,RAB39B
mutation,13004,RAB3A
mutation,13005,RAB3B
mutation,13006,RAB3C
mutation,13007,RAB3D
mutation,13008,RAB3GAP1
mutation,13009,RAB3GAP2
mutation,13010,RAB3IL1
mutation,13011,RAB3IP
mutation,13012,RAB40A
mutation,13013,RAB40AL
mutation,13014,RAB40B
mutation,13015,RAB40C
mutation,13016,RAB41
mutation,13017,RAB42
mutation,13018,RAB43
mutation,13019,RAB44
mutation,13020,RAB4A
mutation,13021,RAB4B
mutation,13022,RAB5A
mutation,13023,RAB5B
mutation,13024,RAB5C
mutation,13025,RAB5IF
mutation,13026,RAB6A
mutation,13027,RAB6B
mutation,13028,RAB6C
mutation,13029,RAB6D
mutation,13030,RAB7A
mutation,13031,RAB8A
mutation,13032,RAB8B
mutation,13033,RAB9A
mutation,13034,RAB9B
mutation,13035,RABAC1
mutation,13036,RABEP1
mutation,13037,RABEP2
mutation,13038,RABEPK
mutation,13039,RABGAP1
mutation,13040,RABGAP1L
mutation,13041,RABGEF1
mutation,13042,RABGGTA
mutation,13043,RABGGTB
mutation,13044,RABIF
mutation,13045,RABL2A
mutation,13046,RABL2B
mutation,13047,RABL3
mutation,13048,RABL6
mutation,13049,RAC1
mutation,13050,RAC2
mutation,13051,RAC3
mutation,13052,RACGAP1
mutation,13053,RACK1
mutation,13054,RAD1
mutation,13055,RAD17
mutation,13056,RAD18
mutation,13057,RAD21
mutation,13058,RAD21L1
mutation,13059,RAD23A
mutation,13060,RAD23B
mutation,13061,RAD50
mutation,13062,RAD51
mutation,13063,RAD51AP1
mutation,13064,RAD51AP2
mutation,13065,RAD51B
mutation,13066,RAD51C
mutation,13067,RAD51D
mutation,13068,RAD52
mutation,13069,RAD54B
mutation,13070,RAD54L
mutation,13071,RAD54L2
mutation,13072,RAD9A
mutation,13073,RAD9B
mutation,13074,RADIL
mutation,13075,RADX
mutation,13076,RAE1
mutation,13077,RAET1E
mutation,13078,RAET1G
mutation,13079,RAET1L
mutation,13080,RAF1
mutation,13081,RAG1
mutation,13082,RAG2
mutation,13083,RAI1
mutation,13084,RAI14
mutation,13085,RAI2
mutation,13086,RALA
mutation,13087,RALB
mutation,13088,RALBP1
mutation,13089,RALGAPA1
mutation,13090,RALGAPA2
mutation,13091,RALGAPB
mutation,13092,RALGDS
mutation,13093,RALGPS1
mutation,13094,RALGPS2
mutation,13095,RALY
mutation,13096,RALYL
mutation,13097,RAMP1
mutation,13098,RAMP2
mutation,13099,RAMP3
mutation,13100,RAN
mutation,13101,RANBP1
mutation,13102,RANBP10
mutation,13103,RANBP17
mutation,13104,RANBP2
mutation,13105,RANBP3
mutation,13106,RANBP3L
mutation,13107,RANBP6
mutation,13108,RANBP9
mutation,13109,RANGAP1
mutation,13110,RANGRF
mutation,13111,RAP1A
mutation,13112,RAP1B
mutation,13113,RAP1GAP
mutation,13114,RAP1GAP2
mutation,13115,RAP1GDS1
mutation,13116,RAP2A
mutation,13117,RAP2B
mutation,13118,RAP2C
mutation,13119,RAPGEF1
mutation,13120,RAPGEF2
mutation,13121,RAPGEF3
mutation,13122,RAPGEF4
mutation,13123,RAPGEF5
mutation,13124,RAPGEF6
mutation,13125,RAPGEFL1
mutation,13126,RAPH1
mutation,13127,RAPSN
mutation,13128,RARA
mutation,13129,RARB
mutation,13130,RARG
mutation,13131,RARRES1
mutation,13132,RARRES2
mutation,13133,RARS1
mutation,13134,RARS2
mutation,13135,RASA1
mutation,13136,RASA2
mutation,13137,RASA3
mutation,13138,RASA4
mutation,13139,RASA4B
mutation,13140,RASAL1
mutation,13141,RASAL2
mutation,13142,RASAL3
mutation,13143,RASD1
mutation,13144,RASD2
mutation,13145,RASEF
mutation,13146,RASGEF1A
mutation,13147,RASGEF1B
mutation,13148,RASGEF1C
mutation,13149,RASGRF1
mutation,13150,RASGRF2
mutation,13151,RASGRP1
mutation,13152,RASGRP2
mutation,13153,RASGRP3
mutation,13154,RASGRP4
mutation,13155,RASIP1
mutation,13156,RASL10A
mutation,13157,RASL10B
mutation,13158,RASL11A
mutation,13159,RASL11B
mutation,13160,RASL12
mutation,13161,RASSF1
mutation,13162,RASSF10
mutation,13163,RASSF2
mutation,13164,RASSF3
mutation,13165,RASSF4
mutation,13166,RASSF5
mutation,13167,RASSF6
mutation,13168,RASSF7
mutation,13169,RASSF8
mutation,13170,RASSF9
mutation,13171,RAVER1
mutation,13172,RAVER2
mutation,13173,RAX
mutation,13174,RAX2
mutation,13175,RB1
mutation,13176,RB1CC1
mutation,13177,RBAK
mutation,13178,RBBP4
mutation,13179,RBBP5
mutation,13180,RBBP6
mutation,13181,RBBP7
mutation,13182,RBBP8
mutation,13183,RBBP8NL
mutation,13184,RBBP9
mutation,13185,RBCK1
mutation,13186,RBFA
mutation,13187,RBFOX1
mutation,13188,RBFOX2
mutation,13189,RBFOX3
mutation,13190,RBIS
mutation,13191,RBKS
mutation,13192,RBL1
mutation,13193,RBL2
mutation,13194,RBM10
mutation,13195,RBM11
mutation,13196,RBM12
mutation,13197,RBM12B
mutation,13198,RBM14
mutation,13199,RBM15
mutation,13200,RBM15B
mutation,13201,RBM17
mutation,13202,RBM18
mutation,13203,RBM19
mutation,13204,RBM20
mutation,13205,RBM22
mutation,13206,RBM23
mutation,13207,RBM24
mutation,13208,RBM25
mutation,13209,RBM26
mutation,13210,RBM27
mutation,13211,RBM28
mutation,13212,RBM3
mutation,13213,RBM33
mutation,13214,RBM34
mutation,13215,RBM38
mutation,13216,RBM39
mutation,13217,RBM4
mutation,13218,RBM41
mutation,13219,RBM42
mutation,13220,RBM43
mutation,13221,RBM44
mutation,13222,RBM45
mutation,13223,RBM46
mutation,13224,RBM47
mutation,13225,RBM48
mutation,13226,RBM4B
mutation,13227,RBM5
mutation,13228,RBM6
mutation,13229,RBM7
mutation,13230,RBM8A
mutation,13231,RBMS1
mutation,13232,RBMS2
mutation,13233,RBMS3
mutation,13234,RBMX
mutation,13235,RBMX2
mutation,13236,RBMXL1
mutation,13237,RBMXL2
mutation,13238,RBMXL3
mutation,13239,RBMY1E
mutation,13240,RBP1
mutation,13241,RBP2
mutation,13242,RBP3
mutation,13243,RBP4
mutation,13244,RBP5
mutation,13245,RBP7
mutation,13246,RBPJ
mutation,13247,RBPJL
mutation,13248,RBPMS
mutation,13249,RBPMS2
mutation,13250,RBSN
mutation,13251,RBX1
mutation,13252,RC3H1
mutation,13253,RC3H2
mutation,13254,RCAN1
mutation,13255,RCAN2
mutation,13256,RCAN3
mutation,13257,RCBTB1
mutation,13258,RCBTB2
mutation,13259,RCC1
mutation,13260,RCC1L
mutation,13261,RCC2
mutation,13262,RCCD1
mutation,13263,RCE1
mutation,13264,RCHY1
mutation,13265,RCL1
mutation,13266,RCN1
mutation,13267,RCN2
mutation,13268,RCN3
mutation,13269,RCOR1
mutation,13270,RCOR2
mutation,13271,RCOR3
mutation,13272,RCSD1
mutation,13273,RCVRN
mutation,13274,RD3
mutation,13275,RDH10
mutation,13276,RDH11
mutation,13277,RDH12
mutation,13278,RDH13
mutation,13279,RDH14
mutation,13280,RDH16
mutation,13281,RDH5
mutation,13282,RDH8
mutation,13283,RDM1
mutation,13284,RDX
mutation,13285,REC114
mutation,13286,REC8
mutation,13287,RECK
mutation,13288,RECQL
mutation,13289,RECQL4
mutation,13290,RECQL5
mutation,13291,REELD1
mutation,13292,REEP1
mutation,13293,REEP2
mutation,13294,REEP3
mutation,13295,REEP4
mutation,13296,REEP5
mutation,13297,REEP6
mutation,13298,REG1A
mutation,13299,REG1B
mutation,13300,REG3A
mutation,13301,REG3G
mutation,13302,REG4
mutation,13303,REL
mutation,13304,RELA
mutation,13305,RELB
mutation,13306,RELCH
mutation,13307,RELL1
mutation,13308,RELL2
mutation,13309,RELN
mutation,13310,RELT
mutation,13311,REM1
mutation,13312,REM2
mutation,13313,REN
mutation,13314,RENBP
mutation,13315,REP15
mutation,13316,REPIN1
mutation,13317,REPS1
mutation,13318,REPS2
mutation,13319,RER1
mutation,13320,RERE
mutation,13321,RERG
mutation,13322,RERGL
mutation,13323,RESF1
mutation,13324,RESP18
mutation,13325,REST
mutation,13326,RET
mutation,13327,RETN
mutation,13328,RETNLB
mutation,13329,RETREG1
mutation,13330,RETREG2
mutation,13331,RETREG3
mutation,13332,RETSAT
mutation,13333,REV1
mutation,13334,REV3L
mutation,13335,REX1BD
mutation,13336,REXO1
mutation,13337,REXO2
mutation,13338,REXO4
mutation,13339,REXO5
mutation,13340,RFC1
mutation,13341,RFC2
mutation,13342,RFC3
mutation,13343,RFC4
mutation,13344,RFC5
mutation,13345,RFESD
mutation,13346,RFFL
mutation,13347,RFK
mutation,13348,RFLNA
mutation,13349,RFLNB
mutation,13350,RFNG
mutation,13351,RFPL1
mutation,13352,RFPL2
mutation,13353,RFPL3
mutation,13354,RFPL4A
mutation,13355,RFPL4AL1
mutation,13356,RFPL4B
mutation,13357,RFT1
mutation,13358,RFTN1
mutation,13359,RFTN2
mutation,13360,RFWD3
mutation,13361,RFX1
mutation,13362,RFX2
mutation,13363,RFX3
mutation,13364,RFX4
mutation,13365,RFX5
mutation,13366,RFX6
mutation,13367,RFX7
mutation,13368,RFX8
mutation,13369,RFXANK
mutation,13370,RFXAP
mutation,13371,RGCC
mutation,13372,RGL1
mutation,13373,RGL2
mutation,13374,RGL3
mutation,13375,RGL4
mutation,13376,RGMA
mutation,13377,RGMB
mutation,13378,RGN
mutation,13379,RGP1
mutation,13380,RGPD1
mutation,13381,RGPD2
mutation,13382,RGPD3
mutation,13383,RGPD4
mutation,13384,RGPD6
mutation,13385,RGPD8
mutation,13386,RGR
mutation,13387,RGS1
mutation,13388,RGS10
mutation,13389,RGS11
mutation,13390,RGS12
mutation,13391,RGS13
mutation,13392,RGS14
mutation,13393,RGS16
mutation,13394,RGS17
mutation,13395,RGS18
mutation,13396,RGS19
mutation,13397,RGS2
mutation,13398,RGS20
mutation,13399,RGS21
mutation,13400,RGS22
mutation,13401,RGS3
mutation,13402,RGS4
mutation,13403,RGS5
mutation,13404,RGS6
mutation,13405,RGS7
mutation,13406,RGS7BP
mutation,13407,RGS8
mutation,13408,RGS9
mutation,13409,RGS9BP
mutation,13410,RGSL1
mutation,13411,RHAG
mutation,13412,RHBDD1
mutation,13413,RHBDD2
mutation,13414,RHBDD3
mutation,13415,RHBDF1
mutation,13416,RHBDF2
mutation,13417,RHBDL1
mutation,13418,RHBDL2
mutation,13419,RHBDL3
mutation,13420,RHBG
mutation,13421,RHCE
mutation,13422,RHCG
mutation,13423,RHD
mutation,13424,RHEB
mutation,13425,RHEBL1
mutation,13426,RHEX
mutation,13427,RHNO1
mutation,13428,RHO
mutation,13429,RHOA
mutation,13430,RHOB
mutation,13431,RHOBTB1
mutation,13432,RHOBTB2
mutation,13433,RHOBTB3
mutation,13434,RHOC
mutation,13435,RHOD
mutation,13436,RHOF
mutation,13437,RHOG
mutation,13438,RHOH
mutation,13439,RHOJ
mutation,13440,RHOQ
mutation,13441,RHOT1
mutation,13442,RHOT2
mutation,13443,RHOU
mutation,13444,RHOV
mutation,13445,RHOXF1
mutation,13446,RHOXF2
mutation,13447,RHOXF2B
mutation,13448,RHPN1
mutation,13449,RHPN2
mutation,13450,RIBC1
mutation,13451,RIBC2
mutation,13452,RIC1
mutation,13453,RIC3
mutation,13454,RIC8A
mutation,13455,RIC8B
mutation,13456,RICTOR
mutation,13457,RIDA
mutation,13458,RIF1
mutation,13459,RILP
mutation,13460,RILPL1
mutation,13461,RILPL2
mutation,13462,RIMBP2
mutation,13463,RIMBP3
mutation,13464,RIMBP3B
mutation,13465,RIMBP3C
mutation,13466,RIMKLA
mutation,13467,RIMKLB
mutation,13468,RIMS1
mutation,13469,RIMS2
mutation,13470,RIMS3
mutation,13471,RIMS4
mutation,13472,RIN1
mutation,13473,RIN2
mutation,13474,RIN3
mutation,13475,RING1
mutation,13476,RINL
mutation,13477,RINT1
mutation,13478,RIOK1
mutation,13479,RIOK2
mutation,13480,RIOK3
mutation,13481,RIOX1
mutation,13482,RIOX2
mutation,13483,RIPK1
mutation,13484,RIPK2
mutation,13485,RIPK3
mutation,13486,RIPK4
mutation,13487,RIPOR1
mutation,13488,RIPOR2
mutation,13489,RIPOR3
mutation,13490,RIPPLY1
mutation,13491,RIPPLY2
mutation,13492,RIPPLY3
mutation,13493,RIT1
mutation,13494,RIT2
mutation,13495,RITA1
mutation,13496,RLBP1
mutation,13497,RLF
mutation,13498,RLIM
mutation,13499,RLN1
mutation,13500,RLN2
mutation,13501,RLN3
mutation,13502,RMC1
mutation,13503,RMDN1
mutation,13504,RMDN2
mutation,13505,RMDN3
mutation,13506,RMI1
mutation,13507,RMI2
mutation,13508,RMND1
mutation,13509,RMND5A
mutation,13510,RMND5B
mutation,13511,RNASE1
mutation,13512,RNASE10
mutation,13513,RNASE11
mutation,13514,RNASE12
mutation,13515,RNASE13
mutation,13516,RNASE2
mutation,13517,RNASE3
mutation,13518,RNASE4
mutation,13519,RNASE6
mutation,13520,RNASE7
mutation,13521,RNASE8
mutation,13522,RNASE9
mutation,13523,RNASEH1
mutation,13524,RNASEH2A
mutation,13525,RNASEH2B
mutation,13526,RNASEH2C
mutation,13527,RNASEK
mutation,13528,RNASEL
mutation,13529,RNASET2
mutation,13530,RND1
mutation,13531,RND2
mutation,13532,RND3
mutation,13533,RNF10
mutation,13534,RNF103
mutation,13535,RNF103-CHMP3
mutation,13536,RNF11
mutation,13537,RNF111
mutation,13538,RNF112
mutation,13539,RNF113A
mutation,13540,RNF113B
mutation,13541,RNF114
mutation,13542,RNF115
mutation,13543,RNF121
mutation,13544,RNF122
mutation,13545,RNF123
mutation,13546,RNF125
mutation,13547,RNF126
mutation,13548,RNF128
mutation,13549,RNF13
mutation,13550,RNF130
mutation,13551,RNF133
mutation,13552,RNF135
mutation,13553,RNF138
mutation,13554,RNF139
mutation,13555,RNF14
mutation,13556,RNF141
mutation,13557,RNF144A
mutation,13558,RNF144B
mutation,13559,RNF145
mutation,13560,RNF146
mutation,13561,RNF148
mutation,13562,RNF149
mutation,13563,RNF150
mutation,13564,RNF151
mutation,13565,RNF152
mutation,13566,RNF157
mutation,13567,RNF165
mutation,13568,RNF166
mutation,13569,RNF167
mutation,13570,RNF168
mutation,13571,RNF169
mutation,13572,RNF17
mutation,13573,RNF170
mutation,13574,RNF175
mutation,13575,RNF180
mutation,13576,RNF181
mutation,13577,RNF182
mutation,13578,RNF183
mutation,13579,RNF185
mutation,13580,RNF186
mutation,13581,RNF187
mutation,13582,RNF19A
mutation,13583,RNF19B
mutation,13584,RNF2
mutation,13585,RNF20
mutation,13586,RNF207
mutation,13587,RNF208
mutation,13588,RNF212
mutation,13589,RNF212B
mutation,13590,RNF213
mutation,13591,RNF214
mutation,13592,RNF215
mutation,13593,RNF216
mutation,13594,RNF217
mutation,13595,RNF220
mutation,13596,RNF222
mutation,13597,RNF223
mutation,13598,RNF224
mutation,13599,RNF225
mutation,13600,RNF24
mutation,13601,RNF25
mutation,13602,RNF26
mutation,13603,RNF31
mutation,13604,RNF32
mutation,13605,RNF34
mutation,13606,RNF38
mutation,13607,RNF39
mutation,13608,RNF4
mutation,13609,RNF40
mutation,13610,RNF41
mutation,13611,RNF43
mutation,13612,RNF44
mutation,13613,RNF5
mutation,13614,RNF6
mutation,13615,RNF7
mutation,13616,RNF8
mutation,13617,RNFT1
mutation,13618,RNFT2
mutation,13619,RNGTT
mutation,13620,RNH1
mutation,13621,RNLS
mutation,13622,RNMT
mutation,13623,RNPC3
mutation,13624,RNPEP
mutation,13625,RNPEPL1
mutation,13626,RNPS1
mutation,13627,RO60
mutation,13628,ROBO1
mutation,13629,ROBO2
mutation,13630,ROBO3
mutation,13631,ROBO4
mutation,13632,ROCK1
mutation,13633,ROCK2
mutation,13634,ROGDI
mutation,13635,ROM1
mutation,13636,ROMO1
mutation,13637,ROPN1
mutation,13638,ROPN1B
mutation,13639,ROPN1L
mutation,13640,ROR1
mutation,13641,ROR2
mutation,13642,RORA
mutation,13643,RORB
mutation,13644,RORC
mutation,13645,ROS1
mutation,13646,RP1
mutation,13647,RP1L1
mutation,13648,RP2
mutation,13649,RP9
mutation,13650,RPA1
mutation,13651,RPA2
mutation,13652,RPA3
mutation,13653,RPA4
mutation,13654,RPAIN
mutation,13655,RPAP1
mutation,13656,RPAP2
mutation,13657,RPAP3
mutation,13658,RPE
mutation,13659,RPE65
mutation,13660,RPEL1
mutation,13661,RPF1
mutation,13662,RPF2
mutation,13663,RPGR
mutation,13664,RPGRIP1
mutation,13665,RPGRIP1L
mutation,13666,RPH3A
mutation,13667,RPH3AL
mutation,13668,RPIA
mutation,13669,RPL10
mutation,13670,RPL10A
mutation,13671,RPL10L
mutation,13672,RPL11
mutation,13673,RPL12
mutation,13674,RPL13
mutation,13675,RPL13A
mutation,13676,RPL14
mutation,13677,RPL15
mutation,13678,RPL17-C18orf32
mutation,13679,RPL18
mutation,13680,RPL18A
mutation,13681,RPL19
mutation,13682,RPL21
mutation,13683,RPL22
mutation,13684,RPL22L1
mutation,13685,RPL23
mutation,13686,RPL23A
mutation,13687,RPL24
mutation,13688,RPL26
mutation,13689,RPL26L1
mutation,13690,RPL27
mutation,13691,RPL27A
mutation,13692,RPL28
mutation,13693,RPL29
mutation,13694,RPL3
mutation,13695,RPL30
mutation,13696,RPL31
mutation,13697,RPL32
mutation,13698,RPL34
mutation,13699,RPL35
mutation,13700,RPL35A
mutation,13701,RPL36
mutation,13702,RPL36A
mutation,13703,RPL36AL
mutation,13704,RPL37
mutation,13705,RPL37A
mutation,13706,RPL38
mutation,13707,RPL39L
mutation,13708,RPL3L
mutation,13709,RPL4
mutation,13710,RPL5
mutation,13711,RPL6
mutation,13712,RPL7
mutation,13713,RPL7A
mutation,13714,RPL7L1
mutation,13715,RPL8
mutation,13716,RPL9
mutation,13717,RPLP0
mutation,13718,RPLP1
mutation,13719,RPLP2
mutation,13720,RPN1
mutation,13721,RPN2
mutation,13722,RPP21
mutation,13723,RPP25
mutation,13724,RPP25L
mutation,13725,RPP30
mutation,13726,RPP38
mutation,13727,RPP40
mutation,13728,RPRD1A
mutation,13729,RPRD1B
mutation,13730,RPRD2
mutation,13731,RPRM
mutation,13732,RPRML
mutation,13733,RPS10
mutation,13734,RPS11
mutation,13735,RPS12
mutation,13736,RPS13
mutation,13737,RPS14
mutation,13738,RPS15
mutation,13739,RPS15A
mutation,13740,RPS16
mutation,13741,RPS17
mutation,13742,RPS18
mutation,13743,RPS19
mutation,13744,RPS19BP1
mutation,13745,RPS2
mutation,13746,RPS20
mutation,13747,RPS21
mutation,13748,RPS23
mutation,13749,RPS24
mutation,13750,RPS25
mutation,13751,RPS26
mutation,13752,RPS27
mutation,13753,RPS27A
mutation,13754,RPS27L
mutation,13755,RPS28
mutation,13756,RPS29
mutation,13757,RPS3
mutation,13758,RPS3A
mutation,13759,RPS4X
mutation,13760,RPS4Y1
mutation,13761,RPS4Y2
mutation,13762,RPS5
mutation,13763,RPS6
mutation,13764,RPS6KA1
mutation,13765,RPS6KA2
mutation,13766,RPS6KA3
mutation,13767,RPS6KA4
mutation,13768,RPS6KA5
mutation,13769,RPS6KA6
mutation,13770,RPS6KB1
mutation,13771,RPS6KB2
mutation,13772,RPS6KC1
mutation,13773,RPS6KL1
mutation,13774,RPS7
mutation,13775,RPS8
mutation,13776,RPS9
mutation,13777,RPSA
mutation,13778,RPTN
mutation,13779,RPTOR
mutation,13780,RPUSD1
mutation,13781,RPUSD2
mutation,13782,RPUSD3
mutation,13783,RPUSD4
mutation,13784,RRAD
mutation,13785,RRAGA
mutation,13786,RRAGB
mutation,13787,RRAGC
mutation,13788,RRAGD
mutation,13789,RRAS
mutation,13790,RRAS2
mutation,13791,RRBP1
mutation,13792,RREB1
mutation,13793,RRH
mutation,13794,RRM1
mutation,13795,RRM2
mutation,13796,RRM2B
mutation,13797,RRN3
mutation,13798,RRNAD1
mutation,13799,RRP1
mutation,13800,RRP12
mutation,13801,RRP15
mutation,13802,RRP1B
mutation,13803,RRP36
mutation,13804,RRP7A
mutation,13805,RRP8
mutation,13806,RRP9
mutation,13807,RRS1
mutation,13808,RS1
mutation,13809,RSAD1
mutation,13810,RSAD2
mutation,13811,RSBN1
mutation,13812,RSBN1L
mutation,13813,RSC1A1
mutation,13814,RSF1
mutation,13815,RSL1D1
mutation,13816,RSL24D1
mutation,13817,RSPH1
mutation,13818,RSPH10B
mutation,13819,RSPH10B2
mutation,13820,RSPH14
mutation,13821,RSPH3
mutation,13822,RSPH4A
mutation,13823,RSPH6A
mutation,13824,RSPH9
mutation,13825,RSPO1
mutation,13826,RSPO2
mutation,13827,RSPO3
mutation,13828,RSPO4
mutation,13829,RSPRY1
mutation,13830,RSRC1
mutation,13831,RSRC2
mutation,13832,RSRP1
mutation,13833,RSU1
mutation,13834,RTBDN
mutation,13835,RTCA
mutation,13836,RTCB
mutation,13837,RTEL1
mutation,13838,RTF1
mutation,13839,RTF2
mutation,13840,RTKN
mutation,13841,RTKN2
mutation,13842,RTL1
mutation,13843,RTL10
mutation,13844,RTL3
mutation,13845,RTL4
mutation,13846,RTL5
mutation,13847,RTL6
mutation,13848,RTL8A
mutation,13849,RTL8B
mutation,13850,RTL8C
mutation,13851,RTL9
mutation,13852,RTN1
mutation,13853,RTN2
mutation,13854,RTN3
mutation,13855,RTN4
mutation,13856,RTN4IP1
mutation,13857,RTN4R
mutation,13858,RTN4RL1
mutation,13859,RTN4RL2
mutation,13860,RTP1
mutation,13861,RTP2
mutation,13862,RTP3
mutation,13863,RTP4
mutation,13864,RTP5
mutation,13865,RTRAF
mutation,13866,RTTN
mutation,13867,RUBCN
mutation,13868,RUBCNL
mutation,13869,RUFY1
mutation,13870,RUFY2
mutation,13871,RUFY3
mutation,13872,RUFY4
mutation,13873,RUNDC1
mutation,13874,RUNDC3A
mutation,13875,RUNDC3B
mutation,13876,RUNX1
mutation,13877,RUNX1T1
mutation,13878,RUNX2
mutation,13879,RUNX3
mutation,13880,RUSC1
mutation,13881,RUSC2
mutation,13882,RUSF1
mutation,13883,RUVBL1
mutation,13884,RUVBL2
mutation,13885,RWDD1
mutation,13886,RWDD2A
mutation,13887,RWDD2B
mutation,13888,RWDD3
mutation,13889,RWDD4
mutation,13890,RXFP1
mutation,13891,RXFP2
mutation,13892,RXFP3
mutation,13893,RXFP4
mutation,13894,RXRA
mutation,13895,RXRB
mutation,13896,RXRG
mutation,13897,RXYLT1
mutation,13898,RYBP
mutation,13899,RYK
mutation,13900,RYR1
mutation,13901,RYR2
mutation,13902,RYR3
mutation,13903,S100A1
mutation,13904,S100A10
mutation,13905,S100A11
mutation,13906,S100A12
mutation,13907,S100A13
mutation,13908,S100A14
mutation,13909,S100A16
mutation,13910,S100A2
mutation,13911,S100A3
mutation,13912,S100A4
mutation,13913,S100A5
mutation,13914,S100A6
mutation,13915,S100A7
mutation,13916,S100A7A
mutation,13917,S100A7L2
mutation,13918,S100A8
mutation,13919,S100A9
mutation,13920,S100B
mutation,13921,S100G
mutation,13922,S100P
mutation,13923,S100PBP
mutation,13924,S100Z
mutation,13925,S1PR1
mutation,13926,S1PR2
mutation,13927,S1PR3
mutation,13928,S1PR4
mutation,13929,S1PR5
mutation,13930,SAA1
mutation,13931,SAA2
mutation,13932,SAA4
mutation,13933,SAAL1
mutation,13934,SAC3D1
mutation,13935,SACM1L
mutation,13936,SACS
mutation,13937,SAE1
mutation,13938,SAFB
mutation,13939,SAFB2
mutation,13940,SAG
mutation,13941,SAGE1
mutation,13942,SALL1
mutation,13943,SALL2
mutation,13944,SALL3
mutation,13945,SALL4
mutation,13946,SAMD10
mutation,13947,SAMD11
mutation,13948,SAMD12
mutation,13949,SAMD13
mutation,13950,SAMD14
mutation,13951,SAMD15
mutation,13952,SAMD3
mutation,13953,SAMD4A
mutation,13954,SAMD4B
mutation,13955,SAMD5
mutation,13956,SAMD7
mutation,13957,SAMD8
mutation,13958,SAMD9
mutation,13959,SAMD9L
mutation,13960,SAMHD1
mutation,13961,SAMM50
mutation,13962,SAMSN1
mutation,13963,SAP130
mutation,13964,SAP18
mutation,13965,SAP25
mutation,13966,SAP30
mutation,13967,SAP30BP
mutation,13968,SAP30L
mutation,13969,SAPCD1
mutation,13970,SAPCD2
mutation,13971,SAR1A
mutation,13972,SAR1B
mutation,13973,SARAF
mutation,13974,SARDH
mutation,13975,SARM1
mutation,13976,SARNP
mutation,13977,SARS1
mutation,13978,SARS2
mutation,13979,SART1
mutation,13980,SART3
mutation,13981,SASH1
mutation,13982,SASH3
mutation,13983,SASS6
mutation,13984,SAT1
mutation,13985,SAT2
mutation,13986,SATB1
mutation,13987,SATB2
mutation,13988,SATL1
mutation,13989,SAV1
mutation,13990,SAXO1
mutation,13991,SAXO2
mutation,13992,SAYSD1
mutation,13993,SBDS
mutation,13994,SBF1
mutation,13995,SBF2
mutation,13996,SBK1
mutation,13997,SBK2
mutation,13998,SBK3
mutation,13999,SBNO1
mutation,14000,SBNO2
mutation,14001,SBSN
mutation,14002,SBSPON
mutation,14003,SC5D
mutation,14004,SCAF1
mutation,14005,SCAF11
mutation,14006,SCAF4
mutation,14007,SCAF8
mutation,14008,SCAI
mutation,14009,SCAMP1
mutation,14010,SCAMP2
mutation,14011,SCAMP3
mutation,14012,SCAMP4
mutation,14013,SCAMP5
mutation,14014,SCAND1
mutation,14015,SCAP
mutation,14016,SCAPER
mutation,14017,SCARA3
mutation,14018,SCARA5
mutation,14019,SCARB1
mutation,14020,SCARB2
mutation,14021,SCARF1
mutation,14022,SCARF2
mutation,14023,SCART1
mutation,14024,SCCPDH
mutation,14025,SCD
mutation,14026,SCD5
mutation,14027,SCEL
mutation,14028,SCFD1
mutation,14029,SCFD2
mutation,14030,SCG2
mutation,14031,SCG3
mutation,14032,SCG5
mutation,14033,SCGB1A1
mutation,14034,SCGB1C1
mutation,14035,SCGB1C2
mutation,14036,SCGB1D1
mutation,14037,SCGB1D2
mutation,14038,SCGB1D4
mutation,14039,SCGB2A1
mutation,14040,SCGB2A2
mutation,14041,SCGB2B2
mutation,14042,SCGB3A1
mutation,14043,SCGB3A2
mutation,14044,SCGN
mutation,14045,SCIMP
mutation,14046,SCIN
mutation,14047,SCLT1
mutation,14048,SCLY
mutation,14049,SCMH1
mutation,14050,SCML1
mutation,14051,SCML2
mutation,14052,SCML4
mutation,14053,SCN10A
mutation,14054,SCN11A
mutation,14055,SCN1A
mutation,14056,SCN1B
mutation,14057,SCN2A
mutation,14058,SCN2B
mutation,14059,SCN3A
mutation,14060,SCN3B
mutation,14061,SCN4A
mutation,14062,SCN4B
mutation,14063,SCN5A
mutation,14064,SCN7A
mutation,14065,SCN8A
mutation,14066,SCN9A
mutation,14067,SCNM1
mutation,14068,SCNN1A
mutation,14069,SCNN1B
mutation,14070,SCNN1D
mutation,14071,SCNN1G
mutation,14072,SCO1
mutation,14073,SCOC
mutation,14074,SCP2
mutation,14075,SCP2D1
mutation,14076,SCPEP1
mutation,14077,SCRG1
mutation,14078,SCRIB
mutation,14079,SCRN1
mutation,14080,SCRN2
mutation,14081,SCRN3
mutation,14082,SCRT1
mutation,14083,SCRT2
mutation,14084,SCT
mutation,14085,SCTR
mutation,14086,SCUBE1
mutation,14087,SCUBE2
mutation,14088,SCUBE3
mutation,14089,SCX
mutation,14090,SCYL1
mutation,14091,SCYL2
mutation,14092,SCYL3
mutation,14093,SDAD1
mutation,14094,SDC1
mutation,14095,SDC2
mutation,14096,SDC3
mutation,14097,SDC4
mutation,14098,SDCBP
mutation,14099,SDCBP2
mutation,14100,SDCCAG8
mutation,14101,SDE2
mutation,14102,SDF2
mutation,14103,SDF2L1
mutation,14104,SDF4
mutation,14105,SDHA
mutation,14106,SDHAF1
mutation,14107,SDHAF2
mutation,14108,SDHAF3
mutation,14109,SDHAF4
mutation,14110,SDHB
mutation,14111,SDHC
mutation,14112,SDHD
mutation,14113,SDK1
mutation,14114,SDK2
mutation,14115,SDR16C5
mutation,14116,SDR39U1
mutation,14117,SDR42E1
mutation,14118,SDR42E2
mutation,14119,SDR9C7
mutation,14120,SDS
mutation,14121,SDSL
mutation,14122,SEBOX
mutation,14123,SEC11A
mutation,14124,SEC11C
mutation,14125,SEC13
mutation,14126,SEC14L1
mutation,14127,SEC14L2
mutation,14128,SEC14L3
mutation,14129,SEC14L4
mutation,14130,SEC14L5
mutation,14131,SEC14L6
mutation,14132,SEC16A
mutation,14133,SEC16B
mutation,14134,SEC22A
mutation,14135,SEC22B
mutation,14136,SEC22C
mutation,14137,SEC23A
mutation,14138,SEC23B
mutation,14139,SEC23IP
mutation,14140,SEC24A
mutation,14141,SEC24B
mutation,14142,SEC24C
mutation,14143,SEC24D
mutation,14144,SEC31A
mutation,14145,SEC31B
mutation,14146,SEC61A1
mutation,14147,SEC61A2
mutation,14148,SEC61B
mutation,14149,SEC61G
mutation,14150,SEC62
mutation,14151,SEC63
mutation,14152,SECISBP2
mutation,14153,SECISBP2L
mutation,14154,SECTM1
mutation,14155,SEH1L
mutation,14156,SEL1L
mutation,14157,SEL1L2
mutation,14158,SEL1L3
mutation,14159,SELE
mutation,14160,SELENBP1
mutation,14161,SELENOF
mutation,14162,SELENOH
mutation,14163,SELENOI
mutation,14164,SELENOK
mutation,14165,SELENOM
mutation,14166,SELENON
mutation,14167,SELENOO
mutation,14168,SELENOP
mutation,14169,SELENOS
mutation,14170,SELENOT
mutation,14171,SELENOV
mutation,14172,SELENOW
mutation,14173,SELL
mutation,14174,SELP
mutation,14175,SELPLG
mutation,14176,SEM1
mutation,14177,SEMA3A
mutation,14178,SEMA3B
mutation,14179,SEMA3C
mutation,14180,SEMA3D
mutation,14181,SEMA3E
mutation,14182,SEMA3F
mutation,14183,SEMA3G
mutation,14184,SEMA4A
mutation,14185,SEMA4B
mutation,14186,SEMA4C
mutation,14187,SEMA4D
mutation,14188,SEMA4F
mutation,14189,SEMA4G
mutation,14190,SEMA5A
mutation,14191,SEMA5B
mutation,14192,SEMA6A
mutation,14193,SEMA6B
mutation,14194,SEMA6C
mutation,14195,SEMA6D
mutation,14196,SEMA7A
mutation,14197,SEMG1
mutation,14198,SEMG2
mutation,14199,SENP1
mutation,14200,SENP2
mutation,14201,SENP3
mutation,14202,SENP5
mutation,14203,SENP6
mutation,14204,SENP7
mutation,14205,SENP8
mutation,14206,SEPHS1
mutation,14207,SEPHS2
mutation,14208,SEPSECS
mutation,14209,SEPTIN1
mutation,14210,SEPTIN10
mutation,14211,SEPTIN11
mutation,14212,SEPTIN12
mutation,14213,SEPTIN14
mutation,14214,SEPTIN2
mutation,14215,SEPTIN3
mutation,14216,SEPTIN4
mutation,14217,SEPTIN5
mutation,14218,SEPTIN6
mutation,14219,SEPTIN7
mutation,14220,SEPTIN8
mutation,14221,SEPTIN9
mutation,14222,SERAC1
mutation,14223,SERBP1
mutation,14224,SERF2
mutation,14225,SERGEF
mutation,14226,SERHL2
mutation,14227,SERINC1
mutation,14228,SERINC2
mutation,14229,SERINC3
mutation,14230,SERINC4
mutation,14231,SERINC5
mutation,14232,SERP1
mutation,14233,SERP2
mutation,14234,SERPINA1
mutation,14235,SERPINA10
mutation,14236,SERPINA11
mutation,14237,SERPINA12
mutation,14238,SERPINA3
mutation,14239,SERPINA4
mutation,14240,SERPINA5
mutation,14241,SERPINA6
mutation,14242,SERPINA7
mutation,14243,SERPINA9
mutation,14244,SERPINB1
mutation,14245,SERPINB10
mutation,14246,SERPINB11
mutation,14247,SERPINB12
mutation,14248,SERPINB13
mutation,14249,SERPINB2
mutation,14250,SERPINB3
mutation,14251,SERPINB4
mutation,14252,SERPINB5
mutation,14253,SERPINB6
mutation,14254,SERPINB7
mutation,14255,SERPINB8
mutation,14256,SERPINB9
mutation,14257,SERPINC1
mutation,14258,SERPIND1
mutation,14259,SERPINE1
mutation,14260,SERPINE2
mutation,14261,SERPINE3
mutation,14262,SERPINF1
mutation,14263,SERPINF2
mutation,14264,SERPING1
mutation,14265,SERPINH1
mutation,14266,SERPINI1
mutation,14267,SERPINI2
mutation,14268,SERTAD1
mutation,14269,SERTAD2
mutation,14270,SERTAD3
mutation,14271,SERTAD4
mutation,14272,SERTM1
mutation,14273,SESN1
mutation,14274,SESN2
mutation,14275,SESN3
mutation,14276,SESTD1
mutation,14277,SET
mutation,14278,SETBP1
mutation,14279,SETD1A
mutation,14280,SETD1B
mutation,14281,SETD2
mutation,14282,SETD3
mutation,14283,SETD4
mutation,14284,SETD5
mutation,14285,SETD6
mutation,14286,SETD7
mutation,14287,SETD9
mutation,14288,SETDB1
mutation,14289,SETDB2
mutation,14290,SETMAR
mutation,14291,SETSIP
mutation,14292,SETX
mutation,14293,SEZ6
mutation,14294,SEZ6L
mutation,14295,SEZ6L2
mutation,14296,SF1
mutation,14297,SF3A1
mutation,14298,SF3A2
mutation,14299,SF3A3
mutation,14300,SF3B1
mutation,14301,SF3B2
mutation,14302,SF3B3
mutation,14303,SF3B4
mutation,14304,SF3B5
mutation,14305,SF3B6
mutation,14306,SFI1
mutation,14307,SFMBT1
mutation,14308,SFMBT2
mutation,14309,SFN
mutation,14310,SFPQ
mutation,14311,SFR1
mutation,14312,SFRP1
mutation,14313,SFRP2
mutation,14314,SFRP4
mutation,14315,SFRP5
mutation,14316,SFSWAP
mutation,14317,SFT2D1
mutation,14318,SFT2D2
mutation,14319,SFTA2
mutation,14320,SFTA3
mutation,14321,SFTPA1
mutation,14322,SFTPA2
mutation,14323,SFTPB
mutation,14324,SFTPC
mutation,14325,SFTPD
mutation,14326,SFXN1
mutation,14327,SFXN2
mutation,14328,SFXN3
mutation,14329,SFXN4
mutation,14330,SFXN5
mutation,14331,SGCA
mutation,14332,SGCB
mutation,14333,SGCD
mutation,14334,SGCE
mutation,14335,SGCG
mutation,14336,SGCZ
mutation,14337,SGF29
mutation,14338,SGIP1
mutation,14339,SGK1
mutation,14340,SGK2
mutation,14341,SGK3
mutation,14342,SGMS1
mutation,14343,SGMS2
mutation,14344,SGO1
mutation,14345,SGO2
mutation,14346,SGPL1
mutation,14347,SGPP1
mutation,14348,SGPP2
mutation,14349,SGSH
mutation,14350,SGSM1
mutation,14351,SGSM2
mutation,14352,SGSM3
mutation,14353,SGTA
mutation,14354,SGTB
mutation,14355,SH2B1
mutation,14356,SH2B2
mutation,14357,SH2B3
mutation,14358,SH2D1A
mutation,14359,SH2D1B
mutation,14360,SH2D2A
mutation,14361,SH2D3A
mutation,14362,SH2D3C
mutation,14363,SH2D4A
mutation,14364,SH2D4B
mutation,14365,SH2D5
mutation,14366,SH2D6
mutation,14367,SH2D7
mutation,14368,SH3BGR
mutation,14369,SH3BGRL
mutation,14370,SH3BGRL2
mutation,14371,SH3BGRL3
mutation,14372,SH3BP1
mutation,14373,SH3BP2
mutation,14374,SH3BP4
mutation,14375,SH3BP5
mutation,14376,SH3BP5L
mutation,14377,SH3D19
mutation,14378,SH3D21
mutation,14379,SH3GL1
mutation,14380,SH3GL2
mutation,14381,SH3GL3
mutation,14382,SH3GLB1
mutation,14383,SH3GLB2
mutation,14384,SH3KBP1
mutation,14385,SH3PXD2A
mutation,14386,SH3PXD2B
mutation,14387,SH3RF1
mutation,14388,SH3RF2
mutation,14389,SH3RF3
mutation,14390,SH3TC1
mutation,14391,SH3TC2
mutation,14392,SH3YL1
mutation,14393,SHANK1
mutation,14394,SHANK2
mutation,14395,SHANK3
mutation,14396,SHARPIN
mutation,14397,SHB
mutation,14398,SHBG
mutation,14399,SHC1
mutation,14400,SHC2
mutation,14401,SHC3
mutation,14402,SHC4
mutation,14403,SHCBP1
mutation,14404,SHCBP1L
mutation,14405,SHD
mutation,14406,SHE
mutation,14407,SHF
mutation,14408,SHFL
mutation,14409,SHH
mutation,14410,SHISA2
mutation,14411,SHISA3
mutation,14412,SHISA4
mutation,14413,SHISA5
mutation,14414,SHISA6
mutation,14415,SHISA7
mutation,14416,SHISA8
mutation,14417,SHISA9
mutation,14418,SHISAL1
mutation,14419,SHISAL2A
mutation,14420,SHISAL2B
mutation,14421,SHKBP1
mutation,14422,SHLD1
mutation,14423,SHLD2
mutation,14424,SHMT1
mutation,14425,SHMT2
mutation,14426,SHOC1
mutation,14427,SHOC2
mutation,14428,SHOX
mutation,14429,SHOX2
mutation,14430,SHPK
mutation,14431,SHPRH
mutation,14432,SHQ1
mutation,14433,SHROOM1
mutation,14434,SHROOM2
mutation,14435,SHROOM3
mutation,14436,SHROOM4
mutation,14437,SHTN1
mutation,14438,SI
mutation,14439,SIAE
mutation,14440,SIAH1
mutation,14441,SIAH2
mutation,14442,SIAH3
mutation,14443,SIDT1
mutation,14444,SIDT2
mutation,14445,SIGIRR
mutation,14446,SIGLEC1
mutation,14447,SIGLEC10
mutation,14448,SIGLEC11
mutation,14449,SIGLEC12
mutation,14450,SIGLEC14
mutation,14451,SIGLEC15
mutation,14452,SIGLEC5
mutation,14453,SIGLEC6
mutation,14454,SIGLEC7
mutation,14455,SIGLEC8
mutation,14456,SIGLEC9
mutation,14457,SIGLECL1
mutation,14458,SIGMAR1
mutation,14459,SIK1B
mutation,14460,SIK2
mutation,14461,SIK3
mutation,14462,SIKE1
mutation,14463,SIL1
mutation,14464,SIM1
mutation,14465,SIM2
mutation,14466,SIMC1
mutation,14467,SIN3A
mutation,14468,SIN3B
mutation,14469,SINHCAF
mutation,14470,SIPA1
mutation,14471,SIPA1L1
mutation,14472,SIPA1L2
mutation,14473,SIPA1L3
mutation,14474,SIRPA
mutation,14475,SIRPB1
mutation,14476,SIRPB2
mutation,14477,SIRPD
mutation,14478,SIRPG
mutation,14479,SIRT1
mutation,14480,SIRT2
mutation,14481,SIRT3
mutation,14482,SIRT4
mutation,14483,SIRT5
mutation,14484,SIRT6
mutation,14485,SIRT7
mutation,14486,SIT1
mutation,14487,SIVA1
mutation,14488,SIX1
mutation,14489,SIX2
mutation,14490,SIX3
mutation,14491,SIX4
mutation,14492,SIX5
mutation,14493,SIX6
mutation,14494,SKA1
mutation,14495,SKA2
mutation,14496,SKA3
mutation,14497,SKAP1
mutation,14498,SKAP2
mutation,14499,SKI
mutation,14500,SKIDA1
mutation,14501,SKIL
mutation,14502,SKIC2
mutation,14503,SKOR1
mutation,14504,SKOR2
mutation,14505,SKP1
mutation,14506,SKP2
mutation,14507,SLA
mutation,14508,SLA2
mutation,14509,SLAIN1
mutation,14510,SLAIN2
mutation,14511,SLAMF1
mutation,14512,SLAMF6
mutation,14513,SLAMF7
mutation,14514,SLAMF8
mutation,14515,SLAMF9
mutation,14516,SLBP
mutation,14517,SLC10A1
mutation,14518,SLC10A2
mutation,14519,SLC10A3
mutation,14520,SLC10A4
mutation,14521,SLC10A5
mutation,14522,SLC10A6
mutation,14523,SLC10A7
mutation,14524,SLC11A1
mutation,14525,SLC11A2
mutation,14526,SLC12A1
mutation,14527,SLC12A2
mutation,14528,SLC12A3
mutation,14529,SLC12A4
mutation,14530,SLC12A5
mutation,14531,SLC12A6
mutation,14532,SLC12A7
mutation,14533,SLC12A8
mutation,14534,SLC12A9
mutation,14535,SLC13A1
mutation,14536,SLC13A2
mutation,14537,SLC13A3
mutation,14538,SLC13A4
mutation,14539,SLC13A5
mutation,14540,SLC14A1
mutation,14541,SLC14A2
mutation,14542,SLC15A1
mutation,14543,SLC15A2
mutation,14544,SLC15A3
mutation,14545,SLC15A4
mutation,14546,SLC15A5
mutation,14547,SLC16A1
mutation,14548,SLC16A10
mutation,14549,SLC16A11
mutation,14550,SLC16A12
mutation,14551,SLC16A13
mutation,14552,SLC16A14
mutation,14553,SLC16A2
mutation,14554,SLC16A3
mutation,14555,SLC16A4
mutation,14556,SLC16A5
mutation,14557,SLC16A6
mutation,14558,SLC16A7
mutation,14559,SLC16A8
mutation,14560,SLC16A9
mutation,14561,SLC17A1
mutation,14562,SLC17A2
mutation,14563,SLC17A3
mutation,14564,SLC17A4
mutation,14565,SLC17A5
mutation,14566,SLC17A6
mutation,14567,SLC17A7
mutation,14568,SLC17A8
mutation,14569,SLC17A9
mutation,14570,SLC18A1
mutation,14571,SLC18A2
mutation,14572,SLC18A3
mutation,14573,SLC18B1
mutation,14574,SLC19A1
mutation,14575,SLC19A2
mutation,14576,SLC19A3
mutation,14577,SLC1A1
mutation,14578,SLC1A2
mutation,14579,SLC1A3
mutation,14580,SLC1A4
mutation,14581,SLC1A5
mutation,14582,SLC1A6
mutation,14583,SLC1A7
mutation,14584,SLC20A1
mutation,14585,SLC20A2
mutation,14586,SLC22A1
mutation,14587,SLC22A10
mutation,14588,SLC22A11
mutation,14589,SLC22A12
mutation,14590,SLC22A13
mutation,14591,SLC22A14
mutation,14592,SLC22A15
mutation,14593,SLC22A16
mutation,14594,SLC22A17
mutation,14595,SLC22A18
mutation,14596,SLC22A18AS
mutation,14597,SLC22A2
mutation,14598,SLC22A23
mutation,14599,SLC22A24
mutation,14600,SLC22A25
mutation,14601,SLC22A3
mutation,14602,SLC22A4
mutation,14603,SLC22A5
mutation,14604,SLC22A6
mutation,14605,SLC22A7
mutation,14606,SLC22A8
mutation,14607,SLC22A9
mutation,14608,SLC23A1
mutation,14609,SLC23A2
mutation,14610,SLC23A3
mutation,14611,SLC24A1
mutation,14612,SLC24A2
mutation,14613,SLC24A3
mutation,14614,SLC24A4
mutation,14615,SLC24A5
mutation,14616,SLC25A1
mutation,14617,SLC25A10
mutation,14618,SLC25A11
mutation,14619,SLC25A12
mutation,14620,SLC25A13
mutation,14621,SLC25A14
mutation,14622,SLC25A15
mutation,14623,SLC25A16
mutation,14624,SLC25A17
mutation,14625,SLC25A18
mutation,14626,SLC25A19
mutation,14627,SLC25A2
mutation,14628,SLC25A20
mutation,14629,SLC25A21
mutation,14630,SLC25A22
mutation,14631,SLC25A23
mutation,14632,SLC25A24
mutation,14633,SLC25A25
mutation,14634,SLC25A26
mutation,14635,SLC25A27
mutation,14636,SLC25A28
mutation,14637,SLC25A29
mutation,14638,SLC25A3
mutation,14639,SLC25A30
mutation,14640,SLC25A31
mutation,14641,SLC25A32
mutation,14642,SLC25A33
mutation,14643,SLC25A34
mutation,14644,SLC25A35
mutation,14645,SLC25A36
mutation,14646,SLC25A37
mutation,14647,SLC25A38
mutation,14648,SLC25A39
mutation,14649,SLC25A4
mutation,14650,SLC25A40
mutation,14651,SLC25A41
mutation,14652,SLC25A42
mutation,14653,SLC25A43
mutation,14654,SLC25A44
mutation,14655,SLC25A45
mutation,14656,SLC25A46
mutation,14657,SLC25A47
mutation,14658,SLC25A48
mutation,14659,SLC25A5
mutation,14660,SLC25A51
mutation,14661,SLC25A52
mutation,14662,SLC25A53
mutation,14663,SLC25A6
mutation,14664,SLC26A1
mutation,14665,SLC26A10
mutation,14666,SLC26A11
mutation,14667,SLC26A2
mutation,14668,SLC26A3
mutation,14669,SLC26A4
mutation,14670,SLC26A5
mutation,14671,SLC26A6
mutation,14672,SLC26A7
mutation,14673,SLC26A8
mutation,14674,SLC26A9
mutation,14675,SLC27A1
mutation,14676,SLC27A2
mutation,14677,SLC27A3
mutation,14678,SLC27A4
mutation,14679,SLC27A5
mutation,14680,SLC27A6
mutation,14681,SLC28A1
mutation,14682,SLC28A2
mutation,14683,SLC28A3
mutation,14684,SLC29A1
mutation,14685,SLC29A2
mutation,14686,SLC29A3
mutation,14687,SLC29A4
mutation,14688,SLC2A1
mutation,14689,SLC2A10
mutation,14690,SLC2A11
mutation,14691,SLC2A12
mutation,14692,SLC2A13
mutation,14693,SLC2A14
mutation,14694,SLC2A2
mutation,14695,SLC2A3
mutation,14696,SLC2A4
mutation,14697,SLC2A4RG
mutation,14698,SLC2A5
mutation,14699,SLC2A6
mutation,14700,SLC2A7
mutation,14701,SLC2A8
mutation,14702,SLC2A9
mutation,14703,SLC30A1
mutation,14704,SLC30A10
mutation,14705,SLC30A2
mutation,14706,SLC30A3
mutation,14707,SLC30A4
mutation,14708,SLC30A5
mutation,14709,SLC30A6
mutation,14710,SLC30A7
mutation,14711,SLC30A8
mutation,14712,SLC30A9
mutation,14713,SLC31A1
mutation,14714,SLC31A2
mutation,14715,SLC32A1
mutation,14716,SLC33A1
mutation,14717,SLC34A1
mutation,14718,SLC34A2
mutation,14719,SLC34A3
mutation,14720,SLC35A1
mutation,14721,SLC35A2
mutation,14722,SLC35A3
mutation,14723,SLC35A4
mutation,14724,SLC35A5
mutation,14725,SLC35B1
mutation,14726,SLC35B2
mutation,14727,SLC35B3
mutation,14728,SLC35B4
mutation,14729,SLC35C1
mutation,14730,SLC35C2
mutation,14731,SLC35D1
mutation,14732,SLC35D2
mutation,14733,SLC35D3
mutation,14734,SLC35E1
mutation,14735,SLC35E2A
mutation,14736,SLC35E2B
mutation,14737,SLC35E3
mutation,14738,SLC35E4
mutation,14739,SLC35F1
mutation,14740,SLC35F2
mutation,14741,SLC35F3
mutation,14742,SLC35F4
mutation,14743,SLC35F5
mutation,14744,SLC35F6
mutation,14745,SLC35G1
mutation,14746,SLC35G2
mutation,14747,SLC35G3
mutation,14748,SLC35G4
mutation,14749,SLC35G5
mutation,14750,SLC35G6
mutation,14751,SLC36A1
mutation,14752,SLC36A2
mutation,14753,SLC36A3
mutation,14754,SLC36A4
mutation,14755,SLC37A1
mutation,14756,SLC37A2
mutation,14757,SLC37A3
mutation,14758,SLC37A4
mutation,14759,SLC38A1
mutation,14760,SLC38A10
mutation,14761,SLC38A11
mutation,14762,SLC38A2
mutation,14763,SLC38A3
mutation,14764,SLC38A4
mutation,14765,SLC38A5
mutation,14766,SLC38A6
mutation,14767,SLC38A7
mutation,14768,SLC38A8
mutation,14769,SLC38A9
mutation,14770,SLC39A1
mutation,14771,SLC39A10
mutation,14772,SLC39A11
mutation,14773,SLC39A12
mutation,14774,SLC39A13
mutation,14775,SLC39A14
mutation,14776,SLC39A2
mutation,14777,SLC39A3
mutation,14778,SLC39A4
mutation,14779,SLC39A5
mutation,14780,SLC39A6
mutation,14781,SLC39A7
mutation,14782,SLC39A8
mutation,14783,SLC39A9
mutation,14784,SLC3A1
mutation,14785,SLC3A2
mutation,14786,SLC40A1
mutation,14787,SLC41A1
mutation,14788,SLC41A2
mutation,14789,SLC41A3
mutation,14790,SLC43A1
mutation,14791,SLC43A2
mutation,14792,SLC43A3
mutation,14793,SLC44A1
mutation,14794,SLC44A2
mutation,14795,SLC44A3
mutation,14796,SLC44A4
mutation,14797,SLC44A5
mutation,14798,SLC45A1
mutation,14799,SLC45A2
mutation,14800,SLC45A3
mutation,14801,SLC45A4
mutation,14802,SLC46A1
mutation,14803,SLC46A2
mutation,14804,SLC46A3
mutation,14805,SLC47A1
mutation,14806,SLC47A2
mutation,14807,SLC48A1
mutation,14808,SLC49A3
mutation,14809,SLC49A4
mutation,14810,SLC4A1
mutation,14811,SLC4A10
mutation,14812,SLC4A11
mutation,14813,SLC4A1AP
mutation,14814,SLC4A2
mutation,14815,SLC4A3
mutation,14816,SLC4A4
mutation,14817,SLC4A5
mutation,14818,SLC4A7
mutation,14819,SLC4A8
mutation,14820,SLC4A9
mutation,14821,SLC50A1
mutation,14822,SLC51A
mutation,14823,SLC51B
mutation,14824,SLC52A1
mutation,14825,SLC52A2
mutation,14826,SLC52A3
mutation,14827,SLC5A1
mutation,14828,SLC5A10
mutation,14829,SLC5A11
mutation,14830,SLC5A12
mutation,14831,SLC5A2
mutation,14832,SLC5A3
mutation,14833,SLC5A4
mutation,14834,SLC5A5
mutation,14835,SLC5A6
mutation,14836,SLC5A7
mutation,14837,SLC5A8
mutation,14838,SLC5A9
mutation,14839,SLC66A1
mutation,14840,SLC66A1L
mutation,14841,SLC66A2
mutation,14842,SLC66A3
mutation,14843,SLC6A1
mutation,14844,SLC6A11
mutation,14845,SLC6A12
mutation,14846,SLC6A13
mutation,14847,SLC6A14
mutation,14848,SLC6A15
mutation,14849,SLC6A16
mutation,14850,SLC6A17
mutation,14851,SLC6A18
mutation,14852,SLC6A19
mutation,14853,SLC6A2
mutation,14854,SLC6A20
mutation,14855,SLC6A3
mutation,14856,SLC6A4
mutation,14857,SLC6A5
mutation,14858,SLC6A6
mutation,14859,SLC6A7
mutation,14860,SLC6A8
mutation,14861,SLC6A9
mutation,14862,SLC7A1
mutation,14863,SLC7A10
mutation,14864,SLC7A11
mutation,14865,SLC7A13
mutation,14866,SLC7A14
mutation,14867,SLC7A2
mutation,14868,SLC7A3
mutation,14869,SLC7A4
mutation,14870,SLC7A5
mutation,14871,SLC7A6
mutation,14872,SLC7A6OS
mutation,14873,SLC7A7
mutation,14874,SLC7A8
mutation,14875,SLC7A9
mutation,14876,SLC8A1
mutation,14877,SLC8A2
mutation,14878,SLC8A3
mutation,14879,SLC8B1
mutation,14880,SLC9A1
mutation,14881,SLC9A2
mutation,14882,SLC9A3
mutation,14883,SLC9A3R1
mutation,14884,SLC9A3R2
mutation,14885,SLC9A4
mutation,14886,SLC9A5
mutation,14887,SLC9A6
mutation,14888,SLC9A7
mutation,14889,SLC9A8
mutation,14890,SLC9A9
mutation,14891,SLC9B1
mutation,14892,SLC9B2
mutation,14893,SLC9C1
mutation,14894,SLC9C2
mutation,14895,SLCO1A2
mutation,14896,SLCO1B1
mutation,14897,SLCO1B3
mutation,14898,SLCO1B7
mutation,14899,SLCO1C1
mutation,14900,SLCO2A1
mutation,14901,SLCO2B1
mutation,14902,SLCO3A1
mutation,14903,SLCO4A1
mutation,14904,SLCO4C1
mutation,14905,SLCO5A1
mutation,14906,SLCO6A1
mutation,14907,SLF1
mutation,14908,SLF2
mutation,14909,SLFN11
mutation,14910,SLFN12
mutation,14911,SLFN12L
mutation,14912,SLFN13
mutation,14913,SLFN14
mutation,14914,SLFN5
mutation,14915,SLFNL1
mutation,14916,SLIRP
mutation,14917,SLIT1
mutation,14918,SLIT2
mutation,14919,SLIT3
mutation,14920,SLITRK1
mutation,14921,SLITRK2
mutation,14922,SLITRK3
mutation,14923,SLITRK4
mutation,14924,SLITRK5
mutation,14925,SLITRK6
mutation,14926,SLK
mutation,14927,SLMAP
mutation,14928,SLN
mutation,14929,SLPI
mutation,14930,SLTM
mutation,14931,SLU7
mutation,14932,SLURP1
mutation,14933,SLX4
mutation,14934,SLX4IP
mutation,14935,SMAD1
mutation,14936,SMAD2
mutation,14937,SMAD3
mutation,14938,SMAD4
mutation,14939,SMAD5
mutation,14940,SMAD6
mutation,14941,SMAD7
mutation,14942,SMAD9
mutation,14943,SMAGP
mutation,14944,SMAP1
mutation,14945,SMAP2
mutation,14946,SMARCA1
mutation,14947,SMARCA2
mutation,14948,SMARCA4
mutation,14949,SMARCA5
mutation,14950,SMARCAD1
mutation,14951,SMARCAL1
mutation,14952,SMARCB1
mutation,14953,SMARCC1
mutation,14954,SMARCC2
mutation,14955,SMARCD1
mutation,14956,SMARCD2
mutation,14957,SMARCD3
mutation,14958,SMARCE1
mutation,14959,SMC1A
mutation,14960,SMC1B
mutation,14961,SMC2
mutation,14962,SMC3
mutation,14963,SMC4
mutation,14964,SMC5
mutation,14965,SMC6
mutation,14966,SMCHD1
mutation,14967,SMCO1
mutation,14968,SMCO2
mutation,14969,SMCO3
mutation,14970,SMCO4
mutation,14971,SMCP
mutation,14972,SMCR8
mutation,14973,SMDT1
mutation,14974,SMG1
mutation,14975,SMG5
mutation,14976,SMG6
mutation,14977,SMG7
mutation,14978,SMG8
mutation,14979,SMG9
mutation,14980,SMIM10
mutation,14981,SMIM10L2A
mutation,14982,SMIM10L2B
mutation,14983,SMIM12
mutation,14984,SMIM14
mutation,14985,SMIM15
mutation,14986,SMIM19
mutation,14987,SMIM2
mutation,14988,SMIM20
mutation,14989,SMIM21
mutation,14990,SMIM22
mutation,14991,SMIM23
mutation,14992,SMIM24
mutation,14993,SMIM26
mutation,14994,SMIM29
mutation,14995,SMIM3
mutation,14996,SMIM30
mutation,14997,SMIM32
mutation,14998,UQCC5
mutation,14999,SMIM5
mutation,15000,SMIM6
mutation,15001,SMIM7
mutation,15002,SMIM8
mutation,15003,SMIM9
mutation,15004,SMN1
mutation,15005,SMN2
mutation,15006,SMNDC1
mutation,15007,SMO
mutation,15008,SMOC1
mutation,15009,SMOC2
mutation,15010,SMOX
mutation,15011,SMPD1
mutation,15012,SMPD2
mutation,15013,SMPD3
mutation,15014,SMPD4
mutation,15015,SMPDL3A
mutation,15016,SMPDL3B
mutation,15017,SMPX
mutation,15018,SMR3A
mutation,15019,SMR3B
mutation,15020,SMS
mutation,15021,SMTN
mutation,15022,SMTNL1
mutation,15023,SMTNL2
mutation,15024,SMU1
mutation,15025,SMUG1
mutation,15026,SMURF1
mutation,15027,SMURF2
mutation,15028,SMYD1
mutation,15029,SMYD2
mutation,15030,SMYD3
mutation,15031,SMYD4
mutation,15032,SMYD5
mutation,15033,SNAI1
mutation,15034,SNAI2
mutation,15035,SNAI3
mutation,15036,SNAP23
mutation,15037,SNAP25
mutation,15038,SNAP29
mutation,15039,SNAP47
mutation,15040,SNAP91
mutation,15041,SNAPC1
mutation,15042,SNAPC2
mutation,15043,SNAPC3
mutation,15044,SNAPC4
mutation,15045,SNAPC5
mutation,15046,SNAPIN
mutation,15047,SNCA
mutation,15048,SNCAIP
mutation,15049,SNCB
mutation,15050,SNCG
mutation,15051,SND1
mutation,15052,SNED1
mutation,15053,SNF8
mutation,15054,SNIP1
mutation,15055,SNN
mutation,15056,SNORC
mutation,15057,SNPH
mutation,15058,SNRK
mutation,15059,SNRNP200
mutation,15060,SNRNP25
mutation,15061,SNRNP27
mutation,15062,SNRNP35
mutation,15063,SNRNP40
mutation,15064,SNRNP48
mutation,15065,SNRNP70
mutation,15066,SNRPA
mutation,15067,SNRPA1
mutation,15068,SNRPB
mutation,15069,SNRPB2
mutation,15070,SNRPC
mutation,15071,SNRPD1
mutation,15072,SNRPD2
mutation,15073,SNRPD3
mutation,15074,SNRPE
mutation,15075,SNRPG
mutation,15076,SNRPN
mutation,15077,SNTA1
mutation,15078,SNTB1
mutation,15079,SNTB2
mutation,15080,SNTG1
mutation,15081,SNTG2
mutation,15082,SNTN
mutation,15083,SNU13
mutation,15084,SNUPN
mutation,15085,SNW1
mutation,15086,SNX1
mutation,15087,SNX10
mutation,15088,SNX11
mutation,15089,SNX12
mutation,15090,SNX13
mutation,15091,SNX14
mutation,15092,SNX15
mutation,15093,SNX16
mutation,15094,SNX17
mutation,15095,SNX18
mutation,15096,SNX19
mutation,15097,SNX2
mutation,15098,SNX20
mutation,15099,SNX21
mutation,15100,SNX22
mutation,15101,SNX24
mutation,15102,SNX25
mutation,15103,SNX27
mutation,15104,SNX29
mutation,15105,SNX3
mutation,15106,SNX30
mutation,15107,SNX31
mutation,15108,SNX32
mutation,15109,SNX33
mutation,15110,SNX4
mutation,15111,SNX5
mutation,15112,SNX6
mutation,15113,SNX7
mutation,15114,SNX8
mutation,15115,SNX9
mutation,15116,SOAT1
mutation,15117,SOAT2
mutation,15118,SOBP
mutation,15119,SOCS1
mutation,15120,SOCS2
mutation,15121,SOCS3
mutation,15122,SOCS4
mutation,15123,SOCS5
mutation,15124,SOCS6
mutation,15125,SOCS7
mutation,15126,SOD1
mutation,15127,SOD2
mutation,15128,SOD3
mutation,15129,SOGA1
mutation,15130,SOGA3
mutation,15131,SOHLH1
mutation,15132,SON
mutation,15133,SORBS1
mutation,15134,SORBS2
mutation,15135,SORBS3
mutation,15136,SORCS1
mutation,15137,SORCS2
mutation,15138,SORCS3
mutation,15139,SORD
mutation,15140,SORL1
mutation,15141,SORT1
mutation,15142,SOS1
mutation,15143,SOS2
mutation,15144,SOST
mutation,15145,SOSTDC1
mutation,15146,SOWAHA
mutation,15147,SOWAHB
mutation,15148,SOWAHC
mutation,15149,SOWAHD
mutation,15150,SOX1
mutation,15151,SOX10
mutation,15152,SOX11
mutation,15153,SOX12
mutation,15154,SOX13
mutation,15155,SOX14
mutation,15156,SOX15
mutation,15157,SOX17
mutation,15158,SOX18
mutation,15159,SOX2
mutation,15160,SOX21
mutation,15161,SOX3
mutation,15162,SOX30
mutation,15163,SOX4
mutation,15164,SOX5
mutation,15165,SOX6
mutation,15166,SOX7
mutation,15167,SOX8
mutation,15168,SOX9
mutation,15169,SP1
mutation,15170,SP100
mutation,15171,SP110
mutation,15172,SP140
mutation,15173,SP140L
mutation,15174,SP2
mutation,15175,SP3
mutation,15176,SP4
mutation,15177,SP5
mutation,15178,SP6
mutation,15179,SP7
mutation,15180,SP8
mutation,15181,SP9
mutation,15182,SPA17
mutation,15183,SPACA1
mutation,15184,SPACA3
mutation,15185,SPACA4
mutation,15186,SPACA5B
mutation,15187,SPACA6
mutation,15188,SPACA7
mutation,15189,SPACA9
mutation,15190,SPAG1
mutation,15191,SPAG11A
mutation,15192,SPAG11B
mutation,15193,SPAG16
mutation,15194,SPAG17
mutation,15195,SPAG4
mutation,15196,SPAG5
mutation,15197,SPAG6
mutation,15198,SPAG7
mutation,15199,SPAG8
mutation,15200,SPAG9
mutation,15201,SPAM1
mutation,15202,SPANXB1
mutation,15203,SPANXC
mutation,15204,SPANXD
mutation,15205,SPANXN1
mutation,15206,SPANXN2
mutation,15207,SPANXN3
mutation,15208,SPANXN4
mutation,15209,SPANXN5
mutation,15210,SPARC
mutation,15211,SPARCL1
mutation,15212,SPART
mutation,15213,SPAST
mutation,15214,SPATA1
mutation,15215,SPATA12
mutation,15216,SPATA13
mutation,15217,SPATA16
mutation,15218,SPATA17
mutation,15219,SPATA18
mutation,15220,SPATA19
mutation,15221,SPATA2
mutation,15222,SPATA20
mutation,15223,SPATA21
mutation,15224,SPATA22
mutation,15225,SPATA24
mutation,15226,SPATA25
mutation,15227,SPATA2L
mutation,15228,SPATA3
mutation,15229,SPATA31A1
mutation,15230,SPATA31A3
mutation,15231,SPATA31A6
mutation,15232,SPATA31A7
mutation,15233,SPATA31D1
mutation,15234,SPATA31D3
mutation,15235,SPATA31D4
mutation,15236,SPATA31E1
mutation,15237,SPATA32
mutation,15238,SPATA33
mutation,15239,SPATA4
mutation,15240,SPATA45
mutation,15241,SPATA46
mutation,15242,SPATA48
mutation,15243,SPATA5
mutation,15244,AFG2B
mutation,15245,SPATA6
mutation,15246,SPATA6L
mutation,15247,SPATA7
mutation,15248,SPATA9
mutation,15249,SPATC1
mutation,15250,SPATC1L
mutation,15251,SPATS1
mutation,15252,SPATS2
mutation,15253,SPATS2L
mutation,15254,SPC24
mutation,15255,SPC25
mutation,15256,SPCS1
mutation,15257,SPCS2
mutation,15258,SPCS3
mutation,15259,SPDEF
mutation,15260,SPDL1
mutation,15261,SPDYA
mutation,15262,SPDYC
mutation,15263,SPDYE1
mutation,15264,SPDYE16
mutation,15265,SPDYE21
mutation,15266,SPDYE3
mutation,15267,SPDYE4
mutation,15268,SPDYE5
mutation,15269,SPDYE6
mutation,15270,SPECC1
mutation,15271,SPECC1L
mutation,15272,SPEF1
mutation,15273,SPEF2
mutation,15274,SPEG
mutation,15275,SPEM1
mutation,15276,SPEM2
mutation,15277,SPEN
mutation,15278,SPESP1
mutation,15279,SPG11
mutation,15280,SPG21
mutation,15281,SPG7
mutation,15282,SPHK1
mutation,15283,SPHK2
mutation,15284,SPHKAP
mutation,15285,SPI1
mutation,15286,SPIB
mutation,15287,SPIC
mutation,15288,SPICE1
mutation,15289,SPIDR
mutation,15290,SPIN1
mutation,15291,SPIN2A
mutation,15292,SPIN2B
mutation,15293,SPIN3
mutation,15294,SPIN4
mutation,15295,SPINDOC
mutation,15296,SPINK1
mutation,15297,SPINK13
mutation,15298,SPINK14
mutation,15299,SPINK2
mutation,15300,SPINK4
mutation,15301,SPINK5
mutation,15302,SPINK6
mutation,15303,SPINK7
mutation,15304,SPINK8
mutation,15305,SPINK9
mutation,15306,SPINT1
mutation,15307,SPINT2
mutation,15308,SPINT3
mutation,15309,SPINT4
mutation,15310,SPIRE1
mutation,15311,SPIRE2
mutation,15312,SPN
mutation,15313,SPNS1
mutation,15314,SPNS2
mutation,15315,SPNS3
mutation,15316,SPO11
mutation,15317,SPOCD1
mutation,15318,SPOCK1
mutation,15319,SPOCK2
mutation,15320,SPOCK3
mutation,15321,SPON1
mutation,15322,SPON2
mutation,15323,SPOP
mutation,15324,SPOPL
mutation,15325,SPOUT1
mutation,15326,SPP1
mutation,15327,SPP2
mutation,15328,SPPL2A
mutation,15329,SPPL2B
mutation,15330,SPPL2C
mutation,15331,SPPL3
mutation,15332,SPR
mutation,15333,SPRED1
mutation,15334,SPRED2
mutation,15335,SPRED3
mutation,15336,SPRING1
mutation,15337,SPRR1A
mutation,15338,SPRR1B
mutation,15339,SPRR2A
mutation,15340,SPRR2B
mutation,15341,SPRR2D
mutation,15342,SPRR2E
mutation,15343,SPRR2F
mutation,15344,SPRR2G
mutation,15345,SPRR3
mutation,15346,SPRR4
mutation,15347,SPRTN
mutation,15348,SPRY1
mutation,15349,SPRY2
mutation,15350,SPRY3
mutation,15351,SPRY4
mutation,15352,SPRYD3
mutation,15353,SPRYD4
mutation,15354,SPRYD7
mutation,15355,SPSB1
mutation,15356,SPSB2
mutation,15357,SPSB3
mutation,15358,SPSB4
mutation,15359,SPTA1
mutation,15360,SPTAN1
mutation,15361,SPTB
mutation,15362,SPTBN1
mutation,15363,SPTBN2
mutation,15364,SPTBN4
mutation,15365,SPTBN5
mutation,15366,SPTLC1
mutation,15367,SPTLC2
mutation,15368,SPTLC3
mutation,15369,SPTSSA
mutation,15370,SPTSSB
mutation,15371,SPTY2D1
mutation,15372,SPX
mutation,15373,SPZ1
mutation,15374,SQLE
mutation,15375,SQOR
mutation,15376,SQSTM1
mutation,15377,SRA1
mutation,15378,SRARP
mutation,15379,SRBD1
mutation,15380,SRC
mutation,15381,SRCAP
mutation,15382,SRCIN1
mutation,15383,SRD5A1
mutation,15384,SRD5A2
mutation,15385,SRD5A3
mutation,15386,SREBF1
mutation,15387,SREBF2
mutation,15388,SREK1
mutation,15389,SREK1IP1
mutation,15390,SRF
mutation,15391,SRFBP1
mutation,15392,SRGAP1
mutation,15393,SRGAP2
mutation,15394,SRGAP2B
mutation,15395,SRGAP2C
mutation,15396,SRGAP3
mutation,15397,SRGN
mutation,15398,SRI
mutation,15399,SRL
mutation,15400,SRM
mutation,15401,SRMS
mutation,15402,SRP14
mutation,15403,SRP19
mutation,15404,SRP54
mutation,15405,SRP68
mutation,15406,SRP72
mutation,15407,SRP9
mutation,15408,SRPK1
mutation,15409,SRPK2
mutation,15410,SRPK3
mutation,15411,SRPRA
mutation,15412,SRPRB
mutation,15413,SRPX
mutation,15414,SRPX2
mutation,15415,SRR
mutation,15416,SRRD
mutation,15417,SRRM1
mutation,15418,SRRM2
mutation,15419,SRRM3
mutation,15420,SRRM4
mutation,15421,SRRM5
mutation,15422,SRRT
mutation,15423,SRSF1
mutation,15424,SRSF10
mutation,15425,SRSF11
mutation,15426,SRSF12
mutation,15427,SRSF3
mutation,15428,SRSF4
mutation,15429,SRSF5
mutation,15430,SRSF6
mutation,15431,SRSF7
mutation,15432,SRSF8
mutation,15433,SRSF9
mutation,15434,SRXN1
mutation,15435,SRY
mutation,15436,SS18
mutation,15437,SS18L1
mutation,15438,SSB
mutation,15439,SSBP1
mutation,15440,SSBP2
mutation,15441,SSBP3
mutation,15442,SSBP4
mutation,15443,SSC4D
mutation,15444,SSC5D
mutation,15445,SSH1
mutation,15446,SSH2
mutation,15447,SSH3
mutation,15448,SSMEM1
mutation,15449,SSNA1
mutation,15450,SSPN
mutation,15451,SSPOP
mutation,15452,SSR1
mutation,15453,SSR2
mutation,15454,SSR3
mutation,15455,SSR4
mutation,15456,SSRP1
mutation,15457,SST
mutation,15458,SSTR1
mutation,15459,SSTR2
mutation,15460,SSTR3
mutation,15461,SSTR4
mutation,15462,SSTR5
mutation,15463,SSU72
mutation,15464,SSU72P2
mutation,15465,SSU72P3
mutation,15466,SSU72P5
mutation,15467,SSU72P7
mutation,15468,SSU72P8
mutation,15469,SSUH2
mutation,15470,SSX1
mutation,15471,SSX2IP
mutation,15472,SSX3
mutation,15473,SSX4
mutation,15474,SSX5
mutation,15475,SSX7
mutation,15476,ST13
mutation,15477,ST14
mutation,15478,ST18
mutation,15479,ST3GAL1
mutation,15480,ST3GAL2
mutation,15481,ST3GAL3
mutation,15482,ST3GAL4
mutation,15483,ST3GAL5
mutation,15484,ST3GAL6
mutation,15485,ST6GAL1
mutation,15486,ST6GAL2
mutation,15487,ST6GALNAC1
mutation,15488,ST6GALNAC2
mutation,15489,ST6GALNAC3
mutation,15490,ST6GALNAC4
mutation,15491,ST6GALNAC5
mutation,15492,ST6GALNAC6
mutation,15493,ST7
mutation,15494,ST7L
mutation,15495,ST8SIA1
mutation,15496,ST8SIA2
mutation,15497,ST8SIA3
mutation,15498,ST8SIA4
mutation,15499,ST8SIA5
mutation,15500,ST8SIA6
mutation,15501,STAB1
mutation,15502,STAB2
mutation,15503,STAC
mutation,15504,STAC2
mutation,15505,STAC3
mutation,15506,STAG1
mutation,15507,STAG2
mutation,15508,STAG3
mutation,15509,STAM
mutation,15510,STAM2
mutation,15511,STAMBP
mutation,15512,STAMBPL1
mutation,15513,STAP1
mutation,15514,STAP2
mutation,15515,STAR
mutation,15516,STARD10
mutation,15517,STARD13
mutation,15518,STARD3
mutation,15519,STARD3NL
mutation,15520,STARD4
mutation,15521,STARD5
mutation,15522,STARD6
mutation,15523,STARD7
mutation,15524,STARD8
mutation,15525,STARD9
mutation,15526,STAT1
mutation,15527,STAT2
mutation,15528,STAT3
mutation,15529,STAT4
mutation,15530,STAT5A
mutation,15531,STAT5B
mutation,15532,STAT6
mutation,15533,STATH
mutation,15534,STAU1
mutation,15535,STAU2
mutation,15536,STBD1
mutation,15537,STC1
mutation,15538,STC2
mutation,15539,STEAP1
mutation,15540,STEAP1B
mutation,15541,STEAP2
mutation,15542,STEAP3
mutation,15543,STEAP4
mutation,15544,STEEP1
mutation,15545,STH
mutation,15546,STIL
mutation,15547,STIM1
mutation,15548,STIM2
mutation,15549,STIMATE
mutation,15550,STING1
mutation,15551,STIP1
mutation,15552,STK10
mutation,15553,STK11
mutation,15554,STK11IP
mutation,15555,STK16
mutation,15556,STK17A
mutation,15557,STK17B
mutation,15558,STK19
mutation,15559,STK24
mutation,15560,STK25
mutation,15561,STK26
mutation,15562,STK3
mutation,15563,STK31
mutation,15564,STK32A
mutation,15565,STK32B
mutation,15566,STK32C
mutation,15567,STK33
mutation,15568,STK35
mutation,15569,STK36
mutation,15570,STK38
mutation,15571,STK38L
mutation,15572,STK39
mutation,15573,STK4
mutation,15574,STK40
mutation,15575,STKLD1
mutation,15576,STMN1
mutation,15577,STMN2
mutation,15578,STMN3
mutation,15579,STMN4
mutation,15580,STN1
mutation,15581,STOM
mutation,15582,STOML1
mutation,15583,STOML2
mutation,15584,STOML3
mutation,15585,STON1
mutation,15586,STON1-GTF2A1L
mutation,15587,STON2
mutation,15588,STOX1
mutation,15589,STOX2
mutation,15590,STPG1
mutation,15591,STPG2
mutation,15592,STPG3
mutation,15593,STPG4
mutation,15594,STRA6
mutation,15595,STRA8
mutation,15596,STRADA
mutation,15597,STRADB
mutation,15598,STRAP
mutation,15599,STRBP
mutation,15600,STRC
mutation,15601,STRIP1
mutation,15602,STRIP2
mutation,15603,STRN
mutation,15604,STRN3
mutation,15605,STRN4
mutation,15606,STS
mutation,15607,STT3A
mutation,15608,STT3B
mutation,15609,STUB1
mutation,15610,STUM
mutation,15611,STX10
mutation,15612,STX11
mutation,15613,STX12
mutation,15614,STX16
mutation,15615,STX17
mutation,15616,STX18
mutation,15617,STX19
mutation,15618,STX1A
mutation,15619,STX1B
mutation,15620,STX2
mutation,15621,STX3
mutation,15622,STX4
mutation,15623,STX5
mutation,15624,STX6
mutation,15625,STX7
mutation,15626,STX8
mutation,15627,STXBP1
mutation,15628,STXBP2
mutation,15629,STXBP3
mutation,15630,STXBP4
mutation,15631,STXBP5
mutation,15632,STXBP5L
mutation,15633,STXBP6
mutation,15634,STYK1
mutation,15635,STYX
mutation,15636,STYXL1
mutation,15637,STYXL2
mutation,15638,SUB1
mutation,15639,SUCLA2
mutation,15640,SUCLG1
mutation,15641,SUCLG2
mutation,15642,SUCNR1
mutation,15643,SUCO
mutation,15644,SUDS3
mutation,15645,SUFU
mutation,15646,SUGCT
mutation,15647,SUGP1
mutation,15648,SUGP2
mutation,15649,SUGT1
mutation,15650,SULF1
mutation,15651,SULF2
mutation,15652,SULT1A1
mutation,15653,SULT1A2
mutation,15654,SULT1A4
mutation,15655,SULT1B1
mutation,15656,SULT1C2
mutation,15657,SULT1C3
mutation,15658,SULT1C4
mutation,15659,SULT1E1
mutation,15660,SULT2A1
mutation,15661,SULT2B1
mutation,15662,SULT4A1
mutation,15663,SULT6B1
mutation,15664,SUMF1
mutation,15665,SUMF2
mutation,15666,SUMO1
mutation,15667,SUMO2
mutation,15668,SUMO3
mutation,15669,SUMO4
mutation,15670,SUN1
mutation,15671,SUN2
mutation,15672,SUN3
mutation,15673,SUN5
mutation,15674,SUOX
mutation,15675,SUPT16H
mutation,15676,SUPT20H
mutation,15677,SUPT3H
mutation,15678,SUPT4H1
mutation,15679,SUPT5H
mutation,15680,SUPT6H
mutation,15681,SUPT7L
mutation,15682,SUPV3L1
mutation,15683,SURF1
mutation,15684,SURF2
mutation,15685,SURF4
mutation,15686,SURF6
mutation,15687,SUSD1
mutation,15688,SUSD2
mutation,15689,SUSD3
mutation,15690,SUSD4
mutation,15691,SUSD5
mutation,15692,SUSD6
mutation,15693,SUV39H1
mutation,15694,SUV39H2
mutation,15695,SUZ12
mutation,15696,SV2A
mutation,15697,SV2B
mutation,15698,SV2C
mutation,15699,SVBP
mutation,15700,SVEP1
mutation,15701,SVIL
mutation,15702,SVIP
mutation,15703,SVOP
mutation,15704,SVOPL
mutation,15705,SWAP70
mutation,15706,SWI5
mutation,15707,SWSAP1
mutation,15708,SWT1
mutation,15709,SYAP1
mutation,15710,SYBU
mutation,15711,SYCE1
mutation,15712,SYCE1L
mutation,15713,SYCE2
mutation,15714,SYCE3
mutation,15715,SYCN
mutation,15716,SYCP1
mutation,15717,SYCP2
mutation,15718,SYCP2L
mutation,15719,SYCP3
mutation,15720,SYDE1
mutation,15721,SYDE2
mutation,15722,SYF2
mutation,15723,SYK
mutation,15724,SYMPK
mutation,15725,SYN1
mutation,15726,SYN2
mutation,15727,SYN3
mutation,15728,SYNC
mutation,15729,SYNCRIP
mutation,15730,SYNDIG1
mutation,15731,SYNDIG1L
mutation,15732,SYNE1
mutation,15733,SYNE2
mutation,15734,SYNE3
mutation,15735,SYNE4
mutation,15736,SYNGAP1
mutation,15737,SYNGR1
mutation,15738,SYNGR2
mutation,15739,SYNGR3
mutation,15740,SYNGR4
mutation,15741,SYNJ1
mutation,15742,SYNJ2
mutation,15743,SYNJ2BP
mutation,15744,SYNM
mutation,15745,SYNPO
mutation,15746,SYNPO2
mutation,15747,SYNPO2L
mutation,15748,SYNPR
mutation,15749,SYNRG
mutation,15750,SYP
mutation,15751,SYPL1
mutation,15752,SYPL2
mutation,15753,SYS1
mutation,15754,SYT1
mutation,15755,SYT10
mutation,15756,SYT11
mutation,15757,SYT12
mutation,15758,SYT13
mutation,15759,SYT14
mutation,15760,SYT15
mutation,15761,SYT16
mutation,15762,SYT17
mutation,15763,SYT2
mutation,15764,SYT3
mutation,15765,SYT4
mutation,15766,SYT5
mutation,15767,SYT6
mutation,15768,SYT7
mutation,15769,SYT8
mutation,15770,SYT9
mutation,15771,SYTL1
mutation,15772,SYTL2
mutation,15773,SYTL3
mutation,15774,SYTL4
mutation,15775,SYTL5
mutation,15776,SYVN1
mutation,15777,SZRD1
mutation,15778,SZT2
mutation,15779,TAAR1
mutation,15780,TAAR2
mutation,15781,TAAR5
mutation,15782,TAAR6
mutation,15783,TAAR8
mutation,15784,TAAR9
mutation,15785,TAB1
mutation,15786,TAB2
mutation,15787,TAB3
mutation,15788,TAC1
mutation,15789,TAC3
mutation,15790,TAC4
mutation,15791,TACC1
mutation,15792,TACC2
mutation,15793,TACC3
mutation,15794,TACO1
mutation,15795,TACR1
mutation,15796,TACR2
mutation,15797,TACR3
mutation,15798,TACSTD2
mutation,15799,TADA1
mutation,15800,TADA2A
mutation,15801,TADA2B
mutation,15802,TADA3
mutation,15803,TAF1
mutation,15804,TAF10
mutation,15805,TAF11
mutation,15806,TAF12
mutation,15807,TAF13
mutation,15808,TAF15
mutation,15809,TAF1A
mutation,15810,TAF1B
mutation,15811,TAF1C
mutation,15812,TAF1D
mutation,15813,TAF1L
mutation,15814,TAF2
mutation,15815,TAF3
mutation,15816,TAF4
mutation,15817,TAF4B
mutation,15818,TAF5
mutation,15819,TAF5L
mutation,15820,TAF6
mutation,15821,TAF6L
mutation,15822,TAF7
mutation,15823,TAF7L
mutation,15824,TAF8
mutation,15825,TAF9
mutation,15826,TAF9B
mutation,15827,TAFA1
mutation,15828,TAFA2
mutation,15829,TAFA3
mutation,15830,TAFA4
mutation,15831,TAFA5
mutation,15832,TAGAP
mutation,15833,TAGLN
mutation,15834,TAGLN2
mutation,15835,TAGLN3
mutation,15836,TAL1
mutation,15837,TAL2
mutation,15838,TALDO1
mutation,15839,TAMALIN
mutation,15840,TAMM41
mutation,15841,TANC1
mutation,15842,TANC2
mutation,15843,TANGO2
mutation,15844,TANGO6
mutation,15845,TANK
mutation,15846,TAOK1
mutation,15847,TAOK2
mutation,15848,TAOK3
mutation,15849,TAP1
mutation,15850,TAP2
mutation,15851,TAPBP
mutation,15852,TAPBPL
mutation,15853,TAPT1
mutation,15854,TARBP1
mutation,15855,TARBP2
mutation,15856,TARDBP
mutation,15857,TARM1
mutation,15858,TARS1
mutation,15859,TARS2
mutation,15860,TARS3
mutation,15861,TAS1R1
mutation,15862,TAS1R2
mutation,15863,TAS1R3
mutation,15864,TAS2R1
mutation,15865,TAS2R10
mutation,15866,TAS2R13
mutation,15867,TAS2R14
mutation,15868,TAS2R16
mutation,15869,TAS2R19
mutation,15870,TAS2R20
mutation,15871,TAS2R3
mutation,15872,TAS2R30
mutation,15873,TAS2R31
mutation,15874,TAS2R38
mutation,15875,TAS2R39
mutation,15876,TAS2R4
mutation,15877,TAS2R40
mutation,15878,TAS2R41
mutation,15879,TAS2R42
mutation,15880,TAS2R43
mutation,15881,TAS2R46
mutation,15882,TAS2R5
mutation,15883,TAS2R50
mutation,15884,TAS2R60
mutation,15885,TAS2R7
mutation,15886,TAS2R8
mutation,15887,TAS2R9
mutation,15888,TASL
mutation,15889,TASOR
mutation,15890,TASOR2
mutation,15891,TASP1
mutation,15892,TAT
mutation,15893,TATDN1
mutation,15894,TATDN2
mutation,15895,TATDN3
mutation,15896,TAX1BP1
mutation,15897,TAX1BP3
mutation,15898,TAZ
mutation,15899,TBATA
mutation,15900,TBC1D1
mutation,15901,TBC1D10A
mutation,15902,TBC1D10B
mutation,15903,TBC1D10C
mutation,15904,TBC1D12
mutation,15905,TBC1D13
mutation,15906,TBC1D14
mutation,15907,TBC1D15
mutation,15908,TBC1D16
mutation,15909,TBC1D17
mutation,15910,TBC1D19
mutation,15911,TBC1D2
mutation,15912,TBC1D20
mutation,15913,TBC1D21
mutation,15914,TBC1D22A
mutation,15915,TBC1D22B
mutation,15916,TBC1D23
mutation,15917,TBC1D24
mutation,15918,TBC1D25
mutation,15919,TBC1D26
mutation,15920,TBC1D28
mutation,15921,TBC1D2B
mutation,15922,TBC1D30
mutation,15923,TBC1D31
mutation,15924,TBC1D32
mutation,15925,TBC1D3B
mutation,15926,TBC1D3E
mutation,15927,TBC1D3F
mutation,15928,TBC1D3I
mutation,15929,TBC1D4
mutation,15930,TBC1D5
mutation,15931,TBC1D7
mutation,15932,TBC1D8
mutation,15933,TBC1D8B
mutation,15934,TBC1D9
mutation,15935,TBC1D9B
mutation,15936,TBCA
mutation,15937,TBCB
mutation,15938,TBCC
mutation,15939,TBCCD1
mutation,15940,TBCD
mutation,15941,TBCE
mutation,15942,TBCEL
mutation,15943,TBCK
mutation,15944,TBK1
mutation,15945,TBKBP1
mutation,15946,TBL1X
mutation,15947,TBL1XR1
mutation,15948,TBL1Y
mutation,15949,TBL2
mutation,15950,TBL3
mutation,15951,TBP
mutation,15952,TBPL1
mutation,15953,TBPL2
mutation,15954,TBR1
mutation,15955,TBRG1
mutation,15956,TBRG4
mutation,15957,TBX1
mutation,15958,TBX10
mutation,15959,TBX15
mutation,15960,TBX18
mutation,15961,TBX19
mutation,15962,TBX2
mutation,15963,TBX20
mutation,15964,TBX21
mutation,15965,TBX22
mutation,15966,TBX3
mutation,15967,TBX4
mutation,15968,TBX5
mutation,15969,TBX6
mutation,15970,TBXA2R
mutation,15971,TBXAS1
mutation,15972,TBXT
mutation,15973,TC2N
mutation,15974,TCAF1
mutation,15975,TCAF2
mutation,15976,TCAIM
mutation,15977,TCAP
mutation,15978,TCEA1
mutation,15979,TCEA2
mutation,15980,TCEA3
mutation,15981,TCEAL1
mutation,15982,TCEAL2
mutation,15983,TCEAL3
mutation,15984,TCEAL4
mutation,15985,TCEAL5
mutation,15986,TCEAL6
mutation,15987,TCEAL7
mutation,15988,TCEAL8
mutation,15989,TCEAL9
mutation,15990,TCEANC
mutation,15991,TCEANC2
mutation,15992,TCERG1
mutation,15993,TCERG1L
mutation,15994,TCF12
mutation,15995,TCF15
mutation,15996,TCF19
mutation,15997,TCF20
mutation,15998,TCF21
mutation,15999,TCF23
mutation,16000,TCF25
mutation,16001,TCF3
mutation,16002,TCF4
mutation,16003,TCF7
mutation,16004,TCF7L1
mutation,16005,TCF7L2
mutation,16006,TCFL5
mutation,16007,TCHH
mutation,16008,TCHHL1
mutation,16009,TCHP
mutation,16010,TCIM
mutation,16011,TCIRG1
mutation,16012,TCL1A
mutation,16013,TCL1B
mutation,16014,TCN1
mutation,16015,TCN2
mutation,16016,TCOF1
mutation,16017,TCP1
mutation,16018,TCP10L
mutation,16019,TCP10L2
mutation,16020,TCP10L3
mutation,16021,TCP11
mutation,16022,TCP11L1
mutation,16023,TCP11L2
mutation,16024,TCP11X2
mutation,16025,TCTA
mutation,16026,TCTE1
mutation,16027,TCTN1
mutation,16028,TCTN2
mutation,16029,TCTN3
mutation,16030,TDG
mutation,16031,TDGF1
mutation,16032,TDO2
mutation,16033,TDP1
mutation,16034,TDP2
mutation,16035,TDRD1
mutation,16036,TDRD10
mutation,16037,TDRD12
mutation,16038,TDRD15
mutation,16039,TDRD3
mutation,16040,TDRD5
mutation,16041,TDRD6
mutation,16042,TDRD7
mutation,16043,TDRD9
mutation,16044,TDRKH
mutation,16045,TDRP
mutation,16046,TEAD1
mutation,16047,TEAD2
mutation,16048,TEAD3
mutation,16049,TEAD4
mutation,16050,TEC
mutation,16051,TECPR1
mutation,16052,TECPR2
mutation,16053,TECR
mutation,16054,TECRL
mutation,16055,TECTA
mutation,16056,TECTB
mutation,16057,TEDC1
mutation,16058,TEDC2
mutation,16059,TEDDM1
mutation,16060,TEF
mutation,16061,TEFM
mutation,16062,TEK
mutation,16063,TEKT1
mutation,16064,TEKT2
mutation,16065,TEKT3
mutation,16066,TEKT4
mutation,16067,TEKT5
mutation,16068,TELO2
mutation,16069,TEN1
mutation,16070,TENM1
mutation,16071,TENM2
mutation,16072,TENM3
mutation,16073,TENM4
mutation,16074,TENT2
mutation,16075,TENT4A
mutation,16076,TENT4B
mutation,16077,TENT5A
mutation,16078,TENT5B
mutation,16079,TENT5C
mutation,16080,TENT5D
mutation,16081,TEP1
mutation,16082,TEPP
mutation,16083,TEPSIN
mutation,16084,TERB1
mutation,16085,TERB2
mutation,16086,TERF1
mutation,16087,TERF2
mutation,16088,TERF2IP
mutation,16089,TERT
mutation,16090,TES
mutation,16091,TESC
mutation,16092,TESK1
mutation,16093,TESK2
mutation,16094,TESMIN
mutation,16095,TESPA1
mutation,16096,TET1
mutation,16097,TET2
mutation,16098,TET3
mutation,16099,TEX10
mutation,16100,TEX101
mutation,16101,TEX11
mutation,16102,TEX12
mutation,16103,TEX13A
mutation,16104,TEX13B
mutation,16105,TEX13C
mutation,16106,TEX13D
mutation,16107,TEX14
mutation,16108,TEX15
mutation,16109,TEX19
mutation,16110,TEX2
mutation,16111,TEX22
mutation,16112,TEX26
mutation,16113,TEX261
mutation,16114,TEX264
mutation,16115,TEX29
mutation,16116,TEX30
mutation,16117,TEX33
mutation,16118,TEX35
mutation,16119,TEX36
mutation,16120,TEX37
mutation,16121,TEX38
mutation,16122,TEX43
mutation,16123,TEX44
mutation,16124,TEX45
mutation,16125,TEX46
mutation,16126,TEX47
mutation,16127,TEX51
mutation,16128,TEX52
mutation,16129,TEX55
mutation,16130,TEX9
mutation,16131,TF
mutation,16132,TFAM
mutation,16133,TFAP2A
mutation,16134,TFAP2B
mutation,16135,TFAP2C
mutation,16136,TFAP2D
mutation,16137,TFAP2E
mutation,16138,TFAP4
mutation,16139,TFB1M
mutation,16140,TFB2M
mutation,16141,TFCP2
mutation,16142,TFCP2L1
mutation,16143,TFDP1
mutation,16144,TFDP2
mutation,16145,TFDP3
mutation,16146,TFE3
mutation,16147,TFEB
mutation,16148,TFEC
mutation,16149,TFF1
mutation,16150,TFF2
mutation,16151,TFF3
mutation,16152,TFG
mutation,16153,TFIP11
mutation,16154,TFPI
mutation,16155,TFPI2
mutation,16156,TFPT
mutation,16157,TFR2
mutation,16158,TFRC
mutation,16159,TG
mutation,16160,TGDS
mutation,16161,TGFA
mutation,16162,TGFB1
mutation,16163,TGFB1I1
mutation,16164,TGFB2
mutation,16165,TGFB3
mutation,16166,TGFBI
mutation,16167,TGFBR1
mutation,16168,TGFBR2
mutation,16169,TGFBR3
mutation,16170,TGFBR3L
mutation,16171,TGFBRAP1
mutation,16172,TGIF1
mutation,16173,TGIF2
mutation,16174,TGIF2LX
mutation,16175,TGIF2LY
mutation,16176,TGM1
mutation,16177,TGM2
mutation,16178,TGM3
mutation,16179,TGM4
mutation,16180,TGM5
mutation,16181,TGM6
mutation,16182,TGM7
mutation,16183,TGOLN2
mutation,16184,TGS1
mutation,16185,TH
mutation,16186,THADA
mutation,16187,THAP1
mutation,16188,THAP10
mutation,16189,THAP11
mutation,16190,THAP12
mutation,16191,THAP2
mutation,16192,THAP3
mutation,16193,THAP4
mutation,16194,THAP5
mutation,16195,THAP6
mutation,16196,THAP7
mutation,16197,THAP8
mutation,16198,THAP9
mutation,16199,THBD
mutation,16200,THBS1
mutation,16201,THBS2
mutation,16202,THBS3
mutation,16203,THBS4
mutation,16204,THEG
mutation,16205,THEGL
mutation,16206,THEM4
mutation,16207,THEM5
mutation,16208,THEM6
mutation,16209,THEMIS
mutation,16210,THEMIS2
mutation,16211,THG1L
mutation,16212,THNSL1
mutation,16213,THNSL2
mutation,16214,THOC1
mutation,16215,THOC2
mutation,16216,THOC3
mutation,16217,THOC5
mutation,16218,THOC6
mutation,16219,THOC7
mutation,16220,THOP1
mutation,16221,THPO
mutation,16222,THRA
mutation,16223,THRAP3
mutation,16224,THRB
mutation,16225,THRSP
mutation,16226,THSD1
mutation,16227,THSD4
mutation,16228,THSD7A
mutation,16229,THSD7B
mutation,16230,THTPA
mutation,16231,THUMPD1
mutation,16232,THUMPD2
mutation,16233,THUMPD3
mutation,16234,THY1
mutation,16235,THYN1
mutation,16236,TIA1
mutation,16237,TIAL1
mutation,16238,TIAM1
mutation,16239,TIAM2
mutation,16240,TICAM1
mutation,16241,TICAM2
mutation,16242,TICRR
mutation,16243,TIE1
mutation,16244,TIFA
mutation,16245,TIFAB
mutation,16246,TIGAR
mutation,16247,TIGD2
mutation,16248,TIGD3
mutation,16249,TIGD4
mutation,16250,TIGD5
mutation,16251,TIGD6
mutation,16252,TIGD7
mutation,16253,TIGIT
mutation,16254,TIMD4
mutation,16255,TIMELESS
mutation,16256,TIMM10
mutation,16257,TIMM10B
mutation,16258,TIMM13
mutation,16259,TIMM17A
mutation,16260,TIMM17B
mutation,16261,TIMM21
mutation,16262,TIMM22
mutation,16263,TIMM23
mutation,16264,TIMM23B
mutation,16265,TIMM29
mutation,16266,TIMM44
mutation,16267,TIMM50
mutation,16268,TIMM8A
mutation,16269,TIMM8B
mutation,16270,TIMM9
mutation,16271,TIMMDC1
mutation,16272,TIMP1
mutation,16273,TIMP2
mutation,16274,TIMP3
mutation,16275,TIMP4
mutation,16276,TINAG
mutation,16277,TINAGL1
mutation,16278,TINF2
mutation,16279,TIPARP
mutation,16280,TIPIN
mutation,16281,TIPRL
mutation,16282,TIRAP
mutation,16283,TJAP1
mutation,16284,TJP1
mutation,16285,TJP2
mutation,16286,TJP3
mutation,16287,TK1
mutation,16288,TK2
mutation,16289,TKFC
mutation,16290,TKT
mutation,16291,TKTL1
mutation,16292,TKTL2
mutation,16293,TLCD1
mutation,16294,TLCD2
mutation,16295,TLCD3A
mutation,16296,TLCD3B
mutation,16297,TLCD4
mutation,16298,TLCD5
mutation,16299,TLDC2
mutation,16300,TLE1
mutation,16301,TLE2
mutation,16302,TLE3
mutation,16303,TLE4
mutation,16304,TLE5
mutation,16305,TLE6
mutation,16306,TLE7
mutation,16307,TLK1
mutation,16308,TLK2
mutation,16309,TLL1
mutation,16310,TLL2
mutation,16311,TLN1
mutation,16312,TLN2
mutation,16313,TLNRD1
mutation,16314,TLR1
mutation,16315,TLR10
mutation,16316,TLR2
mutation,16317,TLR3
mutation,16318,TLR4
mutation,16319,TLR5
mutation,16320,TLR6
mutation,16321,TLR7
mutation,16322,TLR8
mutation,16323,TLR9
mutation,16324,TLX1
mutation,16325,TLX2
mutation,16326,TLX3
mutation,16327,TM2D1
mutation,16328,TM2D2
mutation,16329,TM2D3
mutation,16330,TM4SF1
mutation,16331,TM4SF18
mutation,16332,TM4SF19
mutation,16333,TM4SF20
mutation,16334,TM4SF4
mutation,16335,TM4SF5
mutation,16336,TM6SF1
mutation,16337,TM6SF2
mutation,16338,TM7SF2
mutation,16339,TM7SF3
mutation,16340,TM9SF1
mutation,16341,TM9SF2
mutation,16342,TM9SF3
mutation,16343,TM9SF4
mutation,16344,TMA16
mutation,16345,TMA7
mutation,16346,TMBIM1
mutation,16347,TMBIM4
mutation,16348,TMBIM6
mutation,16349,TMC1
mutation,16350,TMC2
mutation,16351,TMC3
mutation,16352,TMC4
mutation,16353,TMC5
mutation,16354,TMC6
mutation,16355,TMC7
mutation,16356,TMC8
mutation,16357,TMCC1
mutation,16358,TMCC2
mutation,16359,TMCC3
mutation,16360,TMCO1
mutation,16361,TMCO2
mutation,16362,TMCO3
mutation,16363,TMCO4
mutation,16364,TMCO5A
mutation,16365,TMCO6
mutation,16366,TMED1
mutation,16367,TMED10
mutation,16368,TMED2
mutation,16369,TMED3
mutation,16370,TMED4
mutation,16371,TMED5
mutation,16372,TMED6
mutation,16373,TMED7
mutation,16374,TMED8
mutation,16375,TMED9
mutation,16376,TMEFF1
mutation,16377,TMEFF2
mutation,16378,TMEM100
mutation,16379,TMEM101
mutation,16380,TMEM102
mutation,16381,TMEM104
mutation,16382,TMEM106A
mutation,16383,TMEM106B
mutation,16384,TMEM106C
mutation,16385,TMEM107
mutation,16386,TMEM108
mutation,16387,TMEM109
mutation,16388,TMEM11
mutation,16389,TMEM114
mutation,16390,TMEM115
mutation,16391,TMEM116
mutation,16392,TMEM117
mutation,16393,TMEM119
mutation,16394,TMEM120A
mutation,16395,TMEM120B
mutation,16396,TMEM121
mutation,16397,TMEM121B
mutation,16398,TMEM123
mutation,16399,TMEM125
mutation,16400,TMEM126A
mutation,16401,TMEM126B
mutation,16402,TMEM127
mutation,16403,TMEM128
mutation,16404,TMEM129
mutation,16405,TMEM130
mutation,16406,TMEM131
mutation,16407,TMEM131L
mutation,16408,TMEM132A
mutation,16409,TMEM132B
mutation,16410,TMEM132C
mutation,16411,TMEM132D
mutation,16412,TMEM132E
mutation,16413,TMEM134
mutation,16414,TMEM135
mutation,16415,TMEM138
mutation,16416,TMEM139
mutation,16417,TMEM140
mutation,16418,TMEM141
mutation,16419,TMEM143
mutation,16420,TMEM144
mutation,16421,TMEM145
mutation,16422,TMEM147
mutation,16423,TMEM14A
mutation,16424,TMEM14B
mutation,16425,TMEM14C
mutation,16426,TMEM150A
mutation,16427,TMEM150B
mutation,16428,TMEM150C
mutation,16429,TMEM151A
mutation,16430,TMEM151B
mutation,16431,TMEM154
mutation,16432,TMEM155
mutation,16433,TMEM156
mutation,16434,TMEM158
mutation,16435,TMEM159
mutation,16436,TMEM160
mutation,16437,TMEM161A
mutation,16438,TMEM161B
mutation,16439,TMEM163
mutation,16440,TMEM164
mutation,16441,TMEM165
mutation,16442,TMEM167A
mutation,16443,TMEM167B
mutation,16444,TMEM168
mutation,16445,TMEM169
mutation,16446,TMEM17
mutation,16447,TMEM170A
mutation,16448,TMEM170B
mutation,16449,TMEM171
mutation,16450,TMEM174
mutation,16451,TMEM175
mutation,16452,TMEM176A
mutation,16453,TMEM176B
mutation,16454,TMEM177
mutation,16455,TMEM178A
mutation,16456,TMEM178B
mutation,16457,TMEM179
mutation,16458,TMEM179B
mutation,16459,TMEM18
mutation,16460,TMEM181
mutation,16461,TMEM182
mutation,16462,TMEM183A
mutation,16463,TMEM184A
mutation,16464,TMEM184B
mutation,16465,TMEM184C
mutation,16466,TMEM185A
mutation,16467,TMEM185B
mutation,16468,TMEM186
mutation,16469,TMEM187
mutation,16470,TMEM19
mutation,16471,TMEM190
mutation,16472,TMEM192
mutation,16473,TMEM196
mutation,16474,TMEM198
mutation,16475,TMEM199
mutation,16476,TMEM200A
mutation,16477,TMEM200B
mutation,16478,TMEM200C
mutation,16479,TMEM201
mutation,16480,TMEM202
mutation,16481,TMEM203
mutation,16482,TMEM204
mutation,16483,TMEM205
mutation,16484,TMEM207
mutation,16485,TMEM208
mutation,16486,TMEM209
mutation,16487,TMEM210
mutation,16488,TMEM211
mutation,16489,TMEM212
mutation,16490,TMEM213
mutation,16491,TMEM214
mutation,16492,TMEM215
mutation,16493,TMEM216
mutation,16494,TMEM217
mutation,16495,TMEM218
mutation,16496,TMEM219
mutation,16497,TMEM220
mutation,16498,TMEM221
mutation,16499,TMEM222
mutation,16500,TMEM223
mutation,16501,TMEM225
mutation,16502,TMEM229A
mutation,16503,TMEM229B
mutation,16504,TMEM230
mutation,16505,TMEM231
mutation,16506,TMEM232
mutation,16507,TMEM234
mutation,16508,TMEM235
mutation,16509,TMEM236
mutation,16510,TMEM237
mutation,16511,TMEM238L
mutation,16512,TMEM239
mutation,16513,TMEM240
mutation,16514,TMEM241
mutation,16515,TMEM242
mutation,16516,TMEM243
mutation,16517,TMEM244
mutation,16518,TMEM245
mutation,16519,TMEM247
mutation,16520,TMEM248
mutation,16521,TMEM249
mutation,16522,TMEM25
mutation,16523,TMEM250
mutation,16524,TMEM251
mutation,16525,TMEM252
mutation,16526,TMEM254
mutation,16527,TMEM255A
mutation,16528,TMEM255B
mutation,16529,TMEM256
mutation,16530,TMEM258
mutation,16531,TMEM259
mutation,16532,TMEM26
mutation,16533,TMEM260
mutation,16534,TMEM262
mutation,16535,TMEM263
mutation,16536,TMEM266
mutation,16537,TMEM267
mutation,16538,TMEM268
mutation,16539,TMEM269
mutation,16540,TMEM270
mutation,16541,TMEM271
mutation,16542,TMEM272
mutation,16543,TMEM273
mutation,16544,TMEM30A
mutation,16545,TMEM30B
mutation,16546,TMEM31
mutation,16547,TMEM33
mutation,16548,TMEM35A
mutation,16549,TMEM35B
mutation,16550,TMEM37
mutation,16551,TMEM38A
mutation,16552,TMEM38B
mutation,16553,TMEM39A
mutation,16554,TMEM39B
mutation,16555,TMEM40
mutation,16556,TMEM41A
mutation,16557,TMEM41B
mutation,16558,TMEM42
mutation,16559,TMEM43
mutation,16560,TMEM44
mutation,16561,TMEM45A
mutation,16562,TMEM45B
mutation,16563,TMEM47
mutation,16564,TMEM50A
mutation,16565,TMEM50B
mutation,16566,TMEM51
mutation,16567,TMEM52
mutation,16568,TMEM52B
mutation,16569,TMEM53
mutation,16570,TMEM54
mutation,16571,TMEM59
mutation,16572,TMEM59L
mutation,16573,TMEM60
mutation,16574,TMEM61
mutation,16575,TMEM62
mutation,16576,TMEM63A
mutation,16577,TMEM63B
mutation,16578,TMEM63C
mutation,16579,TMEM64
mutation,16580,TMEM65
mutation,16581,TMEM67
mutation,16582,TMEM68
mutation,16583,TMEM69
mutation,16584,TMEM70
mutation,16585,TMEM71
mutation,16586,TMEM72
mutation,16587,TMEM74
mutation,16588,TMEM74B
mutation,16589,TMEM79
mutation,16590,TMEM80
mutation,16591,TMEM81
mutation,16592,TMEM82
mutation,16593,TMEM86A
mutation,16594,TMEM86B
mutation,16595,TMEM87A
mutation,16596,TMEM87B
mutation,16597,TMEM88
mutation,16598,TMEM88B
mutation,16599,TMEM89
mutation,16600,TMEM8B
mutation,16601,TMEM9
mutation,16602,TMEM91
mutation,16603,TMEM92
mutation,16604,TMEM94
mutation,16605,TMEM95
mutation,16606,TMEM97
mutation,16607,TMEM98
mutation,16608,TMEM9B
mutation,16609,TMF1
mutation,16610,TMIE
mutation,16611,TMIGD1
mutation,16612,TMIGD2
mutation,16613,TMIGD3
mutation,16614,TMLHE
mutation,16615,TMOD1
mutation,16616,TMOD2
mutation,16617,TMOD3
mutation,16618,TMOD4
mutation,16619,TMPO
mutation,16620,TMPPE
mutation,16621,TMPRSS11A
mutation,16622,TMPRSS11B
mutation,16623,TMPRSS11D
mutation,16624,TMPRSS11E
mutation,16625,TMPRSS11F
mutation,16626,TMPRSS12
mutation,16627,TMPRSS13
mutation,16628,TMPRSS15
mutation,16629,TMPRSS2
mutation,16630,TMPRSS3
mutation,16631,TMPRSS4
mutation,16632,TMPRSS5
mutation,16633,TMPRSS6
mutation,16634,TMPRSS7
mutation,16635,TMPRSS9
mutation,16636,TMSB10
mutation,16637,TMSB15A
mutation,16638,TMSB4X
mutation,16639,TMTC1
mutation,16640,TMTC2
mutation,16641,TMTC3
mutation,16642,TMTC4
mutation,16643,TMUB1
mutation,16644,TMUB2
mutation,16645,TMX1
mutation,16646,TMX2
mutation,16647,TMX3
mutation,16648,TMX4
mutation,16649,TNC
mutation,16650,TNF
mutation,16651,TNFAIP1
mutation,16652,TNFAIP2
mutation,16653,TNFAIP3
mutation,16654,TNFAIP6
mutation,16655,TNFAIP8
mutation,16656,TNFAIP8L1
mutation,16657,TNFAIP8L2
mutation,16658,TNFAIP8L3
mutation,16659,TNFRSF10A
mutation,16660,TNFRSF10B
mutation,16661,TNFRSF10C
mutation,16662,TNFRSF10D
mutation,16663,TNFRSF11A
mutation,16664,TNFRSF11B
mutation,16665,TNFRSF12A
mutation,16666,TNFRSF13B
mutation,16667,TNFRSF13C
mutation,16668,TNFRSF14
mutation,16669,TNFRSF17
mutation,16670,TNFRSF18
mutation,16671,TNFRSF19
mutation,16672,TNFRSF1A
mutation,16673,TNFRSF1B
mutation,16674,TNFRSF21
mutation,16675,TNFRSF25
mutation,16676,TNFRSF4
mutation,16677,TNFRSF6B
mutation,16678,TNFRSF8
mutation,16679,TNFRSF9
mutation,16680,TNFSF10
mutation,16681,TNFSF11
mutation,16682,TNFSF12
mutation,16683,TNFSF12-TNFSF13
mutation,16684,TNFSF13
mutation,16685,TNFSF13B
mutation,16686,TNFSF14
mutation,16687,TNFSF15
mutation,16688,TNFSF18
mutation,16689,TNFSF4
mutation,16690,TNFSF8
mutation,16691,TNFSF9
mutation,16692,TNIK
mutation,16693,TNIP1
mutation,16694,TNIP2
mutation,16695,TNIP3
mutation,16696,TNK1
mutation,16697,TNK2
mutation,16698,TNKS
mutation,16699,TNKS1BP1
mutation,16700,TNKS2
mutation,16701,TNMD
mutation,16702,TNN
mutation,16703,TNNC1
mutation,16704,TNNC2
mutation,16705,TNNI1
mutation,16706,TNNI2
mutation,16707,TNNI3
mutation,16708,TNNI3K
mutation,16709,TNNT1
mutation,16710,TNNT2
mutation,16711,TNNT3
mutation,16712,TNP1
mutation,16713,TNP2
mutation,16714,TNPO1
mutation,16715,TNPO2
mutation,16716,TNPO3
mutation,16717,TNR
mutation,16718,TNRC18
mutation,16719,TNRC6A
mutation,16720,TNRC6B
mutation,16721,TNRC6C
mutation,16722,TNS1
mutation,16723,TNS2
mutation,16724,TNS3
mutation,16725,TNS4
mutation,16726,TNXB
mutation,16727,TOB1
mutation,16728,TOB2
mutation,16729,TOE1
mutation,16730,TOGARAM1
mutation,16731,TOGARAM2
mutation,16732,TOLLIP
mutation,16733,TOM1
mutation,16734,TOM1L1
mutation,16735,TOM1L2
mutation,16736,TOMM20
mutation,16737,TOMM20L
mutation,16738,TOMM22
mutation,16739,TOMM34
mutation,16740,TOMM40
mutation,16741,TOMM40L
mutation,16742,TOMM5
mutation,16743,TOMM6
mutation,16744,TOMM70
mutation,16745,TONSL
mutation,16746,TOP1
mutation,16747,TOP1MT
mutation,16748,TOP2A
mutation,16749,TOP2B
mutation,16750,TOP3A
mutation,16751,TOP3B
mutation,16752,TOPAZ1
mutation,16753,TOPBP1
mutation,16754,TOPORS
mutation,16755,TOR1A
mutation,16756,TOR1AIP1
mutation,16757,TOR1AIP2
mutation,16758,TOR1B
mutation,16759,TOR2A
mutation,16760,TOR3A
mutation,16761,TOR4A
mutation,16762,TOX
mutation,16763,TOX2
mutation,16764,TOX3
mutation,16765,TOX4
mutation,16766,TP53
mutation,16767,TP53AIP1
mutation,16768,TP53BP1
mutation,16769,TP53BP2
mutation,16770,TP53I11
mutation,16771,TP53I13
mutation,16772,TP53I3
mutation,16773,TP53INP1
mutation,16774,TP53INP2
mutation,16775,TP53RK
mutation,16776,TP53TG3D
mutation,16777,TP53TG5
mutation,16778,TP63
mutation,16779,TP73
mutation,16780,TPBG
mutation,16781,TPBGL
mutation,16782,TPCN1
mutation,16783,TPCN2
mutation,16784,TPD52
mutation,16785,TPD52L1
mutation,16786,TPD52L2
mutation,16787,TPD52L3
mutation,16788,TPGS1
mutation,16789,TPGS2
mutation,16790,TPH1
mutation,16791,TPH2
mutation,16792,TPI1
mutation,16793,TPK1
mutation,16794,TPM1
mutation,16795,TPM2
mutation,16796,TPM3
mutation,16797,TPM4
mutation,16798,TPMT
mutation,16799,TPO
mutation,16800,TPP1
mutation,16801,TPP2
mutation,16802,TPPP
mutation,16803,TPPP2
mutation,16804,TPPP3
mutation,16805,TPR
mutation,16806,TPRA1
mutation,16807,TPRG1
mutation,16808,TPRG1L
mutation,16809,TPRKB
mutation,16810,TPRN
mutation,16811,TPRX1
mutation,16812,TPSAB1
mutation,16813,TPSD1
mutation,16814,TPSG1
mutation,16815,TPST1
mutation,16816,TPST2
mutation,16817,TPT1
mutation,16818,TPTE
mutation,16819,TPTE2
mutation,16820,TPX2
mutation,16821,TRA2A
mutation,16822,TRA2B
mutation,16823,TRABD
mutation,16824,TRABD2A
mutation,16825,TRABD2B
mutation,16826,TRADD
mutation,16827,TRAF1
mutation,16828,TRAF2
mutation,16829,TRAF3
mutation,16830,TRAF3IP1
mutation,16831,TRAF3IP2
mutation,16832,TRAF3IP3
mutation,16833,TRAF4
mutation,16834,TRAF5
mutation,16835,TRAF6
mutation,16836,TRAF7
mutation,16837,TRAFD1
mutation,16838,TRAIP
mutation,16839,TRAK1
mutation,16840,TRAK2
mutation,16841,TRAM1
mutation,16842,TRAM1L1
mutation,16843,TRAM2
mutation,16844,TRANK1
mutation,16845,TRAP1
mutation,16846,TRAPPC1
mutation,16847,TRAPPC10
mutation,16848,TRAPPC11
mutation,16849,TRAPPC12
mutation,16850,TRAPPC13
mutation,16851,TRAPPC2
mutation,16852,TRAPPC2B
mutation,16853,TRAPPC2L
mutation,16854,TRAPPC3
mutation,16855,TRAPPC3L
mutation,16856,TRAPPC4
mutation,16857,TRAPPC5
mutation,16858,TRAPPC6A
mutation,16859,TRAPPC6B
mutation,16860,TRAPPC8
mutation,16861,TRAPPC9
mutation,16862,TRARG1
mutation,16863,TRAT1
mutation,16864,TRDMT1
mutation,16865,TRDN
mutation,16866,TRDV1
mutation,16867,TREH
mutation,16868,TREM1
mutation,16869,TREM2
mutation,16870,TREML1
mutation,16871,TREML2
mutation,16872,TREML4
mutation,16873,TRERF1
mutation,16874,TREX2
mutation,16875,TRH
mutation,16876,TRHDE
mutation,16877,TRHR
mutation,16878,TRIAP1
mutation,16879,TRIB1
mutation,16880,TRIB2
mutation,16881,TRIB3
mutation,16882,TRIL
mutation,16883,TRIM10
mutation,16884,TRIM11
mutation,16885,TRIM13
mutation,16886,TRIM14
mutation,16887,TRIM15
mutation,16888,TRIM16
mutation,16889,TRIM16L
mutation,16890,TRIM17
mutation,16891,TRIM2
mutation,16892,TRIM21
mutation,16893,TRIM22
mutation,16894,TRIM23
mutation,16895,TRIM24
mutation,16896,TRIM25
mutation,16897,TRIM26
mutation,16898,TRIM27
mutation,16899,TRIM28
mutation,16900,TRIM29
mutation,16901,TRIM3
mutation,16902,TRIM31
mutation,16903,TRIM32
mutation,16904,TRIM33
mutation,16905,TRIM35
mutation,16906,TRIM36
mutation,16907,TRIM37
mutation,16908,TRIM38
mutation,16909,TRIM39
mutation,16910,TRIM39-RPP21
mutation,16911,TRIM4
mutation,16912,TRIM40
mutation,16913,TRIM41
mutation,16914,TRIM42
mutation,16915,TRIM43
mutation,16916,TRIM43B
mutation,16917,TRIM44
mutation,16918,TRIM45
mutation,16919,TRIM46
mutation,16920,TRIM47
mutation,16921,TRIM48
mutation,16922,TRIM49
mutation,16923,TRIM49B
mutation,16924,TRIM49C
mutation,16925,TRIM49D1
mutation,16926,TRIM5
mutation,16927,TRIM50
mutation,16928,TRIM51
mutation,16929,TRIM51GP
mutation,16930,TRIM52
mutation,16931,TRIM54
mutation,16932,TRIM55
mutation,16933,TRIM56
mutation,16934,TRIM58
mutation,16935,TRIM59
mutation,16936,TRIM6
mutation,16937,TRIM6-TRIM34
mutation,16938,TRIM60
mutation,16939,TRIM61
mutation,16940,TRIM62
mutation,16941,TRIM63
mutation,16942,TRIM64
mutation,16943,TRIM64B
mutation,16944,TRIM64C
mutation,16945,TRIM65
mutation,16946,TRIM66
mutation,16947,TRIM67
mutation,16948,TRIM68
mutation,16949,TRIM69
mutation,16950,TRIM7
mutation,16951,TRIM71
mutation,16952,TRIM72
mutation,16953,TRIM73
mutation,16954,TRIM74
mutation,16955,TRIM75P
mutation,16956,TRIM77
mutation,16957,TRIM8
mutation,16958,TRIM9
mutation,16959,TRIML1
mutation,16960,TRIML2
mutation,16961,TRIO
mutation,16962,TRIOBP
mutation,16963,TRIP10
mutation,16964,TRIP11
mutation,16965,TRIP12
mutation,16966,TRIP13
mutation,16967,TRIP4
mutation,16968,TRIP6
mutation,16969,TRIQK
mutation,16970,TRIR
mutation,16971,TRIT1
mutation,16972,TRMO
mutation,16973,TRMT1
mutation,16974,TRMT10A
mutation,16975,TRMT10B
mutation,16976,TRMT10C
mutation,16977,TRMT11
mutation,16978,TRMT112
mutation,16979,TRMT12
mutation,16980,TRMT13
mutation,16981,TRMT1L
mutation,16982,TRMT2A
mutation,16983,TRMT2B
mutation,16984,TRMT44
mutation,16985,TRMT5
mutation,16986,TRMT6
mutation,16987,TRMT61A
mutation,16988,TRMT61B
mutation,16989,TRMT9B
mutation,16990,TRMU
mutation,16991,TRNAU1AP
mutation,16992,TRNP1
mutation,16993,TRNT1
mutation,16994,TRO
mutation,16995,TROAP
mutation,16996,TRPA1
mutation,16997,TRPC1
mutation,16998,TRPC3
mutation,16999,TRPC4
mutation,17000,TRPC4AP
mutation,17001,TRPC5
mutation,17002,TRPC5OS
mutation,17003,TRPC6
mutation,17004,TRPC7
mutation,17005,TRPM1
mutation,17006,TRPM2
mutation,17007,TRPM3
mutation,17008,TRPM4
mutation,17009,TRPM5
mutation,17010,TRPM6
mutation,17011,TRPM7
mutation,17012,TRPM8
mutation,17013,TRPS1
mutation,17014,TRPT1
mutation,17015,TRPV1
mutation,17016,TRPV2
mutation,17017,TRPV3
mutation,17018,TRPV4
mutation,17019,TRPV5
mutation,17020,TRPV6
mutation,17021,TRRAP
mutation,17022,TRUB1
mutation,17023,TRUB2
mutation,17024,TSACC
mutation,17025,TSBP1
mutation,17026,TSC1
mutation,17027,TSC2
mutation,17028,TSC22D1
mutation,17029,TSC22D2
mutation,17030,TSC22D3
mutation,17031,TSC22D4
mutation,17032,TSEN15
mutation,17033,TSEN2
mutation,17034,TSEN34
mutation,17035,TSEN54
mutation,17036,TSFM
mutation,17037,TSG101
mutation,17038,TSGA10
mutation,17039,TSGA10IP
mutation,17040,TSGA13
mutation,17041,TSHB
mutation,17042,TSHR
mutation,17043,TSHZ1
mutation,17044,TSHZ2
mutation,17045,TSHZ3
mutation,17046,TSKS
mutation,17047,TSKU
mutation,17048,TSLP
mutation,17049,TSN
mutation,17050,TSNARE1
mutation,17051,TSNAX
mutation,17052,TSNAXIP1
mutation,17053,TSPAN1
mutation,17054,TSPAN10
mutation,17055,TSPAN11
mutation,17056,TSPAN12
mutation,17057,TSPAN13
mutation,17058,TSPAN14
mutation,17059,TSPAN15
mutation,17060,TSPAN16
mutation,17061,TSPAN17
mutation,17062,TSPAN18
mutation,17063,TSPAN19
mutation,17064,TSPAN2
mutation,17065,TSPAN3
mutation,17066,TSPAN31
mutation,17067,TSPAN32
mutation,17068,TSPAN33
mutation,17069,TSPAN4
mutation,17070,TSPAN5
mutation,17071,TSPAN6
mutation,17072,TSPAN7
mutation,17073,TSPAN8
mutation,17074,TSPAN9
mutation,17075,TSPEAR
mutation,17076,TSPO
mutation,17077,TSPO2
mutation,17078,TSPOAP1
mutation,17079,TSPY10
mutation,17080,TSPY2
mutation,17081,TSPY8
mutation,17082,TSPYL1
mutation,17083,TSPYL2
mutation,17084,TSPYL4
mutation,17085,TSPYL5
mutation,17086,TSPYL6
mutation,17087,TSR1
mutation,17088,TSR2
mutation,17089,TSR3
mutation,17090,TSSC4
mutation,17091,TSSK1B
mutation,17092,TSSK3
mutation,17093,TSSK4
mutation,17094,TSSK6
mutation,17095,TST
mutation,17096,TSTD1
mutation,17097,TSTD2
mutation,17098,TTBK1
mutation,17099,TTBK2
mutation,17100,TTC1
mutation,17101,TTC12
mutation,17102,TTC13
mutation,17103,TTC14
mutation,17104,TTC16
mutation,17105,TTC17
mutation,17106,TTC19
mutation,17107,TTC21A
mutation,17108,TTC21B
mutation,17109,TTC22
mutation,17110,TTC23
mutation,17111,TTC23L
mutation,17112,TTC24
mutation,17113,TTC26
mutation,17114,TTC27
mutation,17115,TTC28
mutation,17116,TTC29
mutation,17117,TTC3
mutation,17118,TTC30A
mutation,17119,TTC30B
mutation,17120,TTC31
mutation,17121,TTC32
mutation,17122,TTC33
mutation,17123,TTC34
mutation,17124,TTC36
mutation,17125,TTC37
mutation,17126,TTC38
mutation,17127,TTC39A
mutation,17128,TTC39B
mutation,17129,TTC39C
mutation,17130,TTC4
mutation,17131,TTC5
mutation,17132,TTC6
mutation,17133,TTC7A
mutation,17134,TTC7B
mutation,17135,TTC8
mutation,17136,TTC9
mutation,17137,TTC9B
mutation,17138,TTC9C
mutation,17139,TTF1
mutation,17140,TTF2
mutation,17141,TTI1
mutation,17142,TTI2
mutation,17143,TTK
mutation,17144,TTL
mutation,17145,TTLL1
mutation,17146,TTLL10
mutation,17147,TTLL11
mutation,17148,TTLL12
mutation,17149,TTLL13P
mutation,17150,TTLL2
mutation,17151,TTLL3
mutation,17152,TTLL4
mutation,17153,TTLL5
mutation,17154,TTLL6
mutation,17155,TTLL7
mutation,17156,TTLL8
mutation,17157,TTLL9
mutation,17158,TTN
mutation,17159,TTPA
mutation,17160,TTPAL
mutation,17161,TTR
mutation,17162,TTYH1
mutation,17163,TTYH2
mutation,17164,TTYH3
mutation,17165,TUB
mutation,17166,TUBA1A
mutation,17167,TUBA1B
mutation,17168,TUBA1C
mutation,17169,TUBA3C
mutation,17170,TUBA3D
mutation,17171,TUBA3E
mutation,17172,TUBA4A
mutation,17173,TUBA4B
mutation,17174,TUBA8
mutation,17175,TUBAL3
mutation,17176,TUBB
mutation,17177,TUBB1
mutation,17178,TUBB2A
mutation,17179,TUBB2B
mutation,17180,TUBB3
mutation,17181,TUBB4A
mutation,17182,TUBB4B
mutation,17183,TUBB6
mutation,17184,TUBB8
mutation,17185,TUBB8B
mutation,17186,TUBD1
mutation,17187,TUBE1
mutation,17188,TUBG1
mutation,17189,TUBG2
mutation,17190,TUBGCP2
mutation,17191,TUBGCP3
mutation,17192,TUBGCP4
mutation,17193,TUBGCP5
mutation,17194,TUBGCP6
mutation,17195,TUFM
mutation,17196,TUFT1
mutation,17197,TULP1
mutation,17198,TULP2
mutation,17199,TULP3
mutation,17200,TULP4
mutation,17201,TUSC1
mutation,17202,TUSC2
mutation,17203,TUSC3
mutation,17204,TUT1
mutation,17205,TUT4
mutation,17206,TUT7
mutation,17207,TVP23A
mutation,17208,TVP23B
mutation,17209,TVP23C
mutation,17210,TVP23C-CDRT4
mutation,17211,TWF1
mutation,17212,TWF2
mutation,17213,TWIST1
mutation,17214,TWIST2
mutation,17215,TWNK
mutation,17216,TWSG1
mutation,17217,TXK
mutation,17218,TXLNA
mutation,17219,TXLNB
mutation,17220,TXLNG
mutation,17221,TXN
mutation,17222,TXN2
mutation,17223,TXNDC11
mutation,17224,TXNDC12
mutation,17225,TXNDC15
mutation,17226,TXNDC16
mutation,17227,TXNDC17
mutation,17228,TXNDC2
mutation,17229,TXNDC5
mutation,17230,TXNDC8
mutation,17231,TXNDC9
mutation,17232,TXNIP
mutation,17233,TXNL1
mutation,17234,TXNL4A
mutation,17235,TXNL4B
mutation,17236,TXNRD1
mutation,17237,TXNRD2
mutation,17238,TXNRD3
mutation,17239,TYK2
mutation,17240,TYMP
mutation,17241,TYMS
mutation,17242,TYR
mutation,17243,TYRO3
mutation,17244,TYROBP
mutation,17245,TYRP1
mutation,17246,TYSND1
mutation,17247,TYW1
mutation,17248,TYW1B
mutation,17249,TYW3
mutation,17250,TYW5
mutation,17251,U2AF1
mutation,17252,U2AF1L4
mutation,17253,U2AF2
mutation,17254,U2SURP
mutation,17255,UACA
mutation,17256,UAP1
mutation,17257,UAP1L1
mutation,17258,UBA1
mutation,17259,UBA2
mutation,17260,UBA3
mutation,17261,UBA5
mutation,17262,UBA52
mutation,17263,UBA6
mutation,17264,UBA7
mutation,17265,UBAC1
mutation,17266,UBAC2
mutation,17267,UBALD1
mutation,17268,UBALD2
mutation,17269,UBAP1
mutation,17270,UBAP1L
mutation,17271,UBAP2
mutation,17272,UBAP2L
mutation,17273,UBASH3A
mutation,17274,UBASH3B
mutation,17275,UBB
mutation,17276,UBC
mutation,17277,UBD
mutation,17278,UBE2A
mutation,17279,UBE2B
mutation,17280,UBE2C
mutation,17281,UBE2D1
mutation,17282,UBE2D2
mutation,17283,UBE2D3
mutation,17284,UBE2D4
mutation,17285,UBE2E1
mutation,17286,UBE2E2
mutation,17287,UBE2E3
mutation,17288,UBE2F
mutation,17289,UBE2G1
mutation,17290,UBE2G2
mutation,17291,UBE2H
mutation,17292,UBE2I
mutation,17293,UBE2J1
mutation,17294,UBE2J2
mutation,17295,UBE2K
mutation,17296,UBE2L3
mutation,17297,UBE2L5
mutation,17298,UBE2L6
mutation,17299,UBE2M
mutation,17300,UBE2N
mutation,17301,UBE2O
mutation,17302,UBE2Q1
mutation,17303,UBE2Q2
mutation,17304,UBE2QL1
mutation,17305,UBE2R2
mutation,17306,UBE2S
mutation,17307,UBE2T
mutation,17308,UBE2U
mutation,17309,UBE2V1
mutation,17310,UBE2V2
mutation,17311,UBE2W
mutation,17312,UBE2Z
mutation,17313,UBE3A
mutation,17314,UBE3B
mutation,17315,UBE3C
mutation,17316,UBE3D
mutation,17317,UBE4A
mutation,17318,UBE4B
mutation,17319,UBFD1
mutation,17320,UBIAD1
mutation,17321,UBL3
mutation,17322,UBL4A
mutation,17323,UBL4B
mutation,17324,UBL5
mutation,17325,UBL7
mutation,17326,UBLCP1
mutation,17327,UBN1
mutation,17328,UBN2
mutation,17329,UBOX5
mutation,17330,UBP1
mutation,17331,UBQLN1
mutation,17332,UBQLN2
mutation,17333,UBQLN3
mutation,17334,UBQLN4
mutation,17335,UBQLNL
mutation,17336,UBR1
mutation,17337,UBR2
mutation,17338,UBR3
mutation,17339,UBR4
mutation,17340,UBR5
mutation,17341,UBR7
mutation,17342,UBTD1
mutation,17343,UBTD2
mutation,17344,UBTF
mutation,17345,UBTFL1
mutation,17346,UBXN1
mutation,17347,UBXN10
mutation,17348,UBXN11
mutation,17349,UBXN2A
mutation,17350,UBXN2B
mutation,17351,UBXN4
mutation,17352,UBXN6
mutation,17353,UBXN7
mutation,17354,UBXN8
mutation,17355,UCHL1
mutation,17356,UCHL3
mutation,17357,UCHL5
mutation,17358,UCK1
mutation,17359,UCK2
mutation,17360,UCKL1
mutation,17361,UCMA
mutation,17362,UCN
mutation,17363,UCN2
mutation,17364,UCN3
mutation,17365,UCP1
mutation,17366,UCP2
mutation,17367,UCP3
mutation,17368,UEVLD
mutation,17369,UFC1
mutation,17370,UFD1
mutation,17371,UFL1
mutation,17372,UFM1
mutation,17373,UFSP1
mutation,17374,UFSP2
mutation,17375,UGCG
mutation,17376,UGDH
mutation,17377,UGGT1
mutation,17378,UGGT2
mutation,17379,UGP2
mutation,17380,UGT1A1
mutation,17381,UGT1A10
mutation,17382,UGT1A3
mutation,17383,UGT1A4
mutation,17384,UGT1A5
mutation,17385,UGT1A6
mutation,17386,UGT1A7
mutation,17387,UGT1A8
mutation,17388,UGT1A9
mutation,17389,UGT2A1
mutation,17390,UGT2A2
mutation,17391,UGT2A3
mutation,17392,UGT2B10
mutation,17393,UGT2B11
mutation,17394,UGT2B15
mutation,17395,UGT2B17
mutation,17396,UGT2B28
mutation,17397,UGT2B4
mutation,17398,UGT2B7
mutation,17399,UGT3A1
mutation,17400,UGT3A2
mutation,17401,UGT8
mutation,17402,UHMK1
mutation,17403,UHRF1
mutation,17404,UHRF1BP1
mutation,17405,BLTP3B
mutation,17406,UHRF2
mutation,17407,UIMC1
mutation,17408,ULBP1
mutation,17409,ULBP2
mutation,17410,ULBP3
mutation,17411,ULK1
mutation,17412,ULK2
mutation,17413,ULK3
mutation,17414,ULK4
mutation,17415,UMAD1
mutation,17416,UMOD
mutation,17417,UMODL1
mutation,17418,UMPS
mutation,17419,UNC119
mutation,17420,UNC119B
mutation,17421,UNC13A
mutation,17422,UNC13B
mutation,17423,UNC13C
mutation,17424,UNC13D
mutation,17425,UNC45A
mutation,17426,UNC45B
mutation,17427,UNC50
mutation,17428,UNC5A
mutation,17429,UNC5B
mutation,17430,UNC5C
mutation,17431,UNC5CL
mutation,17432,UNC5D
mutation,17433,UNC79
mutation,17434,UNC80
mutation,17435,UNC93A
mutation,17436,UNC93B1
mutation,17437,UNCX
mutation,17438,UNG
mutation,17439,UNK
mutation,17440,UNKL
mutation,17441,UPB1
mutation,17442,UPF1
mutation,17443,UPF2
mutation,17444,UPF3A
mutation,17445,UPF3B
mutation,17446,UPK1A
mutation,17447,UPK1B
mutation,17448,UPK2
mutation,17449,UPK3A
mutation,17450,UPK3B
mutation,17451,UPK3BL1
mutation,17452,UPK3BL2
mutation,17453,UPP1
mutation,17454,UPP2
mutation,17455,UPRT
mutation,17456,UQCC1
mutation,17457,UQCC2
mutation,17458,UQCC3
mutation,17459,UQCR10
mutation,17460,UQCR11
mutation,17461,UQCRB
mutation,17462,UQCRC1
mutation,17463,UQCRC2
mutation,17464,UQCRFS1
mutation,17465,UQCRH
mutation,17466,UQCRHL
mutation,17467,UQCRQ
mutation,17468,URAD
mutation,17469,URB1
mutation,17470,URB2
mutation,17471,URGCP
mutation,17472,URI1
mutation,17473,URM1
mutation,17474,UROC1
mutation,17475,UROD
mutation,17476,UROS
mutation,17477,USB1
mutation,17478,USE1
mutation,17479,USF1
mutation,17480,USF2
mutation,17481,USF3
mutation,17482,USH1C
mutation,17483,USH1G
mutation,17484,USH2A
mutation,17485,USHBP1
mutation,17486,USO1
mutation,17487,USP1
mutation,17488,USP10
mutation,17489,USP11
mutation,17490,USP12
mutation,17491,USP13
mutation,17492,USP14
mutation,17493,USP15
mutation,17494,USP16
mutation,17495,USP17L1
mutation,17496,USP17L2
mutation,17497,USP17L4
mutation,17498,USP17L7
mutation,17499,USP17L8
mutation,17500,USP18
mutation,17501,USP19
mutation,17502,USP2
mutation,17503,USP20
mutation,17504,USP21
mutation,17505,USP22
mutation,17506,USP24
mutation,17507,USP25
mutation,17508,USP26
mutation,17509,USP27X
mutation,17510,USP28
mutation,17511,USP29
mutation,17512,USP3
mutation,17513,USP30
mutation,17514,USP31
mutation,17515,USP32
mutation,17516,USP33
mutation,17517,USP34
mutation,17518,USP35
mutation,17519,USP36
mutation,17520,USP37
mutation,17521,USP38
mutation,17522,USP39
mutation,17523,USP4
mutation,17524,USP40
mutation,17525,USP41
mutation,17526,USP42
mutation,17527,USP43
mutation,17528,USP44
mutation,17529,USP45
mutation,17530,USP46
mutation,17531,USP47
mutation,17532,USP48
mutation,17533,USP49
mutation,17534,USP5
mutation,17535,USP50
mutation,17536,USP51
mutation,17537,USP53
mutation,17538,USP54
mutation,17539,USP6
mutation,17540,USP6NL
mutation,17541,USP7
mutation,17542,USP8
mutation,17543,USP9X
mutation,17544,USP9Y
mutation,17545,USPL1
mutation,17546,UST
mutation,17547,UTF1
mutation,17548,UTP11
mutation,17549,UTP14A
mutation,17550,UTP14C
mutation,17551,UTP15
mutation,17552,UTP18
mutation,17553,UTP20
mutation,17554,UTP23
mutation,17555,UTP25
mutation,17556,UTP3
mutation,17557,UTP4
mutation,17558,UTP6
mutation,17559,UTRN
mutation,17560,UTS2
mutation,17561,UTS2B
mutation,17562,UTS2R
mutation,17563,UTY
mutation,17564,UVRAG
mutation,17565,UVSSA
mutation,17566,UXS1
mutation,17567,UXT
mutation,17568,VAC14
mutation,17569,VAMP1
mutation,17570,VAMP2
mutation,17571,VAMP3
mutation,17572,VAMP4
mutation,17573,VAMP5
mutation,17574,VAMP7
mutation,17575,VAMP8
mutation,17576,VANGL1
mutation,17577,VANGL2
mutation,17578,VAPA
mutation,17579,VAPB
mutation,17580,VARS
mutation,17581,VARS2
mutation,17582,VASH1
mutation,17583,VASH2
mutation,17584,VASN
mutation,17585,VASP
mutation,17586,VAT1
mutation,17587,VAT1L
mutation,17588,VAV1
mutation,17589,VAV2
mutation,17590,VAV3
mutation,17591,VAX1
mutation,17592,VAX2
mutation,17593,VBP1
mutation,17594,VCAM1
mutation,17595,VCAN
mutation,17596,VCL
mutation,17597,VCP
mutation,17598,VCPIP1
mutation,17599,VCPKMT
mutation,17600,VCX
mutation,17601,VCX2
mutation,17602,VCX3A
mutation,17603,VCX3B
mutation,17604,VDAC1
mutation,17605,VDAC2
mutation,17606,VDAC3
mutation,17607,VDR
mutation,17608,VEGFA
mutation,17609,VEGFB
mutation,17610,VEGFC
mutation,17611,VEGFD
mutation,17612,VENTX
mutation,17613,VEPH1
mutation,17614,VEZF1
mutation,17615,VEZT
mutation,17616,VGF
mutation,17617,VGLL1
mutation,17618,VGLL2
mutation,17619,VGLL3
mutation,17620,VGLL4
mutation,17621,VHL
mutation,17622,VIL1
mutation,17623,VILL
mutation,17624,VIM
mutation,17625,VIP
mutation,17626,VIPAS39
mutation,17627,VIPR1
mutation,17628,VIPR2
mutation,17629,VIRMA
mutation,17630,VIT
mutation,17631,VKORC1
mutation,17632,VKORC1L1
mutation,17633,VLDLR
mutation,17634,VMA21
mutation,17635,VMAC
mutation,17636,VMO1
mutation,17637,VMP1
mutation,17638,VN1R1
mutation,17639,VN1R2
mutation,17640,VN1R4
mutation,17641,VN1R5
mutation,17642,VNN1
mutation,17643,VNN2
mutation,17644,VNN3P
mutation,17645,VOPP1
mutation,17646,VPREB1
mutation,17647,VPREB3
mutation,17648,VPS11
mutation,17649,VPS13A
mutation,17650,VPS13B
mutation,17651,VPS13C
mutation,17652,VPS13D
mutation,17653,VPS16
mutation,17654,VPS18
mutation,17655,VPS25
mutation,17656,VPS26A
mutation,17657,VPS26B
mutation,17658,VPS26C
mutation,17659,VPS28
mutation,17660,VPS29
mutation,17661,VPS33A
mutation,17662,VPS33B
mutation,17663,VPS35
mutation,17664,VPS35L
mutation,17665,VPS36
mutation,17666,VPS37A
mutation,17667,VPS37B
mutation,17668,VPS37C
mutation,17669,VPS37D
mutation,17670,VPS39
mutation,17671,VPS41
mutation,17672,VPS45
mutation,17673,VPS4A
mutation,17674,VPS4B
mutation,17675,VPS50
mutation,17676,VPS51
mutation,17677,VPS52
mutation,17678,VPS53
mutation,17679,VPS54
mutation,17680,VPS72
mutation,17681,VPS8
mutation,17682,VPS9D1
mutation,17683,VRK1
mutation,17684,VRK2
mutation,17685,VRK3
mutation,17686,VRTN
mutation,17687,VSIG1
mutation,17688,VSIG10
mutation,17689,VSIG10L
mutation,17690,VSIG2
mutation,17691,VSIG4
mutation,17692,VSIG8
mutation,17693,VSIR
mutation,17694,VSNL1
mutation,17695,VSTM1
mutation,17696,VSTM2A
mutation,17697,VSTM2B
mutation,17698,VSTM2L
mutation,17699,VSTM4
mutation,17700,VSTM5
mutation,17701,VSX1
mutation,17702,VSX2
mutation,17703,VTA1
mutation,17704,VTCN1
mutation,17705,VTI1A
mutation,17706,VTI1B
mutation,17707,VTN
mutation,17708,VWA1
mutation,17709,VWA2
mutation,17710,VWA3A
mutation,17711,VWA3B
mutation,17712,VWA5A
mutation,17713,VWA5B1
mutation,17714,VWA5B2
mutation,17715,VWA7
mutation,17716,VWA8
mutation,17717,VWC2
mutation,17718,VWC2L
mutation,17719,VWCE
mutation,17720,VWDE
mutation,17721,VWF
mutation,17722,VXN
mutation,17723,WAC
mutation,17724,WAPL
mutation,17725,WARS1
mutation,17726,WARS2
mutation,17727,WAS
mutation,17728,WASF1
mutation,17729,WASF2
mutation,17730,WASF3
mutation,17731,WASHC1
mutation,17732,WASHC2A
mutation,17733,WASHC2C
mutation,17734,WASHC3
mutation,17735,WASHC4
mutation,17736,WASHC5
mutation,17737,WASL
mutation,17738,WBP1
mutation,17739,WBP11
mutation,17740,WBP1L
mutation,17741,WBP2
mutation,17742,WBP2NL
mutation,17743,WBP4
mutation,17744,WDCP
mutation,17745,WDFY1
mutation,17746,WDFY2
mutation,17747,WDFY3
mutation,17748,WDFY4
mutation,17749,WDHD1
mutation,17750,WDPCP
mutation,17751,WDR1
mutation,17752,WDR11
mutation,17753,WDR12
mutation,17754,WDR13
mutation,17755,WDR17
mutation,17756,WDR18
mutation,17757,WDR19
mutation,17758,WDR20
mutation,17759,WDR24
mutation,17760,WDR25
mutation,17761,WDR26
mutation,17762,WDR27
mutation,17763,WDR3
mutation,17764,WDR31
mutation,17765,WDR33
mutation,17766,WDR35
mutation,17767,WDR36
mutation,17768,WDR37
mutation,17769,WDR38
mutation,17770,WDR4
mutation,17771,WDR41
mutation,17772,WDR43
mutation,17773,WDR44
mutation,17774,WDR45
mutation,17775,WDR45B
mutation,17776,WDR46
mutation,17777,WDR47
mutation,17778,WDR48
mutation,17779,WDR49
mutation,17780,WDR5
mutation,17781,WDR53
mutation,17782,WDR54
mutation,17783,WDR55
mutation,17784,WDR59
mutation,17785,WDR5B
mutation,17786,WDR6
mutation,17787,SKIC8
mutation,17788,WDR62
mutation,17789,WDR64
mutation,17790,WDR7
mutation,17791,WDR70
mutation,17792,WDR72
mutation,17793,WDR73
mutation,17794,WDR74
mutation,17795,WDR75
mutation,17796,WDR76
mutation,17797,WDR77
mutation,17798,WDR81
mutation,17799,WDR82
mutation,17800,WDR83
mutation,17801,WDR83OS
mutation,17802,WDR86
mutation,17803,WDR87
mutation,17804,WDR88
mutation,17805,WDR89
mutation,17806,WDR90
mutation,17807,WDR91
mutation,17808,WDR92
mutation,17809,WDR93
mutation,17810,WDR97
mutation,17811,WDSUB1
mutation,17812,WDTC1
mutation,17813,WEE1
mutation,17814,WEE2
mutation,17815,WFDC1
mutation,17816,WFDC10A
mutation,17817,WFDC10B
mutation,17818,WFDC11
mutation,17819,WFDC12
mutation,17820,WFDC13
mutation,17821,WFDC2
mutation,17822,WFDC3
mutation,17823,WFDC5
mutation,17824,WFDC6
mutation,17825,WFDC8
mutation,17826,WFDC9
mutation,17827,WFIKKN1
mutation,17828,WFIKKN2
mutation,17829,WFS1
mutation,17830,WHAMM
mutation,17831,WHRN
mutation,17832,WIF1
mutation,17833,WIPF1
mutation,17834,WIPF2
mutation,17835,WIPF3
mutation,17836,WIPI1
mutation,17837,WIPI2
mutation,17838,WIZ
mutation,17839,WLS
mutation,17840,WNK1
mutation,17841,WNK2
mutation,17842,WNK3
mutation,17843,WNK4
mutation,17844,WNT1
mutation,17845,WNT10A
mutation,17846,WNT10B
mutation,17847,WNT11
mutation,17848,WNT16
mutation,17849,WNT2
mutation,17850,WNT2B
mutation,17851,WNT3
mutation,17852,WNT3A
mutation,17853,WNT4
mutation,17854,WNT5A
mutation,17855,WNT5B
mutation,17856,WNT6
mutation,17857,WNT7A
mutation,17858,WNT7B
mutation,17859,WNT8A
mutation,17860,WNT8B
mutation,17861,WNT9A
mutation,17862,WNT9B
mutation,17863,WRAP53
mutation,17864,WRAP73
mutation,17865,WRN
mutation,17866,WRNIP1
mutation,17867,WSB1
mutation,17868,WSB2
mutation,17869,WSCD1
mutation,17870,WSCD2
mutation,17871,WT1
mutation,17872,WTAP
mutation,17873,WTIP
mutation,17874,WWC1
mutation,17875,WWC2
mutation,17876,WWC3
mutation,17877,WWOX
mutation,17878,WWP1
mutation,17879,WWP2
mutation,17880,WWTR1
mutation,17881,XAB2
mutation,17882,XAF1
mutation,17883,XAGE2
mutation,17884,XAGE3
mutation,17885,XAGE5
mutation,17886,XBP1
mutation,17887,XCL1
mutation,17888,XCL2
mutation,17889,XCR1
mutation,17890,XDH
mutation,17891,XG
mutation,17892,XIAP
mutation,17893,XIRP1
mutation,17894,XIRP2
mutation,17895,XK
mutation,17896,XKR3
mutation,17897,XKR4
mutation,17898,XKR5
mutation,17899,XKR6
mutation,17900,XKR7
mutation,17901,XKR8
mutation,17902,XKR9
mutation,17903,XKRX
mutation,17904,XPA
mutation,17905,XPC
mutation,17906,XPNPEP1
mutation,17907,XPNPEP2
mutation,17908,XPNPEP3
mutation,17909,XPO1
mutation,17910,XPO4
mutation,17911,XPO5
mutation,17912,XPO6
mutation,17913,XPO7
mutation,17914,XPOT
mutation,17915,XPR1
mutation,17916,XRCC1
mutation,17917,XRCC2
mutation,17918,XRCC3
mutation,17919,XRCC4
mutation,17920,XRCC5
mutation,17921,XRCC6
mutation,17922,XRN1
mutation,17923,XRN2
mutation,17924,XRRA1
mutation,17925,XXYLT1
mutation,17926,XYLB
mutation,17927,XYLT1
mutation,17928,XYLT2
mutation,17929,YAE1
mutation,17930,YAF2
mutation,17931,YAP1
mutation,17932,YARS1
mutation,17933,YARS2
mutation,17934,YBEY
mutation,17935,YBX1
mutation,17936,YBX2
mutation,17937,YBX3
mutation,17938,YDJC
mutation,17939,YEATS2
mutation,17940,YEATS4
mutation,17941,YES1
mutation,17942,YIF1A
mutation,17943,YIF1B
mutation,17944,YIPF1
mutation,17945,YIPF2
mutation,17946,YIPF3
mutation,17947,YIPF4
mutation,17948,YIPF5
mutation,17949,YIPF6
mutation,17950,YIPF7
mutation,17951,YJEFN3
mutation,17952,YJU2
mutation,17953,YKT6
mutation,17954,YLPM1
mutation,17955,YME1L1
mutation,17956,YOD1
mutation,17957,YPEL1
mutation,17958,YPEL2
mutation,17959,YPEL3
mutation,17960,YPEL4
mutation,17961,YPEL5
mutation,17962,YRDC
mutation,17963,YTHDC1
mutation,17964,YTHDC2
mutation,17965,YTHDF1
mutation,17966,YTHDF2
mutation,17967,YTHDF3
mutation,17968,YWHAB
mutation,17969,YWHAE
mutation,17970,YWHAG
mutation,17971,YWHAH
mutation,17972,YWHAQ
mutation,17973,YWHAZ
mutation,17974,YY1
mutation,17975,YY1AP1
mutation,17976,YY2
mutation,17977,ZACN
mutation,17978,ZADH2
mutation,17979,ZAN
mutation,17980,ZAP70
mutation,17981,ZAR1
mutation,17982,ZAR1L
mutation,17983,ZBBX
mutation,17984,ZBED1
mutation,17985,ZBED2
mutation,17986,ZBED3
mutation,17987,ZBED4
mutation,17988,ZBED5
mutation,17989,ZBED6
mutation,17990,ZBED6CL
mutation,17991,ZBED8
mutation,17992,ZBED9
mutation,17993,ZBP1
mutation,17994,ZBTB1
mutation,17995,ZBTB10
mutation,17996,ZBTB11
mutation,17997,ZBTB12
mutation,17998,ZBTB14
mutation,17999,ZBTB16
mutation,18000,ZBTB17
mutation,18001,ZBTB18
mutation,18002,ZBTB2
mutation,18003,ZBTB20
mutation,18004,ZBTB21
mutation,18005,ZBTB22
mutation,18006,ZBTB24
mutation,18007,ZBTB25
mutation,18008,ZBTB26
mutation,18009,ZBTB3
mutation,18010,ZBTB32
mutation,18011,ZBTB33
mutation,18012,ZBTB34
mutation,18013,ZBTB37
mutation,18014,ZBTB38
mutation,18015,ZBTB39
mutation,18016,ZBTB4
mutation,18017,ZBTB40
mutation,18018,ZBTB41
mutation,18019,ZBTB43
mutation,18020,ZBTB44
mutation,18021,ZBTB45
mutation,18022,ZBTB46
mutation,18023,ZBTB47
mutation,18024,ZBTB48
mutation,18025,ZBTB49
mutation,18026,ZBTB5
mutation,18027,ZBTB6
mutation,18028,ZBTB7A
mutation,18029,ZBTB7B
mutation,18030,ZBTB7C
mutation,18031,ZBTB8A
mutation,18032,ZBTB8B
mutation,18033,ZBTB8OS
mutation,18034,ZBTB9
mutation,18035,ZC2HC1A
mutation,18036,ZC2HC1B
mutation,18037,ZC2HC1C
mutation,18038,ZC3H10
mutation,18039,ZC3H11B
mutation,18040,ZC3H12A
mutation,18041,ZC3H12B
mutation,18042,ZC3H12C
mutation,18043,ZC3H12D
mutation,18044,ZC3H13
mutation,18045,ZC3H14
mutation,18046,ZC3H15
mutation,18047,ZC3H18
mutation,18048,ZC3H3
mutation,18049,ZC3H4
mutation,18050,ZC3H6
mutation,18051,ZC3H7A
mutation,18052,ZC3H7B
mutation,18053,ZC3H8
mutation,18054,ZC3HAV1
mutation,18055,ZC3HAV1L
mutation,18056,ZC3HC1
mutation,18057,ZC4H2
mutation,18058,ZCCHC10
mutation,18059,ZCCHC12
mutation,18060,ZCCHC13
mutation,18061,ZCCHC14
mutation,18062,ZCCHC17
mutation,18063,ZCCHC18
mutation,18064,ZCCHC2
mutation,18065,ZCCHC24
mutation,18066,ZCCHC3
mutation,18067,ZCCHC4
mutation,18068,ZCCHC7
mutation,18069,ZCCHC8
mutation,18070,ZCCHC9
mutation,18071,ZCRB1
mutation,18072,ZCWPW1
mutation,18073,ZCWPW2
mutation,18074,ZDBF2
mutation,18075,ZDHHC1
mutation,18076,ZDHHC11
mutation,18077,ZDHHC11B
mutation,18078,ZDHHC12
mutation,18079,ZDHHC13
mutation,18080,ZDHHC14
mutation,18081,ZDHHC15
mutation,18082,ZDHHC16
mutation,18083,ZDHHC17
mutation,18084,ZDHHC18
mutation,18085,ZDHHC19
mutation,18086,ZDHHC2
mutation,18087,ZDHHC20
mutation,18088,ZDHHC21
mutation,18089,ZDHHC22
mutation,18090,ZDHHC23
mutation,18091,ZDHHC24
mutation,18092,ZDHHC3
mutation,18093,ZDHHC4
mutation,18094,ZDHHC5
mutation,18095,ZDHHC6
mutation,18096,ZDHHC7
mutation,18097,ZDHHC8
mutation,18098,ZDHHC9
mutation,18099,ZEB1
mutation,18100,ZEB2
mutation,18101,ZER1
mutation,18102,ZFAND1
mutation,18103,ZFAND2A
mutation,18104,ZFAND2B
mutation,18105,ZFAND3
mutation,18106,ZFAND4
mutation,18107,ZFAND5
mutation,18108,ZFAND6
mutation,18109,ZFAT
mutation,18110,ZFC3H1
mutation,18111,ZFHX2
mutation,18112,ZFHX3
mutation,18113,ZFHX4
mutation,18114,ZFP1
mutation,18115,ZFP14
mutation,18116,ZFP2
mutation,18117,ZFP28
mutation,18118,ZFP3
mutation,18119,ZFP30
mutation,18120,ZFP36
mutation,18121,ZFP36L1
mutation,18122,ZFP36L2
mutation,18123,ZFP37
mutation,18124,ZFP41
mutation,18125,ZFP42
mutation,18126,ZFP57
mutation,18127,ZFP62
mutation,18128,ZFP64
mutation,18129,ZFP69
mutation,18130,ZFP69B
mutation,18131,ZFP82
mutation,18132,ZFP90
mutation,18133,ZFP91
mutation,18134,ZFP92
mutation,18135,ZFPL1
mutation,18136,ZFPM1
mutation,18137,ZFPM2
mutation,18138,ZFR
mutation,18139,ZFR2
mutation,18140,ZFX
mutation,18141,ZFY
mutation,18142,ZFYVE1
mutation,18143,ZFYVE16
mutation,18144,ZFYVE19
mutation,18145,ZFYVE21
mutation,18146,ZFYVE26
mutation,18147,ZFYVE27
mutation,18148,ZFYVE28
mutation,18149,ZFYVE9
mutation,18150,ZG16
mutation,18151,ZG16B
mutation,18152,ZGLP1
mutation,18153,ZGPAT
mutation,18154,ZGRF1
mutation,18155,ZHX1
mutation,18156,ZHX2
mutation,18157,ZHX3
mutation,18158,ZIC1
mutation,18159,ZIC2
mutation,18160,ZIC3
mutation,18161,ZIC4
mutation,18162,ZIC5
mutation,18163,ZIK1
mutation,18164,ZIM2
mutation,18165,ZIM3
mutation,18166,ZKSCAN1
mutation,18167,ZKSCAN2
mutation,18168,ZKSCAN3
mutation,18169,ZKSCAN4
mutation,18170,ZKSCAN5
mutation,18171,ZKSCAN7
mutation,18172,ZKSCAN8
mutation,18173,ZMAT1
mutation,18174,ZMAT2
mutation,18175,ZMAT3
mutation,18176,ZMAT4
mutation,18177,ZMAT5
mutation,18178,ZMIZ1
mutation,18179,ZMIZ2
mutation,18180,ZMPSTE24
mutation,18181,ZMYM1
mutation,18182,ZMYM2
mutation,18183,ZMYM3
mutation,18184,ZMYM4
mutation,18185,ZMYM5
mutation,18186,ZMYM6
mutation,18187,ZMYND10
mutation,18188,ZMYND11
mutation,18189,ZMYND12
mutation,18190,ZMYND15
mutation,18191,ZMYND19
mutation,18192,ZMYND8
mutation,18193,ZNF10
mutation,18194,ZNF100
mutation,18195,ZNF101
mutation,18196,ZNF106
mutation,18197,ZNF107
mutation,18198,ZNF112
mutation,18199,ZNF114
mutation,18200,ZNF117
mutation,18201,ZNF12
mutation,18202,ZNF121
mutation,18203,ZNF124
mutation,18204,ZNF131
mutation,18205,ZNF132
mutation,18206,ZNF133
mutation,18207,ZNF134
mutation,18208,ZNF135
mutation,18209,ZNF136
mutation,18210,ZNF138
mutation,18211,ZNF14
mutation,18212,ZNF140
mutation,18213,ZNF141
mutation,18214,ZNF142
mutation,18215,ZNF143
mutation,18216,ZNF146
mutation,18217,ZNF148
mutation,18218,ZNF154
mutation,18219,ZNF155
mutation,18220,ZNF157
mutation,18221,ZNF16
mutation,18222,ZNF160
mutation,18223,ZNF165
mutation,18224,ZNF169
mutation,18225,ZNF17
mutation,18226,ZNF174
mutation,18227,ZNF175
mutation,18228,ZNF177
mutation,18229,ZNF18
mutation,18230,ZNF180
mutation,18231,ZNF181
mutation,18232,ZNF182
mutation,18233,ZNF184
mutation,18234,ZNF185
mutation,18235,ZNF189
mutation,18236,ZNF19
mutation,18237,ZNF195
mutation,18238,ZNF197
mutation,18239,ZNF2
mutation,18240,ZNF20
mutation,18241,ZNF200
mutation,18242,ZNF202
mutation,18243,ZNF205
mutation,18244,ZNF207
mutation,18245,ZNF208
mutation,18246,ZNF211
mutation,18247,ZNF212
mutation,18248,ZNF213
mutation,18249,ZNF214
mutation,18250,ZNF215
mutation,18251,ZNF217
mutation,18252,ZNF219
mutation,18253,ZNF22
mutation,18254,ZNF221
mutation,18255,ZNF222
mutation,18256,ZNF223
mutation,18257,ZNF224
mutation,18258,ZNF225
mutation,18259,ZNF226
mutation,18260,ZNF227
mutation,18261,ZNF229
mutation,18262,ZNF23
mutation,18263,ZNF230
mutation,18264,ZNF232
mutation,18265,ZNF233
mutation,18266,ZNF234
mutation,18267,ZNF235
mutation,18268,ZNF236
mutation,18269,ZNF239
mutation,18270,ZNF24
mutation,18271,ZNF248
mutation,18272,ZNF25
mutation,18273,ZNF250
mutation,18274,ZNF251
mutation,18275,ZNF253
mutation,18276,ZNF254
mutation,18277,ZNF256
mutation,18278,ZNF257
mutation,18279,ZNF26
mutation,18280,ZNF260
mutation,18281,ZNF263
mutation,18282,ZNF264
mutation,18283,ZNF266
mutation,18284,ZNF267
mutation,18285,ZNF268
mutation,18286,ZNF273
mutation,18287,ZNF274
mutation,18288,ZNF275
mutation,18289,ZNF276
mutation,18290,ZNF277
mutation,18291,ZNF28
mutation,18292,ZNF280A
mutation,18293,ZNF280B
mutation,18294,ZNF280C
mutation,18295,ZNF280D
mutation,18296,ZNF281
mutation,18297,ZNF282
mutation,18298,ZNF283
mutation,18299,ZNF284
mutation,18300,ZNF285
mutation,18301,ZNF286A
mutation,18302,ZNF287
mutation,18303,ZNF292
mutation,18304,ZNF296
mutation,18305,ZNF3
mutation,18306,ZNF30
mutation,18307,ZNF300
mutation,18308,ZNF302
mutation,18309,ZNF304
mutation,18310,ZNF311
mutation,18311,ZNF316
mutation,18312,ZNF317
mutation,18313,ZNF318
mutation,18314,ZNF319
mutation,18315,ZNF32
mutation,18316,ZNF320
mutation,18317,ZNF322
mutation,18318,ZNF324
mutation,18319,ZNF324B
mutation,18320,ZNF326
mutation,18321,ZNF329
mutation,18322,ZNF330
mutation,18323,ZNF331
mutation,18324,ZNF333
mutation,18325,ZNF334
mutation,18326,ZNF335
mutation,18327,ZNF337
mutation,18328,ZNF33A
mutation,18329,ZNF33B
mutation,18330,ZNF34
mutation,18331,ZNF341
mutation,18332,ZNF343
mutation,18333,ZNF345
mutation,18334,ZNF346
mutation,18335,ZNF347
mutation,18336,ZNF35
mutation,18337,ZNF350
mutation,18338,ZNF354A
mutation,18339,ZNF354B
mutation,18340,ZNF354C
mutation,18341,ZNF358
mutation,18342,ZNF362
mutation,18343,ZNF365
mutation,18344,ZNF366
mutation,18345,ZNF367
mutation,18346,ZNF37A
mutation,18347,ZNF382
mutation,18348,ZNF383
mutation,18349,ZNF384
mutation,18350,ZNF385A
mutation,18351,ZNF385B
mutation,18352,ZNF385C
mutation,18353,ZNF385D
mutation,18354,ZNF391
mutation,18355,ZNF394
mutation,18356,ZNF395
mutation,18357,ZNF396
mutation,18358,ZNF397
mutation,18359,ZNF398
mutation,18360,ZNF404
mutation,18361,ZNF407
mutation,18362,ZNF408
mutation,18363,ZNF41
mutation,18364,ZNF410
mutation,18365,ZNF414
mutation,18366,ZNF415
mutation,18367,ZNF416
mutation,18368,ZNF417
mutation,18369,ZNF418
mutation,18370,ZNF419
mutation,18371,ZNF420
mutation,18372,ZNF423
mutation,18373,ZNF425
mutation,18374,ZNF426
mutation,18375,ZNF428
mutation,18376,ZNF429
mutation,18377,ZNF43
mutation,18378,ZNF430
mutation,18379,ZNF431
mutation,18380,ZNF432
mutation,18381,ZNF433
mutation,18382,ZNF436
mutation,18383,ZNF438
mutation,18384,ZNF439
mutation,18385,ZNF44
mutation,18386,ZNF440
mutation,18387,ZNF441
mutation,18388,ZNF442
mutation,18389,ZNF443
mutation,18390,ZNF444
mutation,18391,ZNF445
mutation,18392,ZNF446
mutation,18393,ZNF449
mutation,18394,ZNF45
mutation,18395,ZNF451
mutation,18396,ZNF454
mutation,18397,ZNF460
mutation,18398,ZNF461
mutation,18399,ZNF462
mutation,18400,ZNF467
mutation,18401,ZNF468
mutation,18402,ZNF469
mutation,18403,ZNF470
mutation,18404,ZNF471
mutation,18405,ZNF473
mutation,18406,ZNF474
mutation,18407,ZNF479
mutation,18408,ZNF48
mutation,18409,ZNF480
mutation,18410,ZNF483
mutation,18411,ZNF484
mutation,18412,ZNF485
mutation,18413,ZNF486
mutation,18414,ZNF487
mutation,18415,ZNF488
mutation,18416,ZNF490
mutation,18417,ZNF491
mutation,18418,ZNF492
mutation,18419,ZNF493
mutation,18420,ZNF496
mutation,18421,ZNF497
mutation,18422,ZNF500
mutation,18423,ZNF501
mutation,18424,ZNF502
mutation,18425,ZNF503
mutation,18426,ZNF506
mutation,18427,ZNF507
mutation,18428,ZNF510
mutation,18429,ZNF511
mutation,18430,ZNF512
mutation,18431,ZNF512B
mutation,18432,ZNF513
mutation,18433,ZNF514
mutation,18434,ZNF516
mutation,18435,ZNF517
mutation,18436,ZNF518A
mutation,18437,ZNF518B
mutation,18438,ZNF519
mutation,18439,ZNF521
mutation,18440,ZNF524
mutation,18441,ZNF525
mutation,18442,ZNF526
mutation,18443,ZNF527
mutation,18444,ZNF528
mutation,18445,ZNF529
mutation,18446,ZNF530
mutation,18447,ZNF532
mutation,18448,ZNF534
mutation,18449,ZNF536
mutation,18450,ZNF540
mutation,18451,ZNF541
mutation,18452,ZNF543
mutation,18453,ZNF544
mutation,18454,ZNF546
mutation,18455,ZNF547
mutation,18456,ZNF548
mutation,18457,ZNF549
mutation,18458,ZNF550
mutation,18459,ZNF551
mutation,18460,ZNF552
mutation,18461,ZNF554
mutation,18462,ZNF555
mutation,18463,ZNF556
mutation,18464,ZNF557
mutation,18465,ZNF558
mutation,18466,ZNF559
mutation,18467,ZNF560
mutation,18468,ZNF561
mutation,18469,ZNF562
mutation,18470,ZNF563
mutation,18471,ZNF564
mutation,18472,ZNF565
mutation,18473,ZNF566
mutation,18474,ZNF567
mutation,18475,ZNF568
mutation,18476,ZNF569
mutation,18477,ZNF57
mutation,18478,ZNF570
mutation,18479,ZNF571
mutation,18480,ZNF572
mutation,18481,ZNF573
mutation,18482,ZNF574
mutation,18483,ZNF575
mutation,18484,ZNF576
mutation,18485,ZNF577
mutation,18486,ZNF578
mutation,18487,ZNF579
mutation,18488,ZNF580
mutation,18489,ZNF581
mutation,18490,ZNF582
mutation,18491,ZNF583
mutation,18492,ZNF584
mutation,18493,ZNF585A
mutation,18494,ZNF585B
mutation,18495,ZNF586
mutation,18496,ZNF587
mutation,18497,ZNF587B
mutation,18498,ZNF589
mutation,18499,ZNF592
mutation,18500,ZNF593
mutation,18501,ZNF594
mutation,18502,ZNF595
mutation,18503,ZNF596
mutation,18504,ZNF597
mutation,18505,ZNF598
mutation,18506,ZNF599
mutation,18507,ZNF600
mutation,18508,ZNF605
mutation,18509,ZNF606
mutation,18510,ZNF607
mutation,18511,ZNF608
mutation,18512,ZNF609
mutation,18513,ZNF610
mutation,18514,ZNF611
mutation,18515,ZNF613
mutation,18516,ZNF614
mutation,18517,ZNF615
mutation,18518,ZNF616
mutation,18519,ZNF618
mutation,18520,ZNF619
mutation,18521,ZNF620
mutation,18522,ZNF621
mutation,18523,ZNF622
mutation,18524,ZNF623
mutation,18525,ZNF624
mutation,18526,ZNF625
mutation,18527,ZNF626
mutation,18528,ZNF627
mutation,18529,ZNF628
mutation,18530,ZNF629
mutation,18531,ZNF630
mutation,18532,ZNF638
mutation,18533,ZNF639
mutation,18534,ZNF641
mutation,18535,ZNF644
mutation,18536,ZNF646
mutation,18537,ZNF648
mutation,18538,ZNF649
mutation,18539,ZNF652
mutation,18540,ZNF653
mutation,18541,ZNF654
mutation,18542,ZNF655
mutation,18543,ZNF658
mutation,18544,ZNF66
mutation,18545,ZNF660
mutation,18546,ZNF662
mutation,18547,ZNF664
mutation,18548,ZNF665
mutation,18549,ZNF667
mutation,18550,ZNF668
mutation,18551,ZNF669
mutation,18552,ZNF670
mutation,18553,ZNF671
mutation,18554,ZNF672
mutation,18555,ZNF674
mutation,18556,ZNF675
mutation,18557,ZNF676
mutation,18558,ZNF677
mutation,18559,ZNF678
mutation,18560,ZNF679
mutation,18561,ZNF680
mutation,18562,ZNF681
mutation,18563,ZNF682
mutation,18564,ZNF683
mutation,18565,ZNF684
mutation,18566,ZNF687
mutation,18567,ZNF688
mutation,18568,ZNF689
mutation,18569,ZNF69
mutation,18570,ZNF691
mutation,18571,ZNF692
mutation,18572,ZNF695
mutation,18573,ZNF696
mutation,18574,ZNF697
mutation,18575,ZNF699
mutation,18576,ZNF7
mutation,18577,ZNF70
mutation,18578,ZNF700
mutation,18579,ZNF701
mutation,18580,ZNF703
mutation,18581,ZNF704
mutation,18582,ZNF705A
mutation,18583,ZNF705B
mutation,18584,ZNF705D
mutation,18585,ZNF705E
mutation,18586,ZNF705G
mutation,18587,ZNF706
mutation,18588,ZNF707
mutation,18589,ZNF708
mutation,18590,ZNF709
mutation,18591,ZNF71
mutation,18592,ZNF710
mutation,18593,ZNF711
mutation,18594,ZNF713
mutation,18595,ZNF714
mutation,18596,ZNF716
mutation,18597,ZNF717
mutation,18598,ZNF718
mutation,18599,ZNF720
mutation,18600,ZNF721
mutation,18601,ZNF723
mutation,18602,ZNF724
mutation,18603,ZNF726
mutation,18604,ZNF727
mutation,18605,ZNF728
mutation,18606,ZNF729
mutation,18607,ZNF730
mutation,18608,ZNF732
mutation,18609,ZNF735
mutation,18610,ZNF736
mutation,18611,ZNF737
mutation,18612,ZNF738
mutation,18613,ZNF74
mutation,18614,ZNF740
mutation,18615,ZNF746
mutation,18616,ZNF747
mutation,18617,ZNF749
mutation,18618,ZNF750
mutation,18619,ZNF75A
mutation,18620,ZNF75D
mutation,18621,ZNF76
mutation,18622,ZNF761
mutation,18623,ZNF763
mutation,18624,ZNF764
mutation,18625,ZNF765
mutation,18626,ZNF766
mutation,18627,ZNF768
mutation,18628,ZNF77
mutation,18629,ZNF770
mutation,18630,ZNF771
mutation,18631,ZNF772
mutation,18632,ZNF773
mutation,18633,ZNF774
mutation,18634,ZNF775
mutation,18635,ZNF776
mutation,18636,ZNF777
mutation,18637,ZNF778
mutation,18638,ZNF780A
mutation,18639,ZNF780B
mutation,18640,ZNF781
mutation,18641,ZNF782
mutation,18642,ZNF783
mutation,18643,ZNF784
mutation,18644,ZNF785
mutation,18645,ZNF786
mutation,18646,ZNF787
mutation,18647,ZNF789
mutation,18648,ZNF79
mutation,18649,ZNF790
mutation,18650,ZNF791
mutation,18651,ZNF792
mutation,18652,ZNF793
mutation,18653,ZNF799
mutation,18654,ZNF8
mutation,18655,ZNF80
mutation,18656,ZNF800
mutation,18657,ZNF804A
mutation,18658,ZNF804B
mutation,18659,ZNF805
mutation,18660,ZNF808
mutation,18661,ZNF81
mutation,18662,ZNF813
mutation,18663,ZNF814
mutation,18664,ZNF816
mutation,18665,ZNF816-ZNF321P
mutation,18666,ZNF821
mutation,18667,ZNF823
mutation,18668,ZNF827
mutation,18669,ZNF829
mutation,18670,ZNF83
mutation,18671,ZNF830
mutation,18672,ZNF831
mutation,18673,ZNF835
mutation,18674,ZNF836
mutation,18675,ZNF837
mutation,18676,ZNF839
mutation,18677,ZNF84
mutation,18678,ZNF841
mutation,18679,ZNF843
mutation,18680,ZNF844
mutation,18681,ZNF845
mutation,18682,ZNF846
mutation,18683,ZNF85
mutation,18684,ZNF850
mutation,18685,ZNF852
mutation,18686,ZNF853
mutation,18687,ZNF860
mutation,18688,ZNF862
mutation,18689,ZNF865
mutation,18690,ZNF875
mutation,18691,ZNF878
mutation,18692,ZNF879
mutation,18693,ZNF880
mutation,18694,ZNF883
mutation,18695,ZNF888
mutation,18696,ZNF891
mutation,18697,ZNF90
mutation,18698,ZNF91
mutation,18699,ZNF92
mutation,18700,ZNF93
mutation,18701,ZNF98
mutation,18702,ZNF99
mutation,18703,ZNFX1
mutation,18704,ZNHIT1
mutation,18705,ZNHIT2
mutation,18706,ZNHIT3
mutation,18707,ZNHIT6
mutation,18708,ZNRD2
mutation,18709,ZNRF1
mutation,18710,ZNRF2
mutation,18711,ZNRF3
mutation,18712,ZNRF4
mutation,18713,ZP1
mutation,18714,ZP2
mutation,18715,ZP3
mutation,18716,ZP4
mutation,18717,ZPBP
mutation,18718,ZPBP2
mutation,18719,ZPLD1
mutation,18720,ZPR1
mutation,18721,ZRANB1
mutation,18722,ZRANB2
mutation,18723,ZRANB3
mutation,18724,ZRSR2
mutation,18725,ZSCAN1
mutation,18726,ZSCAN10
mutation,18727,ZSCAN12
mutation,18728,ZSCAN16
mutation,18729,ZSCAN18
mutation,18730,ZSCAN2
mutation,18731,ZSCAN20
mutation,18732,ZSCAN21
mutation,18733,ZSCAN22
mutation,18734,ZSCAN23
mutation,18735,ZSCAN25
mutation,18736,ZSCAN26
mutation,18737,ZSCAN29
mutation,18738,ZSCAN30
mutation,18739,ZSCAN31
mutation,18740,ZSCAN32
mutation,18741,ZSCAN4
mutation,18742,ZSCAN5A
mutation,18743,ZSCAN5B
mutation,18744,ZSCAN5C
mutation,18745,ZSCAN9
mutation,18746,ZSWIM1
mutation,18747,ZSWIM2
mutation,18748,ZSWIM3
mutation,18749,ZSWIM4
mutation,18750,ZSWIM5
mutation,18751,ZSWIM6
mutation,18752,ZSWIM7
mutation,18753,ZSWIM8
mutation,18754,ZSWIM9
mutation,18755,ZUP1
mutation,18756,ZW10
mutation,18757,ZWILCH
mutation,18758,ZWINT
mutation,18759,ZXDA
mutation,18760,ZXDB
mutation,18761,ZXDC
mutation,18762,ZYG11A
mutation,18763,ZYG11B
mutation,18764,ZYX
mutation,18765,ZZEF1
rna,0,TSPAN6
rna,1,TNMD
rna,2,DPM1
rna,3,SCYL3
rna,4,C1orf112
rna,5,FGR
rna,6,CFH
rna,7,FUCA2
rna,8,GCLC
rna,9,NFYA
rna,10,STPG1
rna,11,NIPAL3
rna,12,LAS1L
rna,13,ENPP4
rna,14,SEMA3F
rna,15,CFTR
rna,16,ANKIB1
rna,17,KRIT1
rna,18,RAD52
rna,19,BAD
rna,20,LAP3
rna,21,CD99
rna,22,HS3ST1
rna,23,ABP1
rna,24,WNT16
rna,25,HECW1
rna,26,MAD1L1
rna,27,LASP1
rna,28,SNX11
rna,29,TMEM176A
rna,30,M6PR
rna,31,KLHL13
rna,32,CYP26B1
rna,33,ICA1
rna,34,DBNDD1
rna,35,ALS2
rna,36,CASP10
rna,37,CFLAR
rna,38,TFPI
rna,39,NDUFAF7
rna,40,RBM5
rna,41,MTMR7
rna,42,SLC7A2
rna,43,ARF5
rna,44,SARM1
rna,45,POLDIP2
rna,46,PLXND1
rna,47,AK2
rna,48,CD38
rna,49,FKBP4
rna,50,KDM1A
rna,51,RBM6
rna,52,CAMKK1
rna,53,RECQL
rna,54,CCDC132
rna,55,HSPB6
rna,56,ARHGAP33
rna,57,NDUFAB1
rna,58,PDK4
rna,59,SLC22A16
rna,60,ZMYND10
rna,61,ABCB5
rna,62,ARX
rna,63,SLC25A13
rna,64,ST7
rna,65,CDC27
rna,66,SLC4A1
rna,67,CALCR
rna,68,HCCS
rna,69,DVL2
rna,70,PRSS22
rna,71,UPF1
rna,72,SKAP2
rna,73,SLC25A5
rna,74,CCDC109B
rna,75,HOXA11
rna,76,POLR2J
rna,77,MEOX1
rna,78,THSD7A
rna,79,LIG3
rna,80,RPAP3
rna,81,ACSM3
rna,82,CIAPIN1
rna,83,SPPL2B
rna,84,FAM214B
rna,85,COPZ2
rna,86,PRKAR2B
rna,87,MSL3
rna,88,CREBBP
rna,89,BZRAP1
rna,90,MPO
rna,91,PON1
rna,92,GCFC2
rna,93,WDR54
rna,94,CROT
rna,95,ABCB4
rna,96,MLL5
rna,97,RHBDD2
rna,98,SOX8
rna,99,IBTK
rna,100,ZNF195
rna,101,MYCBP2
rna,102,FBXL3
rna,103,ITGAL
rna,104,PDK2
rna,105,ITGA3
rna,106,ZFX
rna,107,LAMP2
rna,108,GGNBP2
rna,109,ITGA2B
rna,110,ASB4
rna,111,GDE1
rna,112,C19orf60
rna,113,CRLF1
rna,114,OSBPL7
rna,115,TMEM98
rna,116,YBX2
rna,117,KRT33A
rna,118,MAP3K14
rna,119,ABCC8
rna,120,CCL18
rna,121,CCL3
rna,122,SYNRG
rna,123,CACNG3
rna,124,TMEM132A
rna,125,AP2B1
rna,126,TAC1
rna,127,ZNF263
rna,128,CX3CL1
rna,129,SPATA20
rna,130,CACNA1G
rna,131,TNFRSF12A
rna,132,DLX6
rna,133,MAP3K9
rna,134,RALA
rna,135,BAIAP2L1
rna,136,JHDM1D
rna,137,ETV1
rna,138,AGK
rna,139,ALDH3B1
rna,140,TTC22
rna,141,PHTF2
rna,142,CCL26
rna,143,FARP2
rna,144,USH1C
rna,145,GGCT
rna,146,DBF4
rna,147,TBXA2R
rna,148,IFRD1
rna,149,LGALS14
rna,150,COX10
rna,151,GTF2IRD1
rna,152,PAF1
rna,153,VPS41
rna,154,ARHGAP44
rna,155,ELAC2
rna,156,SCIN
rna,157,ARSD
rna,158,PNPLA4
rna,159,MYH13
rna,160,ADIPOR2
rna,161,CDKL3
rna,162,UPP2
rna,163,PRSS21
rna,164,MARK4
rna,165,PROM1
rna,166,CCDC124
rna,167,CEACAM21
rna,168,PAFAH1B1
rna,169,NOS2
rna,170,DNAH9
rna,171,BLTP2
rna,172,SLC13A2
rna,173,GAS7
rna,174,TRAPPC6A
rna,175,MATK
rna,176,CEACAM7
rna,177,CD79B
rna,178,SCN4A
rna,179,ST7L
rna,180,TKTL1
rna,181,PAX6
rna,182,RPUSD1
rna,183,RHBDF1
rna,184,LUC7L
rna,185,CACNA2D2
rna,186,BAIAP3
rna,187,TSR3
rna,188,PIGQ
rna,189,TEAD3
rna,190,SELE
rna,191,DNAJC11
rna,192,FMO3
rna,193,MYLIP
rna,194,NOX1
rna,195,E2F2
rna,196,PSMB1
rna,197,SYN1
rna,198,JARID2
rna,199,CDKL5
rna,200,CAMK1G
rna,201,CDK11A
rna,202,NADK
rna,203,TFAP2B
rna,204,TFAP2D
rna,205,DLEC1
rna,206,CYTH3
rna,207,ADAM22
rna,208,SYPL1
rna,209,CYB561
rna,210,SPAG9
rna,211,CELSR3
rna,212,AASS
rna,213,PLEKHG6
rna,214,SS18L2
rna,215,MPND
rna,216,MGST1
rna,217,CRY1
rna,218,PGLYRP1
rna,219,NFIX
rna,220,ST3GAL1
rna,221,MMP25
rna,222,PKD1
rna,223,MAPK8IP2
rna,224,MED24
rna,225,RHOBTB2
rna,226,HEATR5B
rna,227,SEC62
rna,228,RPS20
rna,229,CSDE1
rna,230,UBE3C
rna,231,REV3L
rna,232,TENM1
rna,233,PAX7
rna,234,MASP2
rna,235,IYD
rna,236,FAM76A
rna,237,TRAF3IP3
rna,238,POMT2
rna,239,VTA1
rna,240,MLXIPL
rna,241,BAZ1B
rna,242,RANBP9
rna,243,ETV7
rna,244,SPRTN
rna,245,METTL13
rna,246,ZNF207
rna,247,UQCRC1
rna,248,STARD3NL
rna,249,CD9
rna,250,NCAPD2
rna,251,IFFO1
rna,252,GIPR
rna,253,PHF7
rna,254,SEMA3G
rna,255,NISCH
rna,256,STAB1
rna,257,FUZ
rna,258,SLC6A13
rna,259,IDS
rna,260,PRSS3
rna,261,ZNF200
rna,262,CD4
rna,263,LRRC23
rna,264,BTK
rna,265,HFE
rna,266,SCMH1
rna,267,FYN
rna,268,HIVEP2
rna,269,FMO1
rna,270,TCEB3
rna,271,LYPLA2
rna,272,CLCN6
rna,273,MRC2
rna,274,SLC6A7
rna,275,TSPAN9
rna,276,BTBD7
rna,277,APBA3
rna,278,MKS1
rna,279,ABHD5
rna,280,KAL1
rna,281,AKAP8L
rna,282,MBTD1
rna,283,UTP18
rna,284,RNF216
rna,285,TTC19
rna,286,PTBP1
rna,287,DPF1
rna,288,SYT7
rna,289,LARS2
rna,290,PIK3C2A
rna,291,PLAUR
rna,292,ANLN
rna,293,WIZ
rna,294,RABGAP1
rna,295,DCN
rna,296,QPCTL
rna,297,PPP5C
rna,298,CEP68
rna,299,MAP4K3
rna,300,ZBTB32
rna,301,TYROBP
rna,302,TMEM159
rna,303,GABRA3
rna,304,BRCA1
rna,305,ERCC1
rna,306,CD22
rna,307,SEMA3B
rna,308,MBTPS2
rna,309,PRICKLE3
rna,310,LTF
rna,311,EXTL3
rna,312,NR1H4
rna,313,ELOVL5
rna,314,ALOX5
rna,315,KDM5D
rna,316,CALCOCO1
rna,317,UBR7
rna,318,MAP4K5
rna,319,EHD3
rna,320,PSMC4
rna,321,MAN2B2
rna,322,SLC7A14
rna,323,CLDN11
rna,324,SLC25A39
rna,325,MVP
rna,326,NUB1
rna,327,PGM3
rna,328,RWDD2A
rna,329,CLK1
rna,330,POLR3B
rna,331,ANGEL1
rna,332,RNF14
rna,333,DNASE1L1
rna,334,DDX11
rna,335,HEBP1
rna,336,GPRC5A
rna,337,MAMLD1
rna,338,CD6
rna,339,TACC3
rna,340,UFL1
rna,341,POLA2
rna,342,ZC3H3
rna,343,CAPN1
rna,344,ACPP
rna,345,MDH1
rna,346,SLC30A9
rna,347,MTMR11
rna,348,COX15
rna,349,CCDC88C
rna,350,YAF2
rna,351,ZMYND11
rna,352,WAS
rna,353,DPEP1
rna,354,BID
rna,355,MATR3
rna,356,NPC1L1
rna,357,XYLT2
rna,358,STMN4
rna,359,NUDCD3
rna,360,ISL1
rna,361,CHDH
rna,362,IL20RA
rna,363,CLCA1
rna,364,CLCA4
rna,365,GLT8D1
rna,366,ATP2C1
rna,367,SRCIN1
rna,368,IGF1
rna,369,SLC38A5
rna,370,MAGIX
rna,371,RALBP1
rna,372,RUFY3
rna,373,CNTN1
rna,374,SLC11A1
rna,375,WWTR1
rna,376,AGPS
rna,377,CXorf56
rna,378,ATP1A2
rna,379,TTC27
rna,380,ZNF582
rna,381,VSIG2
rna,382,PHLDB1
rna,383,MARCO
rna,384,CYP24A1
rna,385,PRDM11
rna,386,SYT13
rna,387,SNAI2
rna,388,CD74
rna,389,HGF
rna,390,ZRANB1
rna,391,NCDN
rna,392,GPR124
rna,393,ZFP64
rna,394,SAMD4A
rna,395,RUNX3
rna,396,MRE11A
rna,397,PLEKHB1
rna,398,SERPINB1
rna,399,CYP3A43
rna,400,SLC7A9
rna,401,SPAST
rna,402,NRXN3
rna,403,OSBPL5
rna,404,AQR
rna,405,CPS1
rna,406,C8B
rna,407,FHL1
rna,408,RTFDC1
rna,409,GABRA1
rna,410,NLRP2
rna,411,SLC45A4
rna,412,RNF10
rna,413,ZNF839
rna,414,ZDHHC6
rna,415,GRAMD1B
rna,416,RNH1
rna,417,NDUFS1
rna,418,RB1CC1
rna,419,ERP44
rna,420,ALAS1
rna,421,BIRC3
rna,422,AKAP11
rna,423,GLRX2
rna,424,SNAPC1
rna,425,DERA
rna,426,STRAP
rna,427,ABCC2
rna,428,DEF6
rna,429,PLEKHO1
rna,430,GCLM
rna,431,UBR2
rna,432,EHD2
rna,433,DEPDC1
rna,434,CCDC28A
rna,435,RRAGD
rna,436,HSF2
rna,437,PHF20
rna,438,NR1H3
rna,439,TYMP
rna,440,NCAPH2
rna,441,TOMM34
rna,442,SEC63
rna,443,KPNA6
rna,444,VIM
rna,445,FAS
rna,446,CD44
rna,447,KCNG1
rna,448,AGPAT4
rna,449,SLAMF7
rna,450,BTN3A1
rna,451,MIPEP
rna,452,INSRR
rna,453,IFNGR1
rna,454,B4GALT7
rna,455,SH2D2A
rna,456,VRK2
rna,457,TNFRSF1B
rna,458,VEZT
rna,459,POU2F2
rna,460,BRD9
rna,461,SNX1
rna,462,TBPL1
rna,463,ARNTL2
rna,464,BCLAF1
rna,465,SLC39A9
rna,466,ANK1
rna,467,TFB1M
rna,468,RABEP1
rna,469,HMGB3
rna,470,NUP160
rna,471,BAK1
rna,472,MUSK
rna,473,GRN
rna,474,FAM13B
rna,475,ARHGAP31
rna,476,NR2E3
rna,477,CENPQ
rna,478,SARS
rna,479,RANBP3
rna,480,ARID4A
rna,481,TSSC1
rna,482,PNPLA6
rna,483,IFT88
rna,484,ALG1
rna,485,ZCCHC8
rna,486,ABCF2
rna,487,CHPF2
rna,488,LRRC7
rna,489,FUT8
rna,490,UBA6
rna,491,GAB2
rna,492,ATP6V0A1
rna,493,PIAS1
rna,494,SLC4A7
rna,495,APBA2
rna,496,MAP2K3
rna,497,EFCAB1
rna,498,TMSB10
rna,499,ASTE1
rna,500,RNF19A
rna,501,PEX3
rna,502,GABARAPL2
rna,503,MYOC
rna,504,SH3YL1
rna,505,FAM136A
rna,506,VCL
rna,507,DEPDC1B
rna,508,DAPK2
rna,509,NSMAF
rna,510,ADSS
rna,511,STAP1
rna,512,TIMP2
rna,513,RFC1
rna,514,TBC1D23
rna,515,CUL3
rna,516,MYOM2
rna,517,CYP46A1
rna,518,ZZZ3
rna,519,SLC18A1
rna,520,USP2
rna,521,CASR
rna,522,TUBG2
rna,523,FLT4
rna,524,NSUN2
rna,525,FBXO42
rna,526,MFAP3
rna,527,MRI1
rna,528,METTL1
rna,529,AGA
rna,530,PI4K2B
rna,531,BOD1L1
rna,532,MAT2B
rna,533,TLL1
rna,534,EDC4
rna,535,TRIO
rna,536,VCAN
rna,537,CLEC16A
rna,538,MSR1
rna,539,CDH1
rna,540,SKIV2L2
rna,541,DNAH5
rna,542,ZFYVE16
rna,543,FAM65A
rna,544,C6
rna,545,RAI14
rna,546,SOX30
rna,547,PNKP
rna,548,BEST2
rna,549,PHLPP2
rna,550,SPDL1
rna,551,STAU2
rna,552,PQLC2
rna,553,CTNS
rna,554,RTN4R
rna,555,PHF23
rna,556,CDH10
rna,557,INPP4A
rna,558,RAB27B
rna,559,PSMA4
rna,560,MYO16
rna,561,LSG1
rna,562,PARP3
rna,563,TNC
rna,564,THAP3
rna,565,FAM65C
rna,566,TDP1
rna,567,AIFM2
rna,568,C2orf83
rna,569,SPATA7
rna,570,MED17
rna,571,RETSAT
rna,572,CAPG
rna,573,AP2S1
rna,574,USH2A
rna,575,ZPBP
rna,576,TG
rna,577,ADAM28
rna,578,BARX2
rna,579,DCUN1D1
rna,580,PHF15
rna,581,ZIC2
rna,582,LCP2
rna,583,TRIT1
rna,584,ADRB1
rna,585,GUCA2B
rna,586,CUL7
rna,587,CTNNA1
rna,588,PHKA2
rna,589,CNTLN
rna,590,EPHA3
rna,591,HSPA5
rna,592,DSG2
rna,593,GEMIN8
rna,594,OFD1
rna,595,GPM6B
rna,596,MAGEC2
rna,597,PREX2
rna,598,WDR37
rna,599,YTHDC2
rna,600,CTPS2
rna,601,ATP6V1H
rna,602,POLR2B
rna,603,FAM214A
rna,604,TPR
rna,605,CP
rna,606,KATNIP
rna,607,DTNBP1
rna,608,ANO2
rna,609,C12orf4
rna,610,SCML1
rna,611,WWC3
rna,612,ARHGAP6
rna,613,FAM184B
rna,614,MAP4
rna,615,GOPC
rna,616,ROS1
rna,617,USP28
rna,618,HDAC9
rna,619,TSPAN17
rna,620,NOP16
rna,621,CC2D2A
rna,622,RRM2B
rna,623,ZNF800
rna,624,TNFRSF17
rna,625,SNX29
rna,626,LMO3
rna,627,MRPS10
rna,628,GUCA1A
rna,629,RSF1
rna,630,VPS13D
rna,631,CELF2
rna,632,FAM120A
rna,633,R3HDM1
rna,634,COL9A2
rna,635,KITLG
rna,636,ERCC8
rna,637,ADAMTS6
rna,638,H6PD
rna,639,VAMP3
rna,640,PER3
rna,641,UTS2
rna,642,TNFRSF9
rna,643,EPN3
rna,644,SRD5A2
rna,645,LTBP1
rna,646,ELN
rna,647,RFC2
rna,648,ARID1B
rna,649,CLPTM1L
rna,650,NEDD4L
rna,651,FOXP3
rna,652,PPP1R3F
rna,653,HEXB
rna,654,PTCD2
rna,655,KIAA2022
rna,656,JKAMP
rna,657,DKK3
rna,658,ARHGEF5
rna,659,NFE2L3
rna,660,CCDC90A
rna,661,LIMA1
rna,662,LETMD1
rna,663,SLC4A8
rna,664,LAMC3
rna,665,PTGER3
rna,666,TNIP3
rna,667,MAPK9
rna,668,COL23A1
rna,669,BCAR1
rna,670,FAM160A2
rna,671,HERPUD1
rna,672,HOMER3
rna,673,RAD51
rna,674,POLQ
rna,675,PIK3CB
rna,676,CYBA
rna,677,HEBP2
rna,678,MPHOSPH9
rna,679,PLEKHA5
rna,680,PRSS8
rna,681,SIKE1
rna,682,RRP12
rna,683,FNIP2
rna,684,MSMO1
rna,685,TTC17
rna,686,ALX4
rna,687,FSTL4
rna,688,FOXN3
rna,689,METTL24
rna,690,AKR7A2
rna,691,MRTO4
rna,692,NNAT
rna,693,USE1
rna,694,MCF2L2
rna,695,NRIP2
rna,696,LAMA3
rna,697,AP5M1
rna,698,ANAPC4
rna,699,KCNQ1
rna,700,TRAPPC3
rna,701,THRAP3
rna,702,PHPT1
rna,703,ENTPD2
rna,704,ARID4B
rna,705,OPN3
rna,706,SDCCAG8
rna,707,PTPRN
rna,708,HHAT
rna,709,KIF1B
rna,710,FOXC1
rna,711,TBC1D22A
rna,712,SYNE2
rna,713,PLEKHH1
rna,714,ATP9A
rna,715,SPO11
rna,716,CBLN4
rna,717,CHRDL2
rna,718,FAM168A
rna,719,RELT
rna,720,GALC
rna,721,NOP58
rna,722,SZRD1
rna,723,KCNH2
rna,724,CUL1
rna,725,FAM114A2
rna,726,CYFIP2
rna,727,TAB2
rna,728,GINM1
rna,729,EIF2AK2
rna,730,USP36
rna,731,MLL3
rna,732,MCOLN3
rna,733,CCDC85A
rna,734,PUM2
rna,735,MRPL43
rna,736,ITIH1
rna,737,C4orf27
rna,738,ZFR
rna,739,ZNF280C
rna,740,NPFFR2
rna,741,PHF21B
rna,742,TRAF1
rna,743,RC3H2
rna,744,PCGF2
rna,745,IL17RB
rna,746,TRAF3IP2
rna,747,GYG2
rna,748,DCBLD2
rna,749,SERPINB3
rna,750,SOAT1
rna,751,PKP2
rna,752,MSH4
rna,753,F7
rna,754,GDI2
rna,755,PRDM1
rna,756,ATG5
rna,757,TMCC3
rna,758,PITHD1
rna,759,MTA3
rna,760,USP13
rna,761,ATP11B
rna,762,LAMC2
rna,763,CDK14
rna,764,SEC61A1
rna,765,PPP1R12A
rna,766,RASGRF1
rna,767,CAMK2B
rna,768,CROCC
rna,769,POLR3E
rna,770,ATP2B4
rna,771,RIOK2
rna,772,YIPF1
rna,773,TMEM48
rna,774,DGKG
rna,775,FLYWCH1
rna,776,UNKL
rna,777,TBXAS1
rna,778,PARP12
rna,779,ALDH18A1
rna,780,TARBP1
rna,781,PET112
rna,782,MXD1
rna,783,CDK17
rna,784,PSD
rna,785,CTDP1
rna,786,CSDA
rna,787,STYK1
rna,788,WNK1
rna,789,CCAR1
rna,790,OGFR
rna,791,GNA15
rna,792,CREB3L3
rna,793,PIGV
rna,794,PTPRU
rna,795,SNRNP40
rna,796,RIMBP2
rna,797,COL11A1
rna,798,QSER1
rna,799,MPC1
rna,800,ACAA1
rna,801,BCAT1
rna,802,HDAC7
rna,803,LZTS1
rna,804,PRDM6
rna,805,WNT8A
rna,806,SPAG4
rna,807,NCKAP1
rna,808,MRPS35
rna,809,GUCY1B3
rna,810,SFSWAP
rna,811,TNK2
rna,812,MON2
rna,813,CDH3
rna,814,ARSF
rna,815,GPBP1
rna,816,DGAT2
rna,817,ZNF112
rna,818,CS
rna,819,LTK
rna,820,MRPS24
rna,821,ELMO2
rna,822,WAPAL
rna,823,VMP1
rna,824,APPBP2
rna,825,POLD1
rna,826,SEZ6
rna,827,EIF4B
rna,828,SLC6A16
rna,829,GLTSCR1
rna,830,SPHK2
rna,831,RPL18
rna,832,CA11
rna,833,ISOC2
rna,834,U2AF2
rna,835,EPN1
rna,836,MED29
rna,837,AHRR
rna,838,GSC2
rna,839,ZNF275
rna,840,MTMR1
rna,841,GPC1
rna,842,ADCK1
rna,843,HAGH
rna,844,CASP8
rna,845,LIMCH1
rna,846,ASUN
rna,847,TM7SF3
rna,848,DLX3
rna,849,SPA17
rna,850,TSPAN32
rna,851,WISP2
rna,852,DMRT3
rna,853,ST3GAL6
rna,854,ATP2C2
rna,855,NGFR
rna,856,CDON
rna,857,TAF2
rna,858,HIPK2
rna,859,TNPO3
rna,860,RFXANK
rna,861,TMEM161A
rna,862,LPAR2
rna,863,CTSA
rna,864,SUGP2
rna,865,SLC12A2
rna,866,SNX24
rna,867,EYA2
rna,868,CNN2
rna,869,ABCA7
rna,870,SNCAIP
rna,871,DDX20
rna,872,BTBD1
rna,873,FAR2
rna,874,BCAS1
rna,875,POU1F1
rna,876,CHI3L2
rna,877,SBNO2
rna,878,PMS1
rna,879,HMG20B
rna,880,CALCRL
rna,881,TAF11
rna,882,ANKS1A
rna,883,AP3D1
rna,884,ZNF76
rna,885,SLC9A3R2
rna,886,NTHL1
rna,887,UHRF1BP1
rna,888,GNAI3
rna,889,IPO5
rna,890,OAT
rna,891,WDR3
rna,892,PKN2
rna,893,WDR18
rna,894,TRAM2
rna,895,NTN1
rna,896,GLP2R
rna,897,MCM10
rna,898,DGKA
rna,899,ERBB3
rna,900,ROPN1
rna,901,ANKRD44
rna,902,KARS
rna,903,ADAT1
rna,904,PDIA5
rna,905,TBC1D22B
rna,906,NDUFB4
rna,907,SPEN
rna,908,MYLK
rna,909,ZC3H15
rna,910,MAP2K4
rna,911,TMEM206
rna,912,SNAP91
rna,913,SLK
rna,914,CYB5R4
rna,915,COL17A1
rna,916,GSTO2
rna,917,SEC61A2
rna,918,PRKCQ
rna,919,TLE2
rna,920,ASB1
rna,921,FAM107B
rna,922,ME1
rna,923,TBC1D1
rna,924,CDK13
rna,925,MTHFD2
rna,926,SLC9A7
rna,927,PDE4A
rna,928,PPP2R5A
rna,929,CTNNA2
rna,930,ELAVL1
rna,931,TIE1
rna,932,DIP2B
rna,933,SMARCD1
rna,934,KDM4A
rna,935,NFYC
rna,936,ZMYND12
rna,937,SLC9A3
rna,938,NGEF
rna,939,ASPM
rna,940,CD84
rna,941,ELOVL1
rna,942,SPI1
rna,943,ZNRD1
rna,944,MPPED2
rna,945,CLDN18
rna,946,ZBTB11
rna,947,ATXN3
rna,948,GOLGA5
rna,949,FGFR2
rna,950,LRRC40
rna,951,ISOC1
rna,952,EML1
rna,953,THUMPD1
rna,954,KIF26A
rna,955,ATG2B
rna,956,ARFGEF1
rna,957,ACSM2B
rna,958,ZFAT
rna,959,MTFR1
rna,960,STAG3
rna,961,FECH
rna,962,MYO9A
rna,963,DDX3Y
rna,964,PFKP
rna,965,IDI1
rna,966,SP100
rna,967,KLF6
rna,968,PPAP2A
rna,969,NEO1
rna,970,TRAM1
rna,971,PHKA1
rna,972,TNFRSF1A
rna,973,CACNB1
rna,974,EVI5
rna,975,STOML1
rna,976,PKM
rna,977,DHX29
rna,978,DNTTIP2
rna,979,METTL22
rna,980,TP53BP1
rna,981,TRO
rna,982,RRP15
rna,983,RHOA
rna,984,DHX8
rna,985,PRKCZ
rna,986,ZFY
rna,987,IARS2
rna,988,SYT1
rna,989,NAV3
rna,990,IDH3G
rna,991,ROGDI
rna,992,PDZD4
rna,993,ATP2B3
rna,994,ROCK1
rna,995,CBFB
rna,996,PDK3
rna,997,HYAL2
rna,998,HDAC4
rna,999,RASSF1
rna,1000,FGFR3
rna,1001,IFI35
rna,1002,HEATR6
rna,1003,COASY
rna,1004,PLEKHH3
rna,1005,MEF2A
rna,1006,OTUD5
rna,1007,TFE3
rna,1008,TBC1D25
rna,1009,ACSL4
rna,1010,INPP5A
rna,1011,GPKOW
rna,1012,GRIPAP1
rna,1013,FTSJ1
rna,1014,REEP1
rna,1015,ATP11A
rna,1016,POLR1A
rna,1017,LAPTM4A
rna,1018,TTC7A
rna,1019,IP6K2
rna,1020,SRBD1
rna,1021,CYFIP1
rna,1022,KIF2A
rna,1023,RASGRP2
rna,1024,PSME4
rna,1025,SIRT2
rna,1026,ERLEC1
rna,1027,PPP2R5B
rna,1028,PYGM
rna,1029,PAGE1
rna,1030,PITX1
rna,1031,TRPC7
rna,1032,MAST4
rna,1033,GPR116
rna,1034,SDK2
rna,1035,ADAM7
rna,1036,NUP133
rna,1037,NUCKS1
rna,1038,VPS35
rna,1039,DNAJA2
rna,1040,BCL3
rna,1041,KCNAB2
rna,1042,ABCC9
rna,1043,GAL
rna,1044,CLEC2D
rna,1045,FUNDC1
rna,1046,MAOB
rna,1047,RORA
rna,1048,DRD4
rna,1049,TGFBR3
rna,1050,KIAA1107
rna,1051,PLA2G10
rna,1052,HES2
rna,1053,ATP1B3
rna,1054,NEDD4
rna,1055,PIGB
rna,1056,GNB5
rna,1057,RAB27A
rna,1058,CECR5
rna,1059,UFD1L
rna,1060,LRP6
rna,1061,GUCY2C
rna,1062,SCT
rna,1063,PHRF1
rna,1064,IKBKAP
rna,1065,NUCB2
rna,1066,PFN2
rna,1067,PTPN3
rna,1068,SPTB
rna,1069,DAPP1
rna,1070,FGF10
rna,1071,SLC44A1
rna,1072,C14orf101
rna,1073,SMG6
rna,1074,EXOC5
rna,1075,CLTCL1
rna,1076,FGF22
rna,1077,FSTL3
rna,1078,DGCR2
rna,1079,RNF126
rna,1080,MNT
rna,1081,ZXDC
rna,1082,JMJD6
rna,1083,POLB
rna,1084,ST6GALNAC1
rna,1085,WIPI1
rna,1086,FRMPD1
rna,1087,GBA2
rna,1088,NDST1
rna,1089,ASNS
rna,1090,AP3M2
rna,1091,CNGB1
rna,1092,ST6GALNAC2
rna,1093,CHAT
rna,1094,TESK2
rna,1095,C16orf80
rna,1096,CSNK2A2
rna,1097,PTPN21
rna,1098,EIF2B3
rna,1099,CAMK2A
rna,1100,TCOF1
rna,1101,CDC42
rna,1102,OSBPL3
rna,1103,EPHA8
rna,1104,SLC12A3
rna,1105,RAD18
rna,1106,ATP2B1
rna,1107,TRPM5
rna,1108,NCK2
rna,1109,MAP4K4
rna,1110,MGAT4A
rna,1111,RPL31
rna,1112,WDR1
rna,1113,SNX13
rna,1114,MS4A12
rna,1115,ARHGAP10
rna,1116,RPS6KA2
rna,1117,ING3
rna,1118,VASH1
rna,1119,LMCD1
rna,1120,WBSCR22
rna,1121,SEL1L
rna,1122,TRIP13
rna,1123,ATP6AP1
rna,1124,TCF3
rna,1125,TRIB2
rna,1126,DAZAP1
rna,1127,MBD3
rna,1128,PRLH
rna,1129,HLTF
rna,1130,FAM50A
rna,1131,FAM3A
rna,1132,CPSF1
rna,1133,MYO3B
rna,1134,CYBRD1
rna,1135,CDH19
rna,1136,PDCD2
rna,1137,SLC6A15
rna,1138,PRKACA
rna,1139,LPHN1
rna,1140,SPP2
rna,1141,ACTN1
rna,1142,ZFYVE26
rna,1143,RPS6KA6
rna,1144,EPN2
rna,1145,PTPN18
rna,1146,LIMS2
rna,1147,ASIC4
rna,1148,SPEG
rna,1149,LNX1
rna,1150,ALDH3A2
rna,1151,TFRC
rna,1152,SREBF1
rna,1153,TRPC5
rna,1154,AFF4
rna,1155,UBE2D1
rna,1156,MPP5
rna,1157,RHOBTB1
rna,1158,SMC1A
rna,1159,HSD17B10
rna,1160,MARK2
rna,1161,HMMR
rna,1162,TRHDE
rna,1163,P4HA2
rna,1164,FCGR2B
rna,1165,NFATC3
rna,1166,TRNT1
rna,1167,ACADVL
rna,1168,STK10
rna,1169,FBXW11
rna,1170,ACAP1
rna,1171,CRMP1
rna,1172,EVC
rna,1173,DERL2
rna,1174,SIDT1
rna,1175,NDE1
rna,1176,TMEM38A
rna,1177,AP1M1
rna,1178,PVR
rna,1179,IKBKG
rna,1180,XRCC1
rna,1181,SCARB1
rna,1182,CYP2W1
rna,1183,MCM2
rna,1184,MOV10L1
rna,1185,PANX2
rna,1186,TP63
rna,1187,ALPK1
rna,1188,LLGL2
rna,1189,PDE8A
rna,1190,CLCN4
rna,1191,NLE1
rna,1192,SDHA
rna,1193,SMARCE1
rna,1194,FNDC8
rna,1195,GSDMB
rna,1196,KDM5A
rna,1197,ADAM11
rna,1198,PPP2R3A
rna,1199,FERMT2
rna,1200,ABCB11
rna,1201,DHRS9
rna,1202,CD5L
rna,1203,PTGS2
rna,1204,IGF2BP2
rna,1205,MAP3K13
rna,1206,ST6GAL1
rna,1207,TBX21
rna,1208,FRY
rna,1209,PICALM
rna,1210,NSF
rna,1211,GLI2
rna,1212,CLASP1
rna,1213,MRPS34
rna,1214,NOTCH3
rna,1215,CLNS1A
rna,1216,PPP2R2C
rna,1217,TEAD2
rna,1218,EED
rna,1219,CDHR2
rna,1220,SNCB
rna,1221,TSG101
rna,1222,C17orf85
rna,1223,ATP2A3
rna,1224,CA12
rna,1225,MGLL
rna,1226,NTN4
rna,1227,BCS1L
rna,1228,NUAK1
rna,1229,DPP8
rna,1230,SLC24A1
rna,1231,ZNF532
rna,1232,SCARF1
rna,1233,LMAN1
rna,1234,PTPLAD1
rna,1235,IPCEF1
rna,1236,ZZEF1
rna,1237,NOX3
rna,1238,ENO1
rna,1239,SLC12A1
rna,1240,C19orf10
rna,1241,ANO8
rna,1242,TUBE1
rna,1243,ARHGEF10L
rna,1244,TXK
rna,1245,WSCD2
rna,1246,KCNQ2
rna,1247,TACR2
rna,1248,ACTR6
rna,1249,TIPIN
rna,1250,SRI
rna,1251,EIF4G3
rna,1252,NUP37
rna,1253,SEMA3A
rna,1254,GTSE1
rna,1255,SEMA3C
rna,1256,TTC38
rna,1257,ACAT1
rna,1258,GRAMD4
rna,1259,CELSR1
rna,1260,WNT8B
rna,1261,ZNF638
rna,1262,SLC25A40
rna,1263,TIMM21
rna,1264,ADD2
rna,1265,FGF4
rna,1266,RASAL2
rna,1267,VPS9D1
rna,1268,ZNF37A
rna,1269,MARK3
rna,1270,SLC25A3
rna,1271,FNDC3B
rna,1272,FOSL2
rna,1273,CACNG5
rna,1274,CACNG4
rna,1275,FRYL
rna,1276,TMEM131
rna,1277,FSCN1
rna,1278,ACTB
rna,1279,MOCOS
rna,1280,PLD1
rna,1281,ATP12A
rna,1282,WDR62
rna,1283,DLG1
rna,1284,RAB7A
rna,1285,BCAP29
rna,1286,SEC31B
rna,1287,SART3
rna,1288,ARHGAP15
rna,1289,PAX2
rna,1290,EXOSC7
rna,1291,KIFAP3
rna,1292,MKRN2
rna,1293,MCM6
rna,1294,REXO2
rna,1295,RBMS2
rna,1296,BAZ2A
rna,1297,PTPN23
rna,1298,MLH1
rna,1299,UNG
rna,1300,FMO4
rna,1301,KLHL20
rna,1302,RGS11
rna,1303,SLC46A1
rna,1304,PLXNA2
rna,1305,ANKRD13A
rna,1306,TPD52
rna,1307,ACACB
rna,1308,TRAF4
rna,1309,PAG1
rna,1310,GPATCH1
rna,1311,ICAM3
rna,1312,NT5C2
rna,1313,MCAM
rna,1314,GPC4
rna,1315,MBNL3
rna,1316,CAMSAP3
rna,1317,RAP1GAP
rna,1318,XAB2
rna,1319,ARHGEF1
rna,1320,STXBP2
rna,1321,MAP2K7
rna,1322,NMRK2
rna,1323,DGKD
rna,1324,CTTNBP2
rna,1325,ACTL6B
rna,1326,RARB
rna,1327,TOP2B
rna,1328,TM9SF3
rna,1329,NFKB2
rna,1330,UBE2T
rna,1331,PPP1R12B
rna,1332,DNAJC10
rna,1333,GTF3C1
rna,1334,IL4R
rna,1335,USP33
rna,1336,PAK3
rna,1337,CAPN6
rna,1338,DCX
rna,1339,SNRPA
rna,1340,SPAG6
rna,1341,EXOSC5
rna,1342,APBB1IP
rna,1343,LRCH4
rna,1344,FAM76B
rna,1345,SIRT6
rna,1346,TYR
rna,1347,POLD3
rna,1348,ACTN2
rna,1349,CAPZB
rna,1350,GPR137B
rna,1351,NAALAD2
rna,1352,PHF17
rna,1353,SLC25A43
rna,1354,UBE2A
rna,1355,FGFR1
rna,1356,FKBP6
rna,1357,GTF2I
rna,1358,SMC1B
rna,1359,FBLN1
rna,1360,ITGA8
rna,1361,CST7
rna,1362,MAP2
rna,1363,PIAS2
rna,1364,AMPH
rna,1365,ARAF
rna,1366,MCCC1
rna,1367,LAMP3
rna,1368,FAP
rna,1369,NEBL
rna,1370,ACER3
rna,1371,UBE2K
rna,1372,PIK3C3
rna,1373,N4BP2
rna,1374,C12orf5
rna,1375,TULP3
rna,1376,SYNJ2
rna,1377,ADCY2
rna,1378,PPP2R5C
rna,1379,RBFOX1
rna,1380,GNB1
rna,1381,HOXA9
rna,1382,EDN1
rna,1383,MLLT10
rna,1384,ZCWPW1
rna,1385,ADCYAP1R1
rna,1386,FGF20
rna,1387,P2RY10
rna,1388,ITM2A
rna,1389,NRD1
rna,1390,VDAC3
rna,1391,PCM1
rna,1392,TNRC6C
rna,1393,CBFA2T2
rna,1394,DBC1
rna,1395,ITCH
rna,1396,PKD2L2
rna,1397,TP53INP2
rna,1398,SDF4
rna,1399,MYH7B
rna,1400,BPIFB2
rna,1401,TP73
rna,1402,TOLLIP
rna,1403,UBE2D4
rna,1404,CLUL1
rna,1405,RUNX1T1
rna,1406,CDH17
rna,1407,THOC1
rna,1408,FKBP7
rna,1409,OSBPL6
rna,1410,SLC1A3
rna,1411,XRCC5
rna,1412,LXN
rna,1413,SP140
rna,1414,MKNK1
rna,1415,TNS1
rna,1416,REXO1
rna,1417,SAR1A
rna,1418,CDC14A
rna,1419,RAPGEF3
rna,1420,CEACAM1
rna,1421,SENP1
rna,1422,DUSP13
rna,1423,CIC
rna,1424,LIPE
rna,1425,FDFT1
rna,1426,PAFAH1B3
rna,1427,OPHN1
rna,1428,AFM
rna,1429,KIF22
rna,1430,SCGN
rna,1431,LRRC16A
rna,1432,PGM1
rna,1433,DDX1
rna,1434,DNM2
rna,1435,EPB41L2
rna,1436,RIMS1
rna,1437,MOXD1
rna,1438,STX7
rna,1439,RABL2B
rna,1440,KEAP1
rna,1441,DDX43
rna,1442,PTPRH
rna,1443,DCT
rna,1444,SLC35C2
rna,1445,CRYBG3
rna,1446,EPHA6
rna,1447,SCTR
rna,1448,RFX3
rna,1449,RIF1
rna,1450,RAB21
rna,1451,SLC4A4
rna,1452,SMARCA2
rna,1453,RDH8
rna,1454,SESN1
rna,1455,MID2
rna,1456,PIH1D3
rna,1457,COL5A3
rna,1458,SRCAP
rna,1459,KIAA0020
rna,1460,CPB2
rna,1461,CHRNA3
rna,1462,KCNN2
rna,1463,CNOT4
rna,1464,PSEN1
rna,1465,CPOX
rna,1466,CLDND1
rna,1467,MOK
rna,1468,HSP90AA1
rna,1469,RBL1
rna,1470,DLGAP4
rna,1471,IGSF9B
rna,1472,CFHR2
rna,1473,NDC80
rna,1474,AP4E1
rna,1475,RSBN1
rna,1476,MAGI3
rna,1477,CXCL2
rna,1478,AFP
rna,1479,COL4A4
rna,1480,TCF7
rna,1481,OSTM1
rna,1482,CDH7
rna,1483,IMPG2
rna,1484,PCNP
rna,1485,EXD2
rna,1486,ARG2
rna,1487,MEF2C
rna,1488,PTPRC
rna,1489,CACNA1S
rna,1490,PKP1
rna,1491,UBA5
rna,1492,STK17B
rna,1493,CDC14B
rna,1494,ZNF510
rna,1495,LRP2
rna,1496,ZNF506
rna,1497,JMJD4
rna,1498,DUSP12
rna,1499,AACS
rna,1500,KIAA0141
rna,1501,SLC13A1
rna,1502,CADPS2
rna,1503,PCDHB4
rna,1504,HSPB11
rna,1505,PHLPP1
rna,1506,ATP8B1
rna,1507,IL12RB2
rna,1508,SMARCD3
rna,1509,WDR70
rna,1510,FYB
rna,1511,MPP4
rna,1512,STRADB
rna,1513,PGR
rna,1514,C1QTNF3
rna,1515,ME2
rna,1516,C5orf22
rna,1517,CCNT2
rna,1518,FAM135A
rna,1519,COL19A1
rna,1520,EPB41L3
rna,1521,COBLL1
rna,1522,DLG3
rna,1523,KCNK2
rna,1524,SERTAD4
rna,1525,TRAF5
rna,1526,MRPL22
rna,1527,GEMIN5
rna,1528,OPRK1
rna,1529,NFE2L1
rna,1530,SEMA5B
rna,1531,GSK3B
rna,1532,ITGB5
rna,1533,ERC1
rna,1534,XPO1
rna,1535,C4orf6
rna,1536,RNF13
rna,1537,TRPM3
rna,1538,PALB2
rna,1539,DOPEY1
rna,1540,LYRM2
rna,1541,BCKDHB
rna,1542,KAT6A
rna,1543,ZCCHC6
rna,1544,ULK2
rna,1545,GRHL2
rna,1546,TNPO1
rna,1547,PLOD1
rna,1548,ITGAE
rna,1549,DIS3
rna,1550,PIBF1
rna,1551,TDRD3
rna,1552,NUFIP1
rna,1553,PDS5B
rna,1554,OXCT1
rna,1555,RRAGB
rna,1556,EPYC
rna,1557,CYLD
rna,1558,SLC27A5
rna,1559,ZNF324
rna,1560,ZNF671
rna,1561,ZNF416
rna,1562,ZNF586
rna,1563,ZNF446
rna,1564,ZNF8
rna,1565,ZNF264
rna,1566,RPS5
rna,1567,FAT1
rna,1568,YTHDC1
rna,1569,CHMP2B
rna,1570,SMAP2
rna,1571,PPIE
rna,1572,ZMPSTE24
rna,1573,STARD7
rna,1574,NOA1
rna,1575,REST
rna,1576,HAL
rna,1577,SSH1
rna,1578,GSTP1
rna,1579,APLP2
rna,1580,KIAA1467
rna,1581,SLCO1A2
rna,1582,WBP11
rna,1583,EIF3I
rna,1584,NKAIN1
rna,1585,COL16A1
rna,1586,TXLNA
rna,1587,APOB
rna,1588,NCOA1
rna,1589,AGBL5
rna,1590,EFR3B
rna,1591,KIF3C
rna,1592,RAB10
rna,1593,GCKR
rna,1594,HADHA
rna,1595,MAPRE3
rna,1596,CAD
rna,1597,CD59
rna,1598,CD82
rna,1599,BCORL1
rna,1600,ATRX
rna,1601,TAF9
rna,1602,FCN1
rna,1603,MYNN
rna,1604,MECOM
rna,1605,SCAMP1
rna,1606,PREP
rna,1607,HACE1
rna,1608,SEH1L
rna,1609,WDR47
rna,1610,WDFY1
rna,1611,OVGP1
rna,1612,SLC25A24
rna,1613,MAP3K4
rna,1614,PILRA
rna,1615,IGSF9
rna,1616,ABCB1
rna,1617,ZNF213
rna,1618,CPNE3
rna,1619,RRN3
rna,1620,CTTN
rna,1621,WNT11
rna,1622,MTIF2
rna,1623,DDHD2
rna,1624,TTC39A
rna,1625,EPS15
rna,1626,ORC1
rna,1627,MGST2
rna,1628,ATG16L1
rna,1629,USP40
rna,1630,POMGNT1
rna,1631,RAD54L
rna,1632,MAST2
rna,1633,DNAJA1
rna,1634,B4GALT1
rna,1635,CHMP5
rna,1636,NFX1
rna,1637,AQP6
rna,1638,DIMT1
rna,1639,IPO11
rna,1640,FOLH1
rna,1641,EIF2AK1
rna,1642,EPDR1
rna,1643,SNX10
rna,1644,SEPHS1
rna,1645,MRPL28
rna,1646,HBQ1
rna,1647,ITPKC
rna,1648,CEACAM6
rna,1649,FAT2
rna,1650,RBM22
rna,1651,TMED2
rna,1652,ERO1LB
rna,1653,ZFAND6
rna,1654,HSD17B2
rna,1655,TXLNG
rna,1656,PPEF1
rna,1657,LAT2
rna,1658,HUWE1
rna,1659,ALG9
rna,1660,MYBPC2
rna,1661,NOX4
rna,1662,ACOX3
rna,1663,MTMR2
rna,1664,PPP1R15A
rna,1665,HSD17B14
rna,1666,TRIP6
rna,1667,ACHE
rna,1668,FTL
rna,1669,SRRT
rna,1670,BAX
rna,1671,NLK
rna,1672,ADAMTS2
rna,1673,TMPRSS11E
rna,1674,ATXN7L3
rna,1675,PGS1
rna,1676,PSMC5
rna,1677,UIMC1
rna,1678,CETP
rna,1679,MMP2
rna,1680,MT3
rna,1681,LPCAT2
rna,1682,GNAO1
rna,1683,OGFOD1
rna,1684,SH3BP2
rna,1685,NOP14
rna,1686,ADD1
rna,1687,L2HGDH
rna,1688,TXNDC16
rna,1689,C14orf166
rna,1690,NID2
rna,1691,GMCL1
rna,1692,SF3B2
rna,1693,KLHL42
rna,1694,GNAS
rna,1695,DNM1L
rna,1696,PTHLH
rna,1697,PHACTR3
rna,1698,ERGIC2
rna,1699,TFAP2C
rna,1700,AURKA
rna,1701,CASS4
rna,1702,PIR
rna,1703,AAMDC
rna,1704,RFX2
rna,1705,SLC6A14
rna,1706,METTL2A
rna,1707,SULT2B1
rna,1708,ALG6
rna,1709,CNOT3
rna,1710,GP6
rna,1711,PTPN4
rna,1712,DDX18
rna,1713,KHSRP
rna,1714,GNA11
rna,1715,ASAP3
rna,1716,EDEM2
rna,1717,DNMT3B
rna,1718,REM1
rna,1719,TPX2
rna,1720,FER1L4
rna,1721,PDRG1
rna,1722,EPB41L1
rna,1723,SLC15A1
rna,1724,DOCK9
rna,1725,ANKRD10
rna,1726,TGDS
rna,1727,DOCK3
rna,1728,C3orf18
rna,1729,COQ9
rna,1730,TMEM40
rna,1731,KIF9
rna,1732,ARHGAP28
rna,1733,CRLS1
rna,1734,DEFB127
rna,1735,PPP1R13B
rna,1736,ATRN
rna,1737,SMOX
rna,1738,SIGLEC1
rna,1739,FKBP1A
rna,1740,NSFL1C
rna,1741,SLC4A11
rna,1742,C20orf194
rna,1743,EBF4
rna,1744,CPXM1
rna,1745,MAVS
rna,1746,F11
rna,1747,XRN2
rna,1748,PLK1S1
rna,1749,DYNLL1
rna,1750,TESC
rna,1751,SNX5
rna,1752,SIRPG
rna,1753,MAPKAPK5
rna,1754,P2RX7
rna,1755,ESF1
rna,1756,RBBP9
rna,1757,ANAPC5
rna,1758,SLC23A2
rna,1759,SLC24A6
rna,1760,DZANK1
rna,1761,KDM2B
rna,1762,C20orf26
rna,1763,LHX5
rna,1764,TASP1
rna,1765,OAS1
rna,1766,GCN1L1
rna,1767,PXN
rna,1768,SIRT4
rna,1769,RPH3A
rna,1770,KIF16B
rna,1771,TRMT6
rna,1772,CHGB
rna,1773,PEBP1
rna,1774,TBX5
rna,1775,BRAP
rna,1776,ERP29
rna,1777,NOS1
rna,1778,FUS
rna,1779,IGBP1
rna,1780,FXYD5
rna,1781,ZNF302
rna,1782,GRAMD1A
rna,1783,FXYD3
rna,1784,HEPH
rna,1785,CDIP1
rna,1786,KCNH4
rna,1787,GANAB
rna,1788,GMIP
rna,1789,RBM41
rna,1790,BIRC5
rna,1791,LAG3
rna,1792,MLF2
rna,1793,OTUB2
rna,1794,DDX24
rna,1795,ZBTB25
rna,1796,NECAP1
rna,1797,ANKRD24
rna,1798,DHX32
rna,1799,RCOR1
rna,1800,GPATCH2L
rna,1801,LTBP4
rna,1802,BLVRB
rna,1803,SLC9A1
rna,1804,SPTLC1
rna,1805,PAPOLA
rna,1806,CCNK
rna,1807,PCBP4
rna,1808,RGS1
rna,1809,YPEL3
rna,1810,MRPS33
rna,1811,NDUFB2
rna,1812,NUDC
rna,1813,MAEA
rna,1814,ICAM1
rna,1815,STRN4
rna,1816,IRAK3
rna,1817,LYZ
rna,1818,SI
rna,1819,MUL1
rna,1820,TFAP4
rna,1821,PDCD7
rna,1822,SPG21
rna,1823,FETUB
rna,1824,DNAJB11
rna,1825,LEPREL1
rna,1826,THPO
rna,1827,FLT3LG
rna,1828,RAB11FIP3
rna,1829,GNPTG
rna,1830,ZNF268
rna,1831,PABPC4
rna,1832,CD209
rna,1833,CERS4
rna,1834,MCOLN1
rna,1835,USP48
rna,1836,EFNB1
rna,1837,PDPR
rna,1838,AARS1
rna,1839,GLG1
rna,1840,KIF4A
rna,1841,TNRC6A
rna,1842,FCGBP
rna,1843,PLEKHG2
rna,1844,DLL3
rna,1845,NAT14
rna,1846,PITPNM2
rna,1847,EXOC1
rna,1848,RBM27
rna,1849,POU4F3
rna,1850,OSBPL8
rna,1851,DTX2
rna,1852,NLRC4
rna,1853,PUS7
rna,1854,LAMB4
rna,1855,NRCAM
rna,1856,LAMB1
rna,1857,SLC26A4
rna,1858,SLC26A3
rna,1859,DLD
rna,1860,WDR7
rna,1861,TXNL1
rna,1862,IL5RA
rna,1863,ABCC6
rna,1864,CMTM6
rna,1865,ITGA6
rna,1866,RAPGEF4
rna,1867,SMPX
rna,1868,FH
rna,1869,SEL1L3
rna,1870,TF
rna,1871,CDV3
rna,1872,MYO15A
rna,1873,ALKBH5
rna,1874,APOH
rna,1875,NLRP1
rna,1876,PITPNM3
rna,1877,SPAG7
rna,1878,ORC6
rna,1879,ZFHX4
rna,1880,SLC17A6
rna,1881,CPA1
rna,1882,ZC3HC1
rna,1883,ESR1
rna,1884,RGS17
rna,1885,ANGPT2
rna,1886,TMEM101
rna,1887,CD200
rna,1888,CCDC80
rna,1889,CMA1
rna,1890,PSME1
rna,1891,PPP2R3C
rna,1892,JPH4
rna,1893,MYH7
rna,1894,CEBPE
rna,1895,SLC7A8
rna,1896,OSGEP
rna,1897,SLC22A17
rna,1898,SCFD1
rna,1899,G2E3
rna,1900,HECTD1
rna,1901,HNRNPC
rna,1902,RPGRIP1
rna,1903,SUPT16H
rna,1904,TOX4
rna,1905,GEMIN2
rna,1906,TGM1
rna,1907,TINF2
rna,1908,DAZL
rna,1909,TBL1Y
rna,1910,SEMA6A
rna,1911,TRPM7
rna,1912,TYRO3
rna,1913,WDR76
rna,1914,SNAP23
rna,1915,TBX15
rna,1916,PHGDH
rna,1917,COL9A3
rna,1918,EZR
rna,1919,MYL6
rna,1920,EIF2C1
rna,1921,TEKT2
rna,1922,CLSPN
rna,1923,RFFL
rna,1924,UNC13D
rna,1925,MFSD11
rna,1926,DPYSL2
rna,1927,TGFB2
rna,1928,GPATCH2
rna,1929,NUP50
rna,1930,CDC45
rna,1931,COMT
rna,1932,CECR1
rna,1933,VNN3P
rna,1934,ECHDC1
rna,1935,LRRFIP2
rna,1936,SEC22C
rna,1937,XYLB
rna,1938,HDAC6
rna,1939,OR1I1
rna,1940,GABRP
rna,1941,KRT31
rna,1942,CDC6
rna,1943,UPRT
rna,1944,CDC23
rna,1945,AAAS
rna,1946,CBX5
rna,1947,FMO2
rna,1948,SUCO
rna,1949,MSH2
rna,1950,MAP3K1
rna,1951,DHPS
rna,1952,HOOK2
rna,1953,NXPE1
rna,1954,ARCN1
rna,1955,EPB41L4B
rna,1956,TMEM38B
rna,1957,PSMD5
rna,1958,PTGS1
rna,1959,NUP188
rna,1960,CRAT
rna,1961,SH2D3C
rna,1962,NANS
rna,1963,TBC1D2
rna,1964,DFNB31
rna,1965,PDE6C
rna,1966,CWF19L1
rna,1967,SEMA4G
rna,1968,BTAF1
rna,1969,IKZF5
rna,1970,BLNK
rna,1971,TLL2
rna,1972,CYP26A1
rna,1973,TDRD1
rna,1974,SORBS1
rna,1975,CRTAC1
rna,1976,BAMBI
rna,1977,IL11
rna,1978,MYO3A
rna,1979,WAC
rna,1980,CREM
rna,1981,NUBP2
rna,1982,TPSD1
rna,1983,C19orf77
rna,1984,HIVEP1
rna,1985,TREM2
rna,1986,KCNK16
rna,1987,CRISP3
rna,1988,FKBP5
rna,1989,SRPK1
rna,1990,BRPF3
rna,1991,MRPS18A
rna,1992,PGC
rna,1993,TMEM14A
rna,1994,EFHC1
rna,1995,NCR2
rna,1996,HSP90AB1
rna,1997,MLN
rna,1998,CDC5L
rna,1999,ITPR3
rna,2000,ZNF184
rna,2001,DSP
rna,2002,SIRT1
rna,2003,HNRNPH3
rna,2004,IFT74
rna,2005,JAK2
rna,2006,IL12RB1
rna,2007,ABL1
rna,2008,ACOT7
rna,2009,SH3GLB1
rna,2010,CDC7
rna,2011,SYDE2
rna,2012,PCSK5
rna,2013,SCD
rna,2014,TMED1
rna,2015,ABLIM1
rna,2016,ERMP1
rna,2017,RAB18
rna,2018,NRP1
rna,2019,PRTFDC1
rna,2020,PALMD
rna,2021,TSPAN15
rna,2022,H2AFY2
rna,2023,MAST3
rna,2024,MZF1
rna,2025,OCEL1
rna,2026,MYO9B
rna,2027,KCNK6
rna,2028,CATSPERG
rna,2029,PSMD8
rna,2030,FBXL19
rna,2031,STX1B
rna,2032,HSD3B7
rna,2033,SETD1A
rna,2034,BCL7C
rna,2035,MAGEB2
rna,2036,CIRBP
rna,2037,ATP5D
rna,2038,C19orf26
rna,2039,AMELY
rna,2040,PRKY
rna,2041,HNRNPM
rna,2042,MARCH2
rna,2043,NDUFB7
rna,2044,TIMM13
rna,2045,CDC34
rna,2046,C19orf21
rna,2047,CEP170B
rna,2048,POLR2E
rna,2049,POLRMT
rna,2050,HCN2
rna,2051,CDHR5
rna,2052,IZUMO4
rna,2053,RASSF7
rna,2054,GADD45B
rna,2055,PALM
rna,2056,MADCAM1
rna,2057,IGF2-AS
rna,2058,MKNK2
rna,2059,ARVCF
rna,2060,TRMT2A
rna,2061,RANBP1
rna,2062,ZDHHC8
rna,2063,KLHL22
rna,2064,MED15
rna,2065,SERPIND1
rna,2066,SNAP29
rna,2067,CRKL
rna,2068,LZTR1
rna,2069,MMP11
rna,2070,CECR2
rna,2071,SMARCB1
rna,2072,P2RX6
rna,2073,DERL3
rna,2074,SLC7A4
rna,2075,BCL2L13
rna,2076,DDTL
rna,2077,DDT
rna,2078,OSM
rna,2079,CABIN1
rna,2080,SUSD2
rna,2081,SF3A1
rna,2082,GGT5
rna,2083,RNF215
rna,2084,SEC14L3
rna,2085,PPIL2
rna,2086,UPB1
rna,2087,YPEL1
rna,2088,SNRPD3
rna,2089,PES1
rna,2090,MAPK1
rna,2091,PRODH
rna,2092,PPM1F
rna,2093,TOP3B
rna,2094,CRYBB3
rna,2095,CYTH4
rna,2096,DGCR14
rna,2097,MFNG
rna,2098,CARD10
rna,2099,LRP5L
rna,2100,SLC25A1
rna,2101,ADRBK2
rna,2102,PLA2G3
rna,2103,LGALS2
rna,2104,GGA1
rna,2105,HIRA
rna,2106,SH3BP1
rna,2107,SEZ6L
rna,2108,LGALS1
rna,2109,HPS4
rna,2110,PIK3IP1
rna,2111,SRRD
rna,2112,PATZ1
rna,2113,TRIOBP
rna,2114,TFIP11
rna,2115,GCAT
rna,2116,CRYBB1
rna,2117,ANKRD54
rna,2118,EIF3L
rna,2119,NHP2L1
rna,2120,MICALL1
rna,2121,POLR2F
rna,2122,SOX10
rna,2123,CCDC134
rna,2124,DEPDC5
rna,2125,PICK1
rna,2126,TTC28
rna,2127,SLC16A8
rna,2128,CENPM
rna,2129,SEPT3
rna,2130,SLC5A1
rna,2131,SLC5A4
rna,2132,KDELR3
rna,2133,CYP2D6
rna,2134,DDX17
rna,2135,DMC1
rna,2136,TCF20
rna,2137,HSCB
rna,2138,CBY1
rna,2139,TOMM22
rna,2140,RTDR1
rna,2141,XBP1
rna,2142,C22orf28
rna,2143,JOSD1
rna,2144,FBXO7
rna,2145,GTPBP1
rna,2146,POLDIP3
rna,2147,RAB36
rna,2148,TIMP3
rna,2149,PPP6R2
rna,2150,SBF1
rna,2151,SUN2
rna,2152,CYB5R3
rna,2153,C22orf31
rna,2154,MIOX
rna,2155,LMF2
rna,2156,RHBDD3
rna,2157,PACSIN2
rna,2158,TTLL1
rna,2159,RASL10A
rna,2160,AP1B1
rna,2161,HMGXB4
rna,2162,TOM1
rna,2163,NEFH
rna,2164,BIK
rna,2165,HMOX1
rna,2166,MCAT
rna,2167,THOC5
rna,2168,MCM5
rna,2169,APOBEC3H
rna,2170,ARSA
rna,2171,TSPO
rna,2172,RASD2
rna,2173,TTLL12
rna,2174,CBX7
rna,2175,PDGFB
rna,2176,CABP7
rna,2177,RPL3
rna,2178,ZMAT5
rna,2179,RBFOX2
rna,2180,SYNGR1
rna,2181,TAB1
rna,2182,ASCC2
rna,2183,MTMR3
rna,2184,SMCR7L
rna,2185,APOL4
rna,2186,PNPLA5
rna,2187,APOL1
rna,2188,PNPLA3
rna,2189,MYH9
rna,2190,CACNA1I
rna,2191,SAMM50
rna,2192,TXN2
rna,2193,FOXRED2
rna,2194,GRAP2
rna,2195,EIF3D
rna,2196,TNRC6B
rna,2197,SGSM3
rna,2198,IFT27
rna,2199,PVALB
rna,2200,KIAA0930
rna,2201,NCF4
rna,2202,CSF2RB
rna,2203,SLC25A17
rna,2204,UPK3A
rna,2205,FAM118A
rna,2206,KCTD17
rna,2207,ST13
rna,2208,IL2RB
rna,2209,RBX1
rna,2210,EP300
rna,2211,L3MBTL2
rna,2212,CHADL
rna,2213,RANGAP1
rna,2214,ZC3H7B
rna,2215,PHF5A
rna,2216,ACO2
rna,2217,POLR3H
rna,2218,TRMU
rna,2219,PMM1
rna,2220,DESI1
rna,2221,CERK
rna,2222,BRD1
rna,2223,ZBED4
rna,2224,MLC1
rna,2225,KCNK10
rna,2226,ABHD4
rna,2227,KHNYN
rna,2228,FKBP3
rna,2229,SDR39U1
rna,2230,CTSG
rna,2231,GZMH
rna,2232,GZMB
rna,2233,RBM23
rna,2234,PRMT5
rna,2235,COCH
rna,2236,AP4S1
rna,2237,POLE2
rna,2238,METTL21D
rna,2239,SOS2
rna,2240,CDKL1
rna,2241,NIN
rna,2242,PYGL
rna,2243,TRIM9
rna,2244,PSMC6
rna,2245,GNPNAT1
rna,2246,DDHD1
rna,2247,CDKN3
rna,2248,CNIH
rna,2249,CGRRF1
rna,2250,ATP6V1D
rna,2251,C14orf105
rna,2252,PLEK2
rna,2253,PIGH
rna,2254,C14orf166B
rna,2255,PSMA3
rna,2256,VTI1B
rna,2257,TIMM9
rna,2258,GSTZ1
rna,2259,KIAA0586
rna,2260,TMED8
rna,2261,SAMD15
rna,2262,AHSA1
rna,2263,DAAM1
rna,2264,ISM2
rna,2265,SPTLC2
rna,2266,RIN3
rna,2267,LGMN
rna,2268,ALKBH1
rna,2269,SNW1
rna,2270,CHGA
rna,2271,ITPK1
rna,2272,DHRS7
rna,2273,PPM1A
rna,2274,SIX4
rna,2275,GALNT16
rna,2276,ASB2
rna,2277,CEP128
rna,2278,ERH
rna,2279,KIAA0247
rna,2280,SRSF5
rna,2281,SLC10A1
rna,2282,EIF5
rna,2283,SLC8A3
rna,2284,DICER1
rna,2285,ZFYVE21
rna,2286,MTHFD1
rna,2287,TCL1A
rna,2288,ZC3H14
rna,2289,TELO2
rna,2290,PCNX
rna,2291,BDKRB1
rna,2292,GSKIP
rna,2293,VRK1
rna,2294,PAPLN
rna,2295,RPS6KA5
rna,2296,SMEK1
rna,2297,C14orf93
rna,2298,PSMB5
rna,2299,YY1
rna,2300,ACIN1
rna,2301,CCNB1IP1
rna,2302,TRIP11
rna,2303,APEX1
rna,2304,PABPN1
rna,2305,EFS
rna,2306,ARHGAP5
rna,2307,CINP
rna,2308,DHRS2
rna,2309,SRP54
rna,2310,CPNE6
rna,2311,CHD8
rna,2312,PCK2
rna,2313,NFKBIA
rna,2314,EMC9
rna,2315,BRMS1L
rna,2316,REC8
rna,2317,SEC23A
rna,2318,GMPR2
rna,2319,PNN
rna,2320,RABGGTA
rna,2321,NFATC4
rna,2322,PLTP
rna,2323,PCIF1
rna,2324,GSS
rna,2325,MMP9
rna,2326,VSX1
rna,2327,TRPC4AP
rna,2328,PYGB
rna,2329,ABHD12
rna,2330,PROCR
rna,2331,GINS1
rna,2332,NINL
rna,2333,CD40
rna,2334,UQCC
rna,2335,ZMYND8
rna,2336,SGK2
rna,2337,IFT52
rna,2338,MYBL2
rna,2339,R3HDML
rna,2340,HNF4A
rna,2341,NDRG3
rna,2342,SLA2
rna,2343,C20orf24
rna,2344,NFATC2
rna,2345,RIMS4
rna,2346,PABPC1L
rna,2347,STK4
rna,2348,SALL4
rna,2349,ADNP
rna,2350,PFDN4
rna,2351,DOK5
rna,2352,CSTF1
rna,2353,BMP7
rna,2354,RAE1
rna,2355,TPD52L2
rna,2356,DNAJC5
rna,2357,NELFCD
rna,2358,CTSZ
rna,2359,PRPF6
rna,2360,TUBB1
rna,2361,SLMO2
rna,2362,HRH3
rna,2363,GTPBP5
rna,2364,PSMA7
rna,2365,SLCO4A1
rna,2366,NTSR1
rna,2367,MRGBP
rna,2368,TCFL5
rna,2369,DIDO1
rna,2370,GID8
rna,2371,SLC17A9
rna,2372,BIRC7
rna,2373,NKAIN4
rna,2374,ARFGAP1
rna,2375,AVP
rna,2376,COL20A1
rna,2377,CHRNA4
rna,2378,EEF1A2
rna,2379,PTK6
rna,2380,GMEB2
rna,2381,C20orf27
rna,2382,SPEF1
rna,2383,CDC25B
rna,2384,ISM1
rna,2385,RNF24
rna,2386,ARFRP1
rna,2387,NDUFAF5
rna,2388,SEL1L2
rna,2389,TRIB3
rna,2390,RASSF2
rna,2391,CSNK2A1
rna,2392,SLC52A3
rna,2393,ANGPT4
rna,2394,RSPO4
rna,2395,CDS2
rna,2396,PROKR2
rna,2397,HM13
rna,2398,SNPH
rna,2399,MYLK2
rna,2400,SEC23B
rna,2401,FERMT1
rna,2402,XKR7
rna,2403,HAO1
rna,2404,PDYN
rna,2405,CCM2L
rna,2406,PLCB4
rna,2407,MYL9
rna,2408,HCK
rna,2409,TM9SF4
rna,2410,C20orf118
rna,2411,CRNKL1
rna,2412,POFUT1
rna,2413,SAMHD1
rna,2414,PAK7
rna,2415,KIF3B
rna,2416,MROH8
rna,2417,NOP56
rna,2418,MANBAL
rna,2419,IDH3B
rna,2420,MAPRE1
rna,2421,JAG1
rna,2422,CDK5RAP1
rna,2423,SNTA1
rna,2424,OXT
rna,2425,TTI1
rna,2426,E2F1
rna,2427,RPRD1B
rna,2428,PXMP4
rna,2429,CHMP4B
rna,2430,BPI
rna,2431,CST9L
rna,2432,SLC32A1
rna,2433,CST3
rna,2434,ASIP
rna,2435,CST4
rna,2436,ACTR5
rna,2437,WFDC2
rna,2438,AHCY
rna,2439,PPP1R16B
rna,2440,SPINT3
rna,2441,FAM83D
rna,2442,DHX35
rna,2443,DNTTIP1
rna,2444,MAP1LC3A
rna,2445,SYNDIG1
rna,2446,PIGU
rna,2447,TNNC2
rna,2448,ACOT8
rna,2449,APMAP
rna,2450,CELF4
rna,2451,ZNF516
rna,2452,CDH20
rna,2453,ADNP2
rna,2454,USP14
rna,2455,VAPA
rna,2456,METTL4
rna,2457,LPIN2
rna,2458,SMCHD1
rna,2459,MYOM1
rna,2460,MYL12A
rna,2461,CEP76
rna,2462,ST8SIA5
rna,2463,CEP192
rna,2464,RNMT
rna,2465,SMAD7
rna,2466,LIPG
rna,2467,LAMA1
rna,2468,ANKRD12
rna,2469,NOL4
rna,2470,POLI
rna,2471,MIB1
rna,2472,RBBP8
rna,2473,RIOK3
rna,2474,CSTF2
rna,2475,MXRA5
rna,2476,VSIG1
rna,2477,PSMD10
rna,2478,ATG4A
rna,2479,STS
rna,2480,TBL1X
rna,2481,GPR143
rna,2482,PGRMC1
rna,2483,POLA1
rna,2484,MID1
rna,2485,NKAP
rna,2486,RHOXF1
rna,2487,NXT2
rna,2488,GUCY2F
rna,2489,ATP1B4
rna,2490,ALG13
rna,2491,PRPS2
rna,2492,TLR8
rna,2493,MOSPD1
rna,2494,AMMECR1
rna,2495,CHRDL1
rna,2496,WDR13
rna,2497,SUV39H1
rna,2498,PAGE4
rna,2499,SRPX
rna,2500,GLRA2
rna,2501,XIAP
rna,2502,STAG2
rna,2503,ATP11C
rna,2504,MCF2
rna,2505,F9
rna,2506,ABCD1
rna,2507,CCDC22
rna,2508,CACNA1F
rna,2509,SYP
rna,2510,PLP2
rna,2511,BMX
rna,2512,LUZP4
rna,2513,PLS3
rna,2514,RENBP
rna,2515,ELF4
rna,2516,SMARCA1
rna,2517,MTMR8
rna,2518,ASB9
rna,2519,ZC3H12B
rna,2520,RBBP7
rna,2521,PPP1R2P9
rna,2522,KCND1
rna,2523,UBE2NL
rna,2524,SLC25A14
rna,2525,FMR1
rna,2526,PIM2
rna,2527,SCML2
rna,2528,SLC35A2
rna,2529,PQBP1
rna,2530,RS1
rna,2531,PCSK1N
rna,2532,EMD
rna,2533,TAZ
rna,2534,PGK1
rna,2535,GATA1
rna,2536,MAGT1
rna,2537,SMS
rna,2538,PHEX
rna,2539,UBL4A
rna,2540,CD99L2
rna,2541,EEA1
rna,2542,GPR50
rna,2543,RP2
rna,2544,PHF16
rna,2545,CDK16
rna,2546,USP11
rna,2547,PCYT1B
rna,2548,BRS3
rna,2549,HTATSF1
rna,2550,VGLL1
rna,2551,CD40LG
rna,2552,TIMP1
rna,2553,KLHL4
rna,2554,GABRE
rna,2555,PCDH11X
rna,2556,FGD1
rna,2557,PIN4
rna,2558,PORCN
rna,2559,ITIH6
rna,2560,MAGED2
rna,2561,RBM3
rna,2562,KLF8
rna,2563,SRPX2
rna,2564,SYTL4
rna,2565,ZDHHC15
rna,2566,CENPI
rna,2567,DRP2
rna,2568,TAF7L
rna,2569,PBDC1
rna,2570,GLA
rna,2571,ARMCX3
rna,2572,BEX4
rna,2573,KIAA0226L
rna,2574,NALCN
rna,2575,FGF14
rna,2576,HTR2A
rna,2577,NDFIP2
rna,2578,TNFSF13B
rna,2579,FNDC3A
rna,2580,MLNR
rna,2581,CDADC1
rna,2582,CAB39L
rna,2583,KLF5
rna,2584,STK24
rna,2585,ACP5
rna,2586,DNAJC3
rna,2587,UGGT2
rna,2588,ARHGEF7
rna,2589,FGF9
rna,2590,SGCG
rna,2591,PARP4
rna,2592,SUPT20H
rna,2593,MRPS31
rna,2594,SLC25A15
rna,2595,KPNA3
rna,2596,FLT1
rna,2597,RGCC
rna,2598,VWA8
rna,2599,DGKH
rna,2600,KATNAL1
rna,2601,INTS6
rna,2602,DHRS12
rna,2603,MEDAG
rna,2604,TSC22D1
rna,2605,CLN5
rna,2606,OLFM4
rna,2607,MSLN
rna,2608,MGRN1
rna,2609,ZNF629
rna,2610,TRADD
rna,2611,HSF4
rna,2612,CORO1A
rna,2613,MAPK3
rna,2614,GDPD3
rna,2615,ELMO3
rna,2616,MT4
rna,2617,PHKB
rna,2618,LYRM1
rna,2619,NUTF2
rna,2620,NUP93
rna,2621,CENPT
rna,2622,TSNAXIP1
rna,2623,NFAT5
rna,2624,LONP2
rna,2625,N4BP1
rna,2626,CBLN1
rna,2627,ARL2BP
rna,2628,PLLP
rna,2629,ZNF423
rna,2630,CCL22
rna,2631,DHODH
rna,2632,CCL17
rna,2633,CTCF
rna,2634,ACD
rna,2635,POLR2C
rna,2636,PARD6A
rna,2637,ZNF821
rna,2638,MMP15
rna,2639,USB1
rna,2640,CYB5B
rna,2641,CCDC113
rna,2642,PRSS54
rna,2643,NME3
rna,2644,NDRG4
rna,2645,PSMD7
rna,2646,SETD6
rna,2647,SLC38A7
rna,2648,VAC14
rna,2649,HAS3
rna,2650,TANGO6
rna,2651,COG4
rna,2652,SMPD3
rna,2653,SLC7A6OS
rna,2654,SLC7A6
rna,2655,PLA2G15
rna,2656,ESRP2
rna,2657,FA2H
rna,2658,WDR59
rna,2659,MON1B
rna,2660,CMC2
rna,2661,AXIN1
rna,2662,HCFC1R1
rna,2663,NPRL3
rna,2664,MPG
rna,2665,NECAB2
rna,2666,HSDL1
rna,2667,TAF1C
rna,2668,NAGPA
rna,2669,WFDC1
rna,2670,SEC14L5
rna,2671,COTL1
rna,2672,USP10
rna,2673,CRISPLD2
rna,2674,TSC2
rna,2675,ZNF500
rna,2676,NME4
rna,2677,ABCC1
rna,2678,LMF1
rna,2679,FOXF1
rna,2680,CIAO3
rna,2681,MTHFSD
rna,2682,CLCN7
rna,2683,SLC7A5
rna,2684,NUBP1
rna,2685,UBE2I
rna,2686,ZP2
rna,2687,MEFV
rna,2688,CRYM
rna,2689,EEF2K
rna,2690,SOLH
rna,2691,PIEZO1
rna,2692,GSPT1
rna,2693,CLUAP1
rna,2694,UBFD1
rna,2695,PRSS33
rna,2696,EARS2
rna,2697,TCEB2
rna,2698,GGA2
rna,2699,AQP8
rna,2700,CPPED1
rna,2701,USP31
rna,2702,HMOX2
rna,2703,DNAJA3
rna,2704,BFAR
rna,2705,SALL1
rna,2706,TOX3
rna,2707,RBL2
rna,2708,QPRT
rna,2709,XYLT1
rna,2710,PYCARD
rna,2711,RPGRIP1L
rna,2712,MAZ
rna,2713,STX4
rna,2714,CDIPT
rna,2715,BCKDK
rna,2716,KAT8
rna,2717,IL21R
rna,2718,SYT17
rna,2719,TMC5
rna,2720,CCP110
rna,2721,C16orf62
rna,2722,SLC6A2
rna,2723,RNF40
rna,2724,C16orf88
rna,2725,AQP9
rna,2726,AAGAB
rna,2727,IQCH
rna,2728,LACTB
rna,2729,CORO2B
rna,2730,CSK
rna,2731,HERC1
rna,2732,TRIP4
rna,2733,MTFMT
rna,2734,RASL12
rna,2735,AP3B2
rna,2736,ACSBG1
rna,2737,IGDCC4
rna,2738,RAB11A
rna,2739,CTSH
rna,2740,TTC23
rna,2741,CD276
rna,2742,FAH
rna,2743,KIAA1199
rna,2744,RPAP1
rna,2745,HOMER2
rna,2746,EHD4
rna,2747,TMEM87A
rna,2748,ZNF106
rna,2749,CEP152
rna,2750,ATP8B4
rna,2751,OCA2
rna,2752,TGM5
rna,2753,FAM189A1
rna,2754,GABPB1
rna,2755,TJP1
rna,2756,BMF
rna,2757,DMXL2
rna,2758,SCG3
rna,2759,DNAJC17
rna,2760,EIF3J
rna,2761,SPG11
rna,2762,RHOV
rna,2763,VPS18
rna,2764,OIP5
rna,2765,SLC30A4
rna,2766,MYEF2
rna,2767,SGK3
rna,2768,PDGFRL
rna,2769,CSPP1
rna,2770,ZDHHC2
rna,2771,BRF2
rna,2772,TRIM35
rna,2773,ZFAND1
rna,2774,RP1
rna,2775,CA2
rna,2776,FZD3
rna,2777,INTS9
rna,2778,RIPK2
rna,2779,EYA1
rna,2780,NBN
rna,2781,TRPA1
rna,2782,CPQ
rna,2783,DECR1
rna,2784,CALB1
rna,2785,IMPAD1
rna,2786,SFRP1
rna,2787,LAPTM4B
rna,2788,POP1
rna,2789,NIPAL2
rna,2790,IKBKB
rna,2791,PLAT
rna,2792,JPH1
rna,2793,DKK4
rna,2794,STK3
rna,2795,GDAP1
rna,2796,RAB2A
rna,2797,EIF3E
rna,2798,EMC2
rna,2799,ESRP1
rna,2800,CCN4
rna,2801,NDRG1
rna,2802,ZC2HC1A
rna,2803,IL7
rna,2804,STMN2
rna,2805,ARMC1
rna,2806,TRPS1
rna,2807,SPAG1
rna,2808,CHRAC1
rna,2809,NCALD
rna,2810,SNX16
rna,2811,GML
rna,2812,UBR5
rna,2813,GSDMD
rna,2814,GFUS
rna,2815,PYCRL
rna,2816,EEF1D
rna,2817,ANXA13
rna,2818,SQLE
rna,2819,SH2D4A
rna,2820,INTS10
rna,2821,ERI1
rna,2822,SLC39A14
rna,2823,MTMR9
rna,2824,LEPROTL1
rna,2825,DCTN6
rna,2826,R3HCC1
rna,2827,GSR
rna,2828,TNFRSF10A
rna,2829,UBXN8
rna,2830,PPP2CB
rna,2831,ERICH1
rna,2832,NEFM
rna,2833,TUSC3
rna,2834,NEFL
rna,2835,ARHGEF10
rna,2836,KLHDC4
rna,2837,MCM4
rna,2838,ADAM2
rna,2839,FGL1
rna,2840,ASAH1
rna,2841,BNIP3L
rna,2842,MAN2B1
rna,2843,KCNN4
rna,2844,TULP2
rna,2845,NUCB1
rna,2846,DHDH
rna,2847,GYS1
rna,2848,MAP4K1
rna,2849,ECH1
rna,2850,NFKBIB
rna,2851,LHB
rna,2852,TUBB4A
rna,2853,SARS2
rna,2854,KCNA7
rna,2855,SNRNP70
rna,2856,CLPTM1
rna,2857,RELB
rna,2858,CLASRP
rna,2859,LIN7B
rna,2860,FCGRT
rna,2861,PIH1D1
rna,2862,CKM
rna,2863,ARHGEF18
rna,2864,PPP1R13L
rna,2865,PEX11G
rna,2866,ERCC2
rna,2867,DOT1L
rna,2868,PLEKHJ1
rna,2869,SLC17A7
rna,2870,RNASEH2A
rna,2871,KLC3
rna,2872,CD37
rna,2873,SF3A2
rna,2874,AMH
rna,2875,DKKL1
rna,2876,LYL1
rna,2877,OAZ1
rna,2878,TRMT1
rna,2879,STX10
rna,2880,RETN
rna,2881,FCER2
rna,2882,DMPK
rna,2883,CLEC4M
rna,2884,RSPH6A
rna,2885,TBC1D17
rna,2886,IL4I1
rna,2887,TLE6
rna,2888,CCDC130
rna,2889,PTOV1
rna,2890,AES
rna,2891,NOVA2
rna,2892,SGTA
rna,2893,KIR3DX1
rna,2894,LILRB1
rna,2895,MED25
rna,2896,SNAPC2
rna,2897,C19orf53
rna,2898,TIMM44
rna,2899,CCDC61
rna,2900,IL27RA
rna,2901,ASF1B
rna,2902,TNNT1
rna,2903,VRK3
rna,2904,FAM32A
rna,2905,PPP6R1
rna,2906,C19orf44
rna,2907,OLFM2
rna,2908,RASAL3
rna,2909,AKAP8
rna,2910,EPHX3
rna,2911,ILVBL
rna,2912,ZNF419
rna,2913,SYDE1
rna,2914,CASP14
rna,2915,SLC1A6
rna,2916,AURKC
rna,2917,POP4
rna,2918,CCNE1
rna,2919,URI1
rna,2920,PDCD5
rna,2921,ANKRD27
rna,2922,RPS16
rna,2923,TIMM50
rna,2924,LGALS13
rna,2925,FBL
rna,2926,DYRK1B
rna,2927,CLC
rna,2928,CNTD2
rna,2929,GPI
rna,2930,AKT2
rna,2931,PLD3
rna,2932,PRX
rna,2933,PIAS4
rna,2934,NUMBL
rna,2935,EBI3
rna,2936,CCDC94
rna,2937,SHD
rna,2938,TBCB
rna,2939,FSD1
rna,2940,POLR2I
rna,2941,CLIP3
rna,2942,ZFR2
rna,2943,SLC1A5
rna,2944,PRKD2
rna,2945,TJP3
rna,2946,APLP1
rna,2947,CACTIN
rna,2948,CCDC9
rna,2949,HNRNPUL1
rna,2950,FZR1
rna,2951,BBC3
rna,2952,TGFB1
rna,2953,DENND3
rna,2954,ATP5SL
rna,2955,CEACAM4
rna,2956,PLIN3
rna,2957,MYH14
rna,2958,MRPL4
rna,2959,SIGLEC8
rna,2960,CD79A
rna,2961,LIM2
rna,2962,ICAM4
rna,2963,RPS19
rna,2964,GLTSCR2
rna,2965,NKG7
rna,2966,ICAM5
rna,2967,ETFB
rna,2968,CD33
rna,2969,CEACAM5
rna,2970,CRX
rna,2971,BABAM1
rna,2972,TYK2
rna,2973,SULT2A1
rna,2974,CDC37
rna,2975,NAPA
rna,2976,RABAC1
rna,2977,ATP1A3
rna,2978,MEIS3
rna,2979,PTPRS
rna,2980,CNFN
rna,2981,ZNRF4
rna,2982,MEGF8
rna,2983,KDELR1
rna,2984,CYTH2
rna,2985,GRWD1
rna,2986,GRIN2D
rna,2987,SYNGR4
rna,2988,CLEC11A
rna,2989,CCDC114
rna,2990,CARD8
rna,2991,LIG1
rna,2992,SIGLEC6
rna,2993,ZNF175
rna,2994,PLA2G4C
rna,2995,SIGLEC5
rna,2996,CABP5
rna,2997,HAS1
rna,2998,RAB3D
rna,2999,DBP
rna,3000,TMEM205
rna,3001,CAPS
rna,3002,FAM83E
rna,3003,RASIP1
rna,3004,THEG
rna,3005,FGF21
rna,3006,BCAT2
rna,3007,MIER2
rna,3008,PLEKHA4
rna,3009,PPP2R1A
rna,3010,TNPO2
rna,3011,WDR83OS
rna,3012,CACNG7
rna,3013,GCDH
rna,3014,LILRB5
rna,3015,KLF1
rna,3016,DNASE2
rna,3017,MAST1
rna,3018,LENG1
rna,3019,PRPF31
rna,3020,TFPT
rna,3021,JAK3
rna,3022,RPL18A
rna,3023,SLC5A5
rna,3024,ARRDC2
rna,3025,PIK3R2
rna,3026,RAB3A
rna,3027,PDE4C
rna,3028,ISYNA1
rna,3029,ELL
rna,3030,CRTC1
rna,3031,COMP
rna,3032,UPK1A
rna,3033,COPE
rna,3034,DDX49
rna,3035,ETV2
rna,3036,ATP4A
rna,3037,ARMC6
rna,3038,TMEM147
rna,3039,GAPDHS
rna,3040,MAG
rna,3041,TMEM59L
rna,3042,HAMP
rna,3043,USF2
rna,3044,LSR
rna,3045,KXD1
rna,3046,FKBP8
rna,3047,SUGP1
rna,3048,HPN
rna,3049,ZNF14
rna,3050,SCN1B
rna,3051,PBX4
rna,3052,ERF
rna,3053,GSK3A
rna,3054,ATP13A1
rna,3055,ZNF574
rna,3056,GRIK5
rna,3057,SIPA1L3
rna,3058,ZNF85
rna,3059,ETHE1
rna,3060,CADM4
rna,3061,SMG9
rna,3062,AVL9
rna,3063,RUNDC3B
rna,3064,C7orf63
rna,3065,GTPBP10
rna,3066,CDK6
rna,3067,PMPCB
rna,3068,DNAJC2
rna,3069,TFPI2
rna,3070,BET1
rna,3071,NAMPT
rna,3072,TWISTNB
rna,3073,PIK3CG
rna,3074,PON2
rna,3075,ITGB8
rna,3076,HBP1
rna,3077,DUS4L
rna,3078,SP4
rna,3079,WDR91
rna,3080,DNAH11
rna,3081,CBLL1
rna,3082,DLX5
rna,3083,MTPN
rna,3084,STEAP1B
rna,3085,PTN
rna,3086,MPP6
rna,3087,DFNA5
rna,3088,ATP6V0A4
rna,3089,ZC3HAV1
rna,3090,TTC26
rna,3091,OGDH
rna,3092,NPVF
rna,3093,ADAP1
rna,3094,TFEC
rna,3095,H2AZ2
rna,3096,CAV2
rna,3097,CAV1
rna,3098,MET
rna,3099,RNF32
rna,3100,LMBR1
rna,3101,WNT2
rna,3102,HOXA1
rna,3103,DNAJB6
rna,3104,HOXA2
rna,3105,HOXA3
rna,3106,LFNG
rna,3107,BRAT1
rna,3108,IQCE
rna,3109,ANKRD7
rna,3110,VIPR2
rna,3111,TSPAN12
rna,3112,SSBP1
rna,3113,HOXA13
rna,3114,CPED1
rna,3115,EVX1
rna,3116,HIBADH
rna,3117,TAX1BP1
rna,3118,CPVL
rna,3119,CHN2
rna,3120,GRB10
rna,3121,ABHD11
rna,3122,COBL
rna,3123,FKBP14
rna,3124,PLEKHA8
rna,3125,STX1A
rna,3126,NOD1
rna,3127,GARS
rna,3128,CRHR2
rna,3129,EPHB6
rna,3130,GHRHR
rna,3131,NSUN5P2
rna,3132,CASP2
rna,3133,CHCHD2
rna,3134,CCL24
rna,3135,NPTX2
rna,3136,PDAP1
rna,3137,BUD31
rna,3138,PTCD1
rna,3139,CYP3A5
rna,3140,ZKSCAN1
rna,3141,EIF3B
rna,3142,SNX8
rna,3143,NUDT1
rna,3144,PTPRZ1
rna,3145,TAF6
rna,3146,WASL
rna,3147,HYAL4
rna,3148,SPAM1
rna,3149,AIMP2
rna,3150,TFR2
rna,3151,FSCN3
rna,3152,MOSPD3
rna,3153,PAX4
rna,3154,PCOLCE
rna,3155,FBXO24
rna,3156,PPP1R17
rna,3157,RBM28
rna,3158,USP42
rna,3159,IMPDH1
rna,3160,AGFG2
rna,3161,LSM5
rna,3162,SERPINE1
rna,3163,AP1S1
rna,3164,MOGAT3
rna,3165,C1GALT1
rna,3166,PLOD3
rna,3167,RPA3
rna,3168,ZNHIT1
rna,3169,CLDN15
rna,3170,NOBOX
rna,3171,GLCCI1
rna,3172,MYL10
rna,3173,PHF14
rna,3174,NRF1
rna,3175,TMEM106B
rna,3176,EZH2
rna,3177,CEP41
rna,3178,ZNF862
rna,3179,SFRP4
rna,3180,MEST
rna,3181,MEOX2
rna,3182,ANKMY2
rna,3183,ACTR3C
rna,3184,POU6F2
rna,3185,TSPAN13
rna,3186,RARRES2
rna,3187,AGR2
rna,3188,AHR
rna,3189,CHCHD3
rna,3190,GIMAP2
rna,3191,TMEM176B
rna,3192,GLI3
rna,3193,MRPL32
rna,3194,COA1
rna,3195,BLVRA
rna,3196,URGCP
rna,3197,TMEM248
rna,3198,STAG3L4
rna,3199,RHEB
rna,3200,PRKAG2
rna,3201,AEBP1
rna,3202,POLD2
rna,3203,MYL7
rna,3204,GCK
rna,3205,BCL7B
rna,3206,YKT6
rna,3207,TBL2
rna,3208,GALNTL5
rna,3209,CLIP2
rna,3210,EIF4H
rna,3211,LIMK1
rna,3212,SPATA6L
rna,3213,SLC1A1
rna,3214,LHX2
rna,3215,FKTN
rna,3216,FSD1L
rna,3217,SPIN1
rna,3218,NMRK1
rna,3219,TMEM245
rna,3220,PRUNE2
rna,3221,MEGF9
rna,3222,TRIM14
rna,3223,CORO2A
rna,3224,TGFBR1
rna,3225,SEC61B
rna,3226,C5
rna,3227,OGN
rna,3228,ASPN
rna,3229,ECM2
rna,3230,TLE4
rna,3231,LHX6
rna,3232,PTGR1
rna,3233,SUSD1
rna,3234,AMBP
rna,3235,AKNA
rna,3236,TNFSF8
rna,3237,DNM1
rna,3238,ENG
rna,3239,AK1
rna,3240,CDC37L1
rna,3241,RLN2
rna,3242,RLN1
rna,3243,PLGRKT
rna,3244,TBC1D13
rna,3245,KIAA1432
rna,3246,KDM4C
rna,3247,DOCK8
rna,3248,KANK1
rna,3249,ELAVL2
rna,3250,NCS1
rna,3251,TESK1
rna,3252,KCNT1
rna,3253,CA9
rna,3254,FUBP3
rna,3255,TYRP1
rna,3256,CREB3
rna,3257,RGP1
rna,3258,MPDZ
rna,3259,LHX3
rna,3260,DDX58
rna,3261,EDF1
rna,3262,PIP5K1B
rna,3263,GLIS3
rna,3264,BAG1
rna,3265,RAPGEF1
rna,3266,NPDC1
rna,3267,APBA1
rna,3268,SETX
rna,3269,SH3GL2
rna,3270,PTGDS
rna,3271,ABCA2
rna,3272,UBE2R2
rna,3273,FAM108B1
rna,3274,ZFAND5
rna,3275,DVL1
rna,3276,PDLIM1
rna,3277,CCNJ
rna,3278,DNTT
rna,3279,GATA3
rna,3280,ATRNL1
rna,3281,HPS1
rna,3282,PHYH
rna,3283,RASSF4
rna,3284,DNMBP
rna,3285,RAB11FIP2
rna,3286,CXCL12
rna,3287,ERLIN1
rna,3288,EIF3A
rna,3289,PKD2L1
rna,3290,CUBN
rna,3291,TRDMT1
rna,3292,RBP3
rna,3293,GDF10
rna,3294,DDX50
rna,3295,MAPK8
rna,3296,SEC23IP
rna,3297,ATE1
rna,3298,NSMCE4A
rna,3299,PLEKHA1
rna,3300,PALD1
rna,3301,UNC5B
rna,3302,CDH23
rna,3303,C10orf54
rna,3304,SPOCK2
rna,3305,MICU1
rna,3306,PPP3CB
rna,3307,CCSER2
rna,3308,BMPR1A
rna,3309,MINPP1
rna,3310,ACTA2
rna,3311,LIPA
rna,3312,TLX1
rna,3313,C10orf2
rna,3314,LZTS2
rna,3315,SFXN3
rna,3316,KAZALD1
rna,3317,FBXW4
rna,3318,FGF8
rna,3319,NPM3
rna,3320,TNKS2
rna,3321,PITX3
rna,3322,GBF1
rna,3323,ARHGAP21
rna,3324,CPEB3
rna,3325,FBXL15
rna,3326,CUEDC2
rna,3327,SUFU
rna,3328,ANKRD26
rna,3329,ACBD5
rna,3330,LHPP
rna,3331,LARP4B
rna,3332,GTPBP4
rna,3333,C10orf137
rna,3334,BCCIP
rna,3335,MTPAP
rna,3336,NEURL
rna,3337,SH3PXD2A
rna,3338,PITRM1
rna,3339,OBFC1
rna,3340,MAP3K8
rna,3341,DKK1
rna,3342,EBF3
rna,3343,SORCS1
rna,3344,FAM208B
rna,3345,XPNPEP1
rna,3346,SMC3
rna,3347,SHOC2
rna,3348,TFAM
rna,3349,CCDC6
rna,3350,CUL2
rna,3351,CCNY
rna,3352,RPL28
rna,3353,ZMIZ1
rna,3354,DNAJC12
rna,3355,PPIF
rna,3356,PBLD
rna,3357,TSPAN14
rna,3358,LGI1
rna,3359,TBC1D12
rna,3360,KRT23
rna,3361,CRYBA1
rna,3362,NUFIP2
rna,3363,GIT1
rna,3364,TADA2A
rna,3365,AATF
rna,3366,DHRS11
rna,3367,ZNHIT3
rna,3368,MLLT6
rna,3369,PSMB3
rna,3370,CWC25
rna,3371,RPL19
rna,3372,FBXL20
rna,3373,RUNDC3A
rna,3374,UBTF
rna,3375,CSF3
rna,3376,PSMD3
rna,3377,CASC3
rna,3378,RAPGEFL1
rna,3379,RGS9
rna,3380,RNF43
rna,3381,WNT3
rna,3382,ASPA
rna,3383,RAD51C
rna,3384,SEPT4
rna,3385,MTMR4
rna,3386,TRIM37
rna,3387,P2RX1
rna,3388,DHX40
rna,3389,KRT37
rna,3390,TUBD1
rna,3391,KPNB1
rna,3392,RPS6KB1
rna,3393,CDK5RAP3
rna,3394,CBX1
rna,3395,RECQL5
rna,3396,PIGL
rna,3397,GALK1
rna,3398,INTS2
rna,3399,CAMTA2
rna,3400,MED13
rna,3401,ENO3
rna,3402,PFN1
rna,3403,RNF167
rna,3404,SLC25A11
rna,3405,RASD1
rna,3406,CHRNE
rna,3407,RAI1
rna,3408,NUP88
rna,3409,C1QBP
rna,3410,SLC6A4
rna,3411,BLMH
rna,3412,CPD
rna,3413,GOSR1
rna,3414,CCDC47
rna,3415,MED31
rna,3416,DRG2
rna,3417,FTSJ3
rna,3418,AKAP10
rna,3419,ALDH3A1
rna,3420,SMARCD2
rna,3421,ICAM2
rna,3422,SYNGR2
rna,3423,B9D1
rna,3424,UTP6
rna,3425,DDX5
rna,3426,C17orf75
rna,3427,CYTH1
rna,3428,PSMD11
rna,3429,LGALS3BP
rna,3430,ASIC2
rna,3431,CCL7
rna,3432,CCL2
rna,3433,CCL8
rna,3434,CCL1
rna,3435,PEX12
rna,3436,HNF1B
rna,3437,KRT32
rna,3438,DHX58
rna,3439,KAT2A
rna,3440,RAB5C
rna,3441,NAGLU
rna,3442,HSD17B1
rna,3443,MLX
rna,3444,CNTNAP1
rna,3445,ABI3
rna,3446,EZH1
rna,3447,DLX4
rna,3448,PPP1R9B
rna,3449,COL1A1
rna,3450,SGCA
rna,3451,PTGES3L-AARSD1
rna,3452,MRPL27
rna,3453,VAT1
rna,3454,LRRC59
rna,3455,RND2
rna,3456,ALOX12
rna,3457,HDAC5
rna,3458,ABCC3
rna,3459,LUC7L3
rna,3460,PPY
rna,3461,MPP2
rna,3462,SMURF2
rna,3463,DUSP3
rna,3464,CACNG1
rna,3465,EFTUD2
rna,3466,HLF
rna,3467,SLC16A6
rna,3468,PRKAR1A
rna,3469,EFNB3
rna,3470,FAM20A
rna,3471,YWHAE
rna,3472,MMD
rna,3473,RANGRF
rna,3474,MAP2K6
rna,3475,DHRS7B
rna,3476,WSB1
rna,3477,RCVRN
rna,3478,SLC9A3R1
rna,3479,MYH3
rna,3480,NAT9
rna,3481,TMEM104
rna,3482,TNFAIP1
rna,3483,IFT20
rna,3484,TMEM97
rna,3485,CDR2L
rna,3486,PMP22
rna,3487,FOXN1
rna,3488,SUPT6H
rna,3489,RAB34
rna,3490,PHF12
rna,3491,PHOX2B
rna,3492,TMEM33
rna,3493,GABRA4
rna,3494,GNRHR
rna,3495,SLAIN2
rna,3496,OCIAD1
rna,3497,UGT2B10
rna,3498,CWH43
rna,3499,DCUN1D4
rna,3500,USP46
rna,3501,SULT1E1
rna,3502,ODAM
rna,3503,SMR3A
rna,3504,CHIC2
rna,3505,NMU
rna,3506,KIAA1211
rna,3507,LAMTOR3
rna,3508,PF4V1
rna,3509,NFKB1
rna,3510,MANBA
rna,3511,UBE2D3
rna,3512,MAPK10
rna,3513,ELF2
rna,3514,NDUFC1
rna,3515,UCP1
rna,3516,TBC1D9
rna,3517,ZNF330
rna,3518,INPP4B
rna,3519,GAB1
rna,3520,KLHL2
rna,3521,IL2
rna,3522,CPE
rna,3523,RPL34
rna,3524,WFS1
rna,3525,ANXA10
rna,3526,GRPEL1
rna,3527,GAR1
rna,3528,FRG1
rna,3529,CLCN3
rna,3530,AADAT
rna,3531,GALNT7
rna,3532,DHX15
rna,3533,SOD3
rna,3534,SEPSECS
rna,3535,TRIM2
rna,3536,SLC2A9
rna,3537,FBXW7
rna,3538,NEIL3
rna,3539,TBC1D19
rna,3540,CLNK
rna,3541,WHSC1
rna,3542,SH3D19
rna,3543,STIM2
rna,3544,NKX3-2
rna,3545,MFSD10
rna,3546,GLRB
rna,3547,BST1
rna,3548,RAPGEF2
rna,3549,HGFAC
rna,3550,SNX25
rna,3551,LRP2BP
rna,3552,UFSP2
rna,3553,KLF3
rna,3554,KLHL5
rna,3555,FAM149A
rna,3556,NCAPG
rna,3557,UGDH
rna,3558,PPARGC1A
rna,3559,DDX25
rna,3560,CRYAB
rna,3561,DBX1
rna,3562,HTATIP2
rna,3563,CTSC
rna,3564,CCDC34
rna,3565,ZBTB16
rna,3566,ELP4
rna,3567,ZNF259
rna,3568,MTCH2
rna,3569,FNBP4
rna,3570,TECTA
rna,3571,SC5DL
rna,3572,CRTAM
rna,3573,C11orf63
rna,3574,B3GAT1
rna,3575,HSPA8
rna,3576,P2RX3
rna,3577,VWA5A
rna,3578,DNAJC4
rna,3579,SIAE
rna,3580,SNX15
rna,3581,LPXN
rna,3582,DTX4
rna,3583,ATG2A
rna,3584,EHD1
rna,3585,OSBP
rna,3586,UNC93B1
rna,3587,PUS3
rna,3588,DCPS
rna,3589,SUV420H1
rna,3590,FOXRED1
rna,3591,PPP6R3
rna,3592,NRXN2
rna,3593,MS4A6A
rna,3594,MS4A4A
rna,3595,ST3GAL4
rna,3596,CPT1A
rna,3597,CCND1
rna,3598,CCDC86
rna,3599,PRPF19
rna,3600,TMEM109
rna,3601,CCKBR
rna,3602,HPX
rna,3603,TRIM3
rna,3604,CHORDC1
rna,3605,FOLR1
rna,3606,ANAPC15
rna,3607,FOLR3
rna,3608,PANX1
rna,3609,ARHGEF17
rna,3610,APOA5
rna,3611,APOA4
rna,3612,APOC3
rna,3613,CEP164
rna,3614,RNF141
rna,3615,KIAA1377
rna,3616,EIF4G2
rna,3617,IL10RA
rna,3618,GALNT18
rna,3619,BIRC2
rna,3620,UBE4A
rna,3621,MMP12
rna,3622,DDX6
rna,3623,UPK2
rna,3624,CBL
rna,3625,PVRL1
rna,3626,HIPK3
rna,3627,KIAA1549L
rna,3628,FBXO3
rna,3629,PDHX
rna,3630,SLC1A2
rna,3631,COMMD9
rna,3632,SLC15A3
rna,3633,CD5
rna,3634,ACCS
rna,3635,SCGB2A2
rna,3636,MDK
rna,3637,AMBRA1
rna,3638,MADD
rna,3639,NAA40
rna,3640,CARS
rna,3641,SLC22A18
rna,3642,CD81
rna,3643,SLC35F2
rna,3644,C11orf21
rna,3645,ELMOD1
rna,3646,CALCA
rna,3647,SOX6
rna,3648,C11orf58
rna,3649,PITPNM1
rna,3650,AIP
rna,3651,NUP98
rna,3652,NDUFS8
rna,3653,TCIRG1
rna,3654,CHKA
rna,3655,EXPH5
rna,3656,HPS5
rna,3657,GTF2H1
rna,3658,POU2AF1
rna,3659,PTPN5
rna,3660,VWF
rna,3661,LEPREL2
rna,3662,PPFIBP1
rna,3663,PRPF40B
rna,3664,CD69
rna,3665,PRDM4
rna,3666,CLEC2B
rna,3667,COQ5
rna,3668,SELPLG
rna,3669,CORO1C
rna,3670,ASIC1
rna,3671,DAO
rna,3672,CAPRIN2
rna,3673,TSPAN11
rna,3674,KCTD10
rna,3675,SLC11A2
rna,3676,MLEC
rna,3677,MVK
rna,3678,CSRNP2
rna,3679,CAMKK2
rna,3680,BIN2
rna,3681,IL23A
rna,3682,ATP5B
rna,3683,PTGES3
rna,3684,SYT10
rna,3685,BCL7A
rna,3686,RSRC2
rna,3687,CYP27B1
rna,3688,MYF6
rna,3689,MYF5
rna,3690,LIN7A
rna,3691,ACSS3
rna,3692,TENC1
rna,3693,GLI1
rna,3694,METAP2
rna,3695,LTA4H
rna,3696,ELK3
rna,3697,SLC6A12
rna,3698,WNT5B
rna,3699,MAGOHB
rna,3700,TRPV4
rna,3701,ITFG2
rna,3702,FOXM1
rna,3703,PRR4
rna,3704,PRMT8
rna,3705,PARP11
rna,3706,GPN3
rna,3707,VPS29
rna,3708,FGF6
rna,3709,MYL2
rna,3710,RAD51AP1
rna,3711,CUX2
rna,3712,SH2B3
rna,3713,AKAP3
rna,3714,MANSC1
rna,3715,KCNA1
rna,3716,DUSP16
rna,3717,CREBL2
rna,3718,ACAD10
rna,3719,ALDH2
rna,3720,CDKN1B
rna,3721,GPRC5D
rna,3722,NAA25
rna,3723,GSG1
rna,3724,SCNN1A
rna,3725,LTBR
rna,3726,OAS3
rna,3727,OAS2
rna,3728,ART4
rna,3729,MGP
rna,3730,RASAL1
rna,3731,ARHGDIB
rna,3732,GTF2H3
rna,3733,EIF2B1
rna,3734,DDX55
rna,3735,SLC38A1
rna,3736,RERGL
rna,3737,ENDOU
rna,3738,C12orf49
rna,3739,VDR
rna,3740,FZD10
rna,3741,RFC5
rna,3742,STX2
rna,3743,GPR133
rna,3744,COPZ1
rna,3745,TBC1D30
rna,3746,CAND1
rna,3747,IL26
rna,3748,IFNG
rna,3749,MDM1
rna,3750,NUP107
rna,3751,CNOT2
rna,3752,TIMELESS
rna,3753,CPSF6
rna,3754,KRR1
rna,3755,MRPL51
rna,3756,GAPDH
rna,3757,NOP2
rna,3758,CHD4
rna,3759,ACRBP
rna,3760,BLTP3B
rna,3761,COPS7A
rna,3762,ING4
rna,3763,GNB3
rna,3764,CHPT1
rna,3765,USP5
rna,3766,TPI1
rna,3767,GNPTAB
rna,3768,SPSB2
rna,3769,ENO2
rna,3770,ATN1
rna,3771,C12orf57
rna,3772,PTPN6
rna,3773,LPCAT3
rna,3774,NT5DC3
rna,3775,APOBEC1
rna,3776,SUDS3
rna,3777,GOLT1B
rna,3778,GYS2
rna,3779,LDHB
rna,3780,PRKAB1
rna,3781,CMAS
rna,3782,HCFC2
rna,3783,C2CD5
rna,3784,AICDA
rna,3785,RAB35
rna,3786,RFX4
rna,3787,RIC8B
rna,3788,SRSF9
rna,3789,FGFR1OP2
rna,3790,KLRB1
rna,3791,COL12A1
rna,3792,BTN3A3
rna,3793,TDP2
rna,3794,FRK
rna,3795,DSE
rna,3796,RWDD1
rna,3797,RSPH4A
rna,3798,MAK
rna,3799,TMEM14C
rna,3800,PAK1IP1
rna,3801,GCNT2
rna,3802,SMIM8
rna,3803,NEDD9
rna,3804,CEP85L
rna,3805,ADTRP
rna,3806,ASF1A
rna,3807,MCM9
rna,3808,FAM184A
rna,3809,RNGTT
rna,3810,MAN1A1
rna,3811,GABRR2
rna,3812,SERINC1
rna,3813,HDDC2
rna,3814,TPD52L1
rna,3815,FAM65B
rna,3816,SASH1
rna,3817,UST
rna,3818,ULBP1
rna,3819,FBXO5
rna,3820,PPARD
rna,3821,OPRM1
rna,3822,FANCE
rna,3823,TULP1
rna,3824,SLC26A8
rna,3825,MAPK14
rna,3826,RHAG
rna,3827,KCTD20
rna,3828,STK38
rna,3829,SOD2
rna,3830,MRPL18
rna,3831,IL17A
rna,3832,IL17F
rna,3833,MCM3
rna,3834,RNF8
rna,3835,PHACTR1
rna,3836,MDGA1
rna,3837,ICK
rna,3838,FBXO9
rna,3839,CD83
rna,3840,MDN1
rna,3841,GLP1R
rna,3842,SAYSD1
rna,3843,BMP5
rna,3844,BACH2
rna,3845,RBM24
rna,3846,CAP2
rna,3847,TREML2
rna,3848,ZNF451
rna,3849,BAG2
rna,3850,RAB23
rna,3851,TSPO2
rna,3852,FHL5
rna,3853,GPR63
rna,3854,KHDRBS2
rna,3855,FBXL4
rna,3856,CCNC
rna,3857,PRDM13
rna,3858,E2F3
rna,3859,PTP4A1
rna,3860,SIM1
rna,3861,ASCC3
rna,3862,HDGFL1
rna,3863,BVES
rna,3864,COL9A1
rna,3865,MED23
rna,3866,WASF1
rna,3867,GPLD1
rna,3868,ALDH5A1
rna,3869,AIM1
rna,3870,VNN1
rna,3871,VNN2
rna,3872,ACOT13
rna,3873,SMAP1
rna,3874,RPS12
rna,3875,C6orf62
rna,3876,B3GAT2
rna,3877,GMNN
rna,3878,EYA4
rna,3879,SOBP
rna,3880,NR2E1
rna,3881,SNX3
rna,3882,SLC17A2
rna,3883,HBS1L
rna,3884,TRIM38
rna,3885,PEX7
rna,3886,ZBTB24
rna,3887,FIG4
rna,3888,PERP
rna,3889,KIAA1244
rna,3890,SLC16A10
rna,3891,HECA
rna,3892,GPR126
rna,3893,PHACTR2
rna,3894,EPM2A
rna,3895,SLC39A7
rna,3896,CCR6
rna,3897,SLC22A2
rna,3898,PHF1
rna,3899,CUTA
rna,3900,PACRG
rna,3901,QKI
rna,3902,C6orf118
rna,3903,PDE10A
rna,3904,MDFI
rna,3905,TFEB
rna,3906,SMOC2
rna,3907,CCND3
rna,3908,BYSL
rna,3909,FAM120B
rna,3910,TBP
rna,3911,PRPH2
rna,3912,GLTSCR1L
rna,3913,PPP2R5D
rna,3914,MRPL2
rna,3915,PTK7
rna,3916,SRF
rna,3917,CUL9
rna,3918,NUDT3
rna,3919,DNPH1
rna,3920,DUSP22
rna,3921,EXOC2
rna,3922,COX7A2
rna,3923,TMEM30A
rna,3924,GMDS
rna,3925,SENP6
rna,3926,IMPG1
rna,3927,VEGFA
rna,3928,PRPF4B
rna,3929,TTK
rna,3930,SLC29A1
rna,3931,WISP3
rna,3932,BTN2A1
rna,3933,LAMA4
rna,3934,FAM46A
rna,3935,CLIC5
rna,3936,FBRSL1
rna,3937,ENPP5
rna,3938,LY86
rna,3939,PRSS16
rna,3940,MEP1A
rna,3941,TBX18
rna,3942,ERBB2IP
rna,3943,PCDHB2
rna,3944,HARS2
rna,3945,NUDT12
rna,3946,CEP72
rna,3947,MAN2A1
rna,3948,SEMA5A
rna,3949,C7
rna,3950,TENT4A
rna,3951,GHR
rna,3952,HMGCS1
rna,3953,DAP
rna,3954,NME5
rna,3955,BRD8
rna,3956,KIF20A
rna,3957,NNT
rna,3958,MRPS30
rna,3959,HSPA9
rna,3960,MRPS27
rna,3961,HBEGF
rna,3962,SLC4A9
rna,3963,LOX
rna,3964,GZMK
rna,3965,CDH9
rna,3966,APBB3
rna,3967,TMCO6
rna,3968,SPARC
rna,3969,IK
rna,3970,HMGCR
rna,3971,COL4A3BP
rna,3972,FAF2
rna,3973,HAND1
rna,3974,PCDHB3
rna,3975,PCDHB5
rna,3976,PCDHB6
rna,3977,PCDHB7
rna,3978,PDE8B
rna,3979,CLK4
rna,3980,PCDHB15
rna,3981,HAVCR1
rna,3982,GRM6
rna,3983,ITK
rna,3984,RNF130
rna,3985,THG1L
rna,3986,ARSB
rna,3987,CLINT1
rna,3988,THBS4
rna,3989,CNOT6
rna,3990,IL12B
rna,3991,BTNL8
rna,3992,TTC1
rna,3993,MSH3
rna,3994,RASGRF2
rna,3995,GABRG2
rna,3996,CCNG1
rna,3997,POLR3G
rna,3998,DROSHA
rna,3999,CDH6
rna,4000,LMNB1
rna,4001,ARRDC3
rna,4002,GOLPH3
rna,4003,SUB1
rna,4004,NPR3
rna,4005,FAM172A
rna,4006,SLC27A6
rna,4007,TARS
rna,4008,IRX4
rna,4009,LNPEP
rna,4010,PDE4D
rna,4011,RAD1
rna,4012,BRIX1
rna,4013,AGXT2
rna,4014,PRLR
rna,4015,SLC12A7
rna,4016,IL4
rna,4017,RAD50
rna,4018,IL5
rna,4019,ST8SIA4
rna,4020,GNPDA1
rna,4021,PCDH12
rna,4022,SKP1
rna,4023,NUP155
rna,4024,FGF1
rna,4025,NR3C1
rna,4026,C5orf15
rna,4027,PPWD1
rna,4028,LIFR
rna,4029,TRIM23
rna,4030,TRAPPC13
rna,4031,C9
rna,4032,SEC24A
rna,4033,TXNDC15
rna,4034,TTC33
rna,4035,RARS
rna,4036,WWC1
rna,4037,H2AFY
rna,4038,TCERG1
rna,4039,DPYSL3
rna,4040,SMAD5
rna,4041,CSNK1A1
rna,4042,HMGXB3
rna,4043,ERGIC1
rna,4044,PDGFRB
rna,4045,CDX1
rna,4046,ATP6V0E1
rna,4047,BNIP1
rna,4048,STC2
rna,4049,CPEB4
rna,4050,HRH2
rna,4051,DBN1
rna,4052,ZNF346
rna,4053,UNC5A
rna,4054,EHHADH
rna,4055,CNTN3
rna,4056,SMC4
rna,4057,ACTR8
rna,4058,TBCCD1
rna,4059,TIMMDC1
rna,4060,CRBN
rna,4061,KNG1
rna,4062,HRG
rna,4063,BCL6
rna,4064,HGD
rna,4065,CLDN16
rna,4066,ARL6
rna,4067,NPHP3
rna,4068,CD86
rna,4069,AMOTL2
rna,4070,NIT2
rna,4071,FAM162A
rna,4072,OGG1
rna,4073,KPNA1
rna,4074,PCCB
rna,4075,UBE3A
rna,4076,ARMC8
rna,4077,CEP70
rna,4078,RBP2
rna,4079,RBP1
rna,4080,SLC25A36
rna,4081,GRK7
rna,4082,RNF7
rna,4083,TFDP2
rna,4084,XRN1
rna,4085,KAT2B
rna,4086,BCHE
rna,4087,SERPINI2
rna,4088,PDCD10
rna,4089,LRRC31
rna,4090,WNT5A
rna,4091,PFKFB4
rna,4092,COL7A1
rna,4093,FGF12
rna,4094,PRKAR2A
rna,4095,HES1
rna,4096,USP4
rna,4097,ACAP2
rna,4098,ECT2
rna,4099,GNAT1
rna,4100,GNAI2
rna,4101,TFG
rna,4102,USP9Y
rna,4103,HYAL1
rna,4104,TUSC2
rna,4105,NPRL2
rna,4106,RPL24
rna,4107,CYB561D2
rna,4108,C3orf14
rna,4109,FXR1
rna,4110,CBLB
rna,4111,BBX
rna,4112,IFT57
rna,4113,GNB4
rna,4114,HHLA2
rna,4115,IQCG
rna,4116,GBE1
rna,4117,MORC1
rna,4118,UMPS
rna,4119,NCBP2
rna,4120,SNX4
rna,4121,C3orf52
rna,4122,FRMD4B
rna,4123,SLC41A3
rna,4124,PLXNA1
rna,4125,ATP6V1A
rna,4126,ABTB1
rna,4127,PODXL2
rna,4128,UPK1B
rna,4129,CSPG5
rna,4130,KLHL18
rna,4131,SCAP
rna,4132,EFCC1
rna,4133,KIAA1257
rna,4134,NEK11
rna,4135,MRPL3
rna,4136,PLSCR4
rna,4137,HEMK1
rna,4138,CISH
rna,4139,MAPKAPK3
rna,4140,ACVR2B
rna,4141,WDR48
rna,4142,COMMD2
rna,4143,GORASP1
rna,4144,PEX5L
rna,4145,RRP9
rna,4146,ABCC5
rna,4147,AADAC
rna,4148,EIF1B
rna,4149,ARHGEF26
rna,4150,KLHL24
rna,4151,PLCH1
rna,4152,VIPR1
rna,4153,DNAH1
rna,4154,SSR3
rna,4155,ZBTB47
rna,4156,TNNC1
rna,4157,NKTR
rna,4158,CLCN2
rna,4159,FOXP1
rna,4160,SPCS1
rna,4161,NEK4
rna,4162,SLC4A3
rna,4163,INO80D
rna,4164,ADAM23
rna,4165,DGUOK
rna,4166,MOB1A
rna,4167,KANSL3
rna,4168,LMAN2L
rna,4169,RTKN
rna,4170,TTL
rna,4171,IL1A
rna,4172,CCL20
rna,4173,PIKFYVE
rna,4174,KCNIP3
rna,4175,FAHD2A
rna,4176,NCL
rna,4177,ACTR1B
rna,4178,SLC35F5
rna,4179,ZAP70
rna,4180,ACTR3
rna,4181,STEAP3
rna,4182,EPB41L5
rna,4183,TFCP2L1
rna,4184,TP53I3
rna,4185,DNAJC27
rna,4186,POMC
rna,4187,STAM2
rna,4188,OTOF
rna,4189,GPD2
rna,4190,CENPA
rna,4191,CYTIP
rna,4192,ACVR1
rna,4193,TANC1
rna,4194,SLC30A3
rna,4195,MPV17
rna,4196,GTF3C2
rna,4197,EIF2B4
rna,4198,NRBP1
rna,4199,ITGB6
rna,4200,FNDC4
rna,4201,ITGA4
rna,4202,PSMD14
rna,4203,SNX17
rna,4204,GPR75-ASB3
rna,4205,PPM1G
rna,4206,PDE1A
rna,4207,REEP6
rna,4208,PCSK4
rna,4209,GCG
rna,4210,APC2
rna,4211,IFIH1
rna,4212,GCA
rna,4213,INO80B
rna,4214,MOGS
rna,4215,TTC31
rna,4216,NDUFS7
rna,4217,PCGF1
rna,4218,GRB14
rna,4219,CLIP4
rna,4220,TLX2
rna,4221,SPTBN1
rna,4222,AUP1
rna,4223,RTN4
rna,4224,HTRA2
rna,4225,LOXL3
rna,4226,DOK1
rna,4227,GALNT3
rna,4228,POLE4
rna,4229,TACR1
rna,4230,CCDC88A
rna,4231,ACADL
rna,4232,EVA1A
rna,4233,MRPL19
rna,4234,LANCL1
rna,4235,WDR75
rna,4236,EFEMP1
rna,4237,REG1A
rna,4238,FANCL
rna,4239,FN1
rna,4240,STAT1
rna,4241,GLS
rna,4242,PAPOLG
rna,4243,DNAH6
rna,4244,PECR
rna,4245,UNC50
rna,4246,IGFBP2
rna,4247,ELMOD3
rna,4248,IGFBP5
rna,4249,USP34
rna,4250,EFHD1
rna,4251,KCNJ13
rna,4252,CCT4
rna,4253,GGCX
rna,4254,NEU2
rna,4255,EHBP1
rna,4256,OTX1
rna,4257,TXNDC9
rna,4258,COQ10B
rna,4259,GNLY
rna,4260,SF3B1
rna,4261,ST3GAL5
rna,4262,CHST10
rna,4263,PDCL3
rna,4264,MOB4
rna,4265,HSPE1
rna,4266,KDM3A
rna,4267,PLCD4
rna,4268,CHMP3
rna,4269,ZNF142
rna,4270,IL1R2
rna,4271,PRKAG3
rna,4272,SMYD1
rna,4273,IL1R1
rna,4274,WNT6
rna,4275,IL1RL2
rna,4276,IL18R1
rna,4277,IL18RAP
rna,4278,SLC9A2
rna,4279,FHL2
rna,4280,MLPH
rna,4281,CNPPD1
rna,4282,UXS1
rna,4283,STK16
rna,4284,SLC5A7
rna,4285,HDLBP
rna,4286,PPP1R7
rna,4287,PASK
rna,4288,STK25
rna,4289,TPO
rna,4290,PROC
rna,4291,ID2
rna,4292,TAF1B
rna,4293,HPCAL1
rna,4294,ODC1
rna,4295,BIRC6
rna,4296,NOL10
rna,4297,PLEKHB2
rna,4298,GORASP2
rna,4299,STRN
rna,4300,CEBPZ
rna,4301,PRKD3
rna,4302,DCAF17
rna,4303,QPCT
rna,4304,RAB3GAP1
rna,4305,SLC25A12
rna,4306,RMDN2
rna,4307,DLX2
rna,4308,LCT
rna,4309,DARS
rna,4310,SRSF7
rna,4311,SDC1
rna,4312,PLCL1
rna,4313,SLC1A4
rna,4314,SOS1
rna,4315,KYNU
rna,4316,WIPF1
rna,4317,ORC2
rna,4318,COX7A2L
rna,4319,PNO1
rna,4320,ORC4
rna,4321,PLEK
rna,4322,RND3
rna,4323,ATF2
rna,4324,THADA
rna,4325,AAK1
rna,4326,TRAK2
rna,4327,C2orf42
rna,4328,PCYOX1
rna,4329,KISS1R
rna,4330,EPAS1
rna,4331,ARID3A
rna,4332,SUMO1
rna,4333,CD207
rna,4334,GRIN3B
rna,4335,VAX2
rna,4336,ATP6V1B1
rna,4337,NFE2L2
rna,4338,MSH6
rna,4339,SPR
rna,4340,EPHA4
rna,4341,PARD3B
rna,4342,FARSB
rna,4343,ALMS1
rna,4344,BCL9
rna,4345,PRRX1
rna,4346,DHCR24
rna,4347,DNAJC16
rna,4348,MARK1
rna,4349,TNR
rna,4350,MORN1
rna,4351,GPX7
rna,4352,CACYBP
rna,4353,SCP2
rna,4354,TPSG1
rna,4355,PAPPA2
rna,4356,RALGPS2
rna,4357,ANGPTL1
rna,4358,CEP104
rna,4359,FAM20B
rna,4360,TCEANC2
rna,4361,TMEM59
rna,4362,LRRC42
rna,4363,WRAP73
rna,4364,NPHS2
rna,4365,MRPL37
rna,4366,ICMT
rna,4367,RPL22
rna,4368,CHD5
rna,4369,QSOX1
rna,4370,STXBP3
rna,4371,PHF13
rna,4372,ERRFI1
rna,4373,PARK7
rna,4374,KIAA1324
rna,4375,OPRD1
rna,4376,AMPD2
rna,4377,SRSF4
rna,4378,MECR
rna,4379,KCNC4
rna,4380,EDEM3
rna,4381,WDR77
rna,4382,ATP5F1
rna,4383,RAP1A
rna,4384,HDAC1
rna,4385,CAPZA1
rna,4386,S100PBP
rna,4387,RNF19B
rna,4388,SCAMP3
rna,4389,TRIM62
rna,4390,ASH1L
rna,4391,DLGAP3
rna,4392,SFPQ
rna,4393,RHOU
rna,4394,GON4L
rna,4395,ARHGEF2
rna,4396,LAMTOR2
rna,4397,MEF2D
rna,4398,DOCK7
rna,4399,SRM
rna,4400,FBXO2
rna,4401,FBXO6
rna,4402,C1orf21
rna,4403,SWT1
rna,4404,MAD2L2
rna,4405,DNAJC6
rna,4406,LEPR
rna,4407,IVNS1ABP
rna,4408,MFN2
rna,4409,PRG4
rna,4410,MIIP
rna,4411,SMG7
rna,4412,NCF2
rna,4413,PDC
rna,4414,SLC35D1
rna,4415,PLA2G4A
rna,4416,GADD45A
rna,4417,PRAMEF1
rna,4418,PRAMEF12
rna,4419,WLS
rna,4420,PRDM2
rna,4421,RGS2
rna,4422,RPE65
rna,4423,TROVE2
rna,4424,AMPD1
rna,4425,UCHL5
rna,4426,BCAS2
rna,4427,SRSF11
rna,4428,CTH
rna,4429,AGMAT
rna,4430,OLFML3
rna,4431,TNNI3K
rna,4432,CFHR3
rna,4433,PLEKHM2
rna,4434,CRYZ
rna,4435,PHTF1
rna,4436,ZBTB17
rna,4437,TFAP2E
rna,4438,CD2
rna,4439,TTF2
rna,4440,NR5A2
rna,4441,KIF21B
rna,4442,TMEM9
rna,4443,ADPRHL2
rna,4444,MAP7D1
rna,4445,WARS2
rna,4446,HAO2
rna,4447,OSCP1
rna,4448,MRPS15
rna,4449,EXOC8
rna,4450,GNPAT
rna,4451,TSNAX
rna,4452,C1orf109
rna,4453,RRAGC
rna,4454,TBCE
rna,4455,NID1
rna,4456,LGALS8
rna,4457,NT5C1A
rna,4458,HPCAL4
rna,4459,MTR
rna,4460,BMP8B
rna,4461,MYCL1
rna,4462,SIPA1L2
rna,4463,ZP4
rna,4464,RLF
rna,4465,KMO
rna,4466,ZNF684
rna,4467,KCNQ4
rna,4468,RIMS3
rna,4469,AKT3
rna,4470,ETV3
rna,4471,ACADM
rna,4472,ST6GALNAC5
rna,4473,SLAMF1
rna,4474,CD48
rna,4475,LPHN2
rna,4476,PADI2
rna,4477,SDHB
rna,4478,MFAP2
rna,4479,RPF1
rna,4480,KDM5B
rna,4481,UAP1
rna,4482,ACTL8
rna,4483,CTBS
rna,4484,RGS4
rna,4485,KLHL12
rna,4486,IGSF21
rna,4487,SSX2IP
rna,4488,ZNHIT6
rna,4489,PLA2G2D
rna,4490,RBBP5
rna,4491,GBP3
rna,4492,GBP1
rna,4493,KIF17
rna,4494,CDK18
rna,4495,RAB7L1
rna,4496,CD160
rna,4497,TXNIP
rna,4498,ECE1
rna,4499,HMGCL
rna,4500,GALE
rna,4501,ID3
rna,4502,CR2
rna,4503,CD46
rna,4504,PRPF3
rna,4505,APH1A
rna,4506,LEPRE1
rna,4507,SLC2A1
rna,4508,EBNA1BP2
rna,4509,CDC20
rna,4510,MPL
rna,4511,ARTN
rna,4512,IPO13
rna,4513,ATP6V0B
rna,4514,B4GALT2
rna,4515,ERI3
rna,4516,PTCH2
rna,4517,AKR1A1
rna,4518,PRDX1
rna,4519,PIK3R3
rna,4520,TSPAN1
rna,4521,BLZF1
rna,4522,C1orf114
rna,4523,SLC19A2
rna,4524,FAAH
rna,4525,NSUN4
rna,4526,TMED5
rna,4527,MROH9
rna,4528,DR1
rna,4529,CNN3
rna,4530,PRRC2C
rna,4531,F3
rna,4532,ABCD3
rna,4533,VAMP4
rna,4534,DPH5
rna,4535,FASLG
rna,4536,PTBP2
rna,4537,TNFSF4
rna,4538,PRDX6
rna,4539,DARS2
rna,4540,HSD11B1
rna,4541,IRF6
rna,4542,DIEXF
rna,4543,SERPINC1
rna,4544,RCAN3
rna,4545,SYF2
rna,4546,C1orf63
rna,4547,SLC35A3
rna,4548,RCOR3
rna,4549,STMN1
rna,4550,MTFR1L
rna,4551,MAN1C1
rna,4552,NEK2
rna,4553,RPS6KA1
rna,4554,DHDDS
rna,4555,NENF
rna,4556,NSL1
rna,4557,PROX1
rna,4558,ARID1A
rna,4559,CENPF
rna,4560,RPA2
rna,4561,PPP1R8
rna,4562,STX12
rna,4563,MTARC2
rna,4564,SLC5A9
rna,4565,OSBPL9
rna,4566,TXNDC12
rna,4567,ESYT2
rna,4568,POLR1G
rna,4569,MESDC2
rna,4570,RCN2
rna,4571,CHRNB4
rna,4572,MUC5B
rna,4573,COLEC11
rna,4574,STAG1
rna,4575,A4GNT
rna,4576,STK11
rna,4577,MLL
rna,4578,TREH
rna,4579,IFT46
rna,4580,MMP8
rna,4581,APOA1
rna,4582,ZNF541
rna,4583,SLC8A2
rna,4584,KPTN
rna,4585,RPS25
rna,4586,KIF14
rna,4587,TNNT2
rna,4588,DDX59
rna,4589,CAMSAP2
rna,4590,ATF6
rna,4591,CRYGD
rna,4592,MREG
rna,4593,TNP1
rna,4594,FASTKD2
rna,4595,NRP2
rna,4596,CREB1
rna,4597,KLF7
rna,4598,TTR
rna,4599,B4GALT6
rna,4600,C1orf54
rna,4601,CA14
rna,4602,CASC1
rna,4603,LRMP
rna,4604,ATP10B
rna,4605,SPCS2
rna,4606,USP35
rna,4607,ELOVL4
rna,4608,FILIP1
rna,4609,CASP8AP2
rna,4610,HMGN3
rna,4611,UBE3D
rna,4612,CNR1
rna,4613,SPACA1
rna,4614,ANKRD13C
rna,4615,SGIP1
rna,4616,PHF3
rna,4617,ZC2HC1B
rna,4618,ADGB
rna,4619,PLAGL1
rna,4620,FBXO30
rna,4621,TNFAIP3
rna,4622,AKAP7
rna,4623,RAB32
rna,4624,MYB
rna,4625,ALDH8A1
rna,4626,SGK1
rna,4627,ARG1
rna,4628,CTGF
rna,4629,TCF21
rna,4630,PMFBP1
rna,4631,FBXL5
rna,4632,MED28
rna,4633,SLC16A7
rna,4634,TMEM5
rna,4635,ZNF430
rna,4636,VAMP8
rna,4637,DCLRE1B
rna,4638,MYL12B
rna,4639,FOXO3
rna,4640,ARMC2
rna,4641,GHRH
rna,4642,RPN2
rna,4643,CASQ2
rna,4644,OLFM3
rna,4645,PKD2
rna,4646,ABCG2
rna,4647,SPP1
rna,4648,CCNI
rna,4649,RARRES1
rna,4650,MFSD1
rna,4651,RAB3GAP2
rna,4652,PPL
rna,4653,UBN1
rna,4654,KLF12
rna,4655,PCDH17
rna,4656,HS1BP3
rna,4657,C2orf43
rna,4658,WDR35
rna,4659,CCND2
rna,4660,FGF23
rna,4661,ELL2
rna,4662,DNAH7
rna,4663,CYP20A1
rna,4664,NDUFB3
rna,4665,GTF3C3
rna,4666,SATB2
rna,4667,UBE2B
rna,4668,TRPM6
rna,4669,GDA
rna,4670,KLF9
rna,4671,TJP2
rna,4672,C2orf40
rna,4673,ITGB1BP1
rna,4674,CPSF3
rna,4675,PIGZ
rna,4676,SENP5
rna,4677,CCDC92
rna,4678,C1orf198
rna,4679,TRIM67
rna,4680,HEATR1
rna,4681,PTBP3
rna,4682,RAD23B
rna,4683,FKBP15
rna,4684,CTNNAL1
rna,4685,FAM206A
rna,4686,WDR34
rna,4687,SET
rna,4688,PPP2R4
rna,4689,GLE1
rna,4690,RAB14
rna,4691,CNTRL
rna,4692,TRIM32
rna,4693,FBXW2
rna,4694,PHF19
rna,4695,NEK6
rna,4696,BSPRY
rna,4697,PPP6C
rna,4698,NDUFA8
rna,4699,HDHD3
rna,4700,RBM18
rna,4701,SLC46A2
rna,4702,HSDL2
rna,4703,MAPKAP1
rna,4704,NR4A3
rna,4705,INVS
rna,4706,GALNT12
rna,4707,DENND1A
rna,4708,ALG2
rna,4709,CSF3R
rna,4710,KDSR
rna,4711,VPS4B
rna,4712,ONECUT2
rna,4713,C19orf25
rna,4714,ZBTB45
rna,4715,DCAF4
rna,4716,PROX2
rna,4717,VSX2
rna,4718,FCF1
rna,4719,PGF
rna,4720,IFI27L2
rna,4721,NEK9
rna,4722,ACYP1
rna,4723,IFT43
rna,4724,NPC2
rna,4725,DNAL1
rna,4726,IRF2BPL
rna,4727,LTBP2
rna,4728,KIAA0317
rna,4729,MLH3
rna,4730,TTLL5
rna,4731,ABCD4
rna,4732,DLST
rna,4733,PPP4R4
rna,4734,TGFB3
rna,4735,ZC2HC1C
rna,4736,SLIRP
rna,4737,RBM25
rna,4738,ALDH6A1
rna,4739,GPR68
rna,4740,ESRRB
rna,4741,EIF2B2
rna,4742,NRDE2
rna,4743,COQ6
rna,4744,RHOQ
rna,4745,SUPT7L
rna,4746,KLHL29
rna,4747,DNMT3A
rna,4748,TMEM214
rna,4749,ATAD2B
rna,4750,FKBP1B
rna,4751,ATL2
rna,4752,YPEL5
rna,4753,FAM98A
rna,4754,YIPF4
rna,4755,AFTPH
rna,4756,LGALSL
rna,4757,CNRIP1
rna,4758,BCL11A
rna,4759,CRIPT
rna,4760,EPCAM
rna,4761,SLC17A5
rna,4762,OGFRL1
rna,4763,FAM178A
rna,4764,IDE
rna,4765,TECTB
rna,4766,IFIT3
rna,4767,NKX2-3
rna,4768,IFIT2
rna,4769,GPAM
rna,4770,CUTC
rna,4771,PPP1R3C
rna,4772,PYROXD2
rna,4773,CNNM1
rna,4774,MXI1
rna,4775,SMNDC1
rna,4776,C10orf88
rna,4777,PRLHR
rna,4778,TCTN3
rna,4779,FAM45A
rna,4780,AVPI1
rna,4781,WDR11
rna,4782,C10orf76
rna,4783,KCNIP2
rna,4784,CCDC147
rna,4785,GOT1
rna,4786,CPN1
rna,4787,C10orf95
rna,4788,SFRP5
rna,4789,GNA13
rna,4790,KANSL1
rna,4791,HOXB7
rna,4792,CRHR1
rna,4793,HOXB3
rna,4794,HOXB1
rna,4795,DUSP1
rna,4796,PANK3
rna,4797,MSX2
rna,4798,TEK
rna,4799,RCL1
rna,4800,CAAP1
rna,4801,EQTN
rna,4802,MOB3B
rna,4803,INSL6
rna,4804,INSL4
rna,4805,MLANA
rna,4806,CD274
rna,4807,IFNA6
rna,4808,IFNA8
rna,4809,GRIA2
rna,4810,NUP43
rna,4811,MTHFD1L
rna,4812,LRP11
rna,4813,CCDC170
rna,4814,PCMT1
rna,4815,PLEKHG1
rna,4816,MYCT1
rna,4817,CXorf21
rna,4818,MAGEB4
rna,4819,CYSTM1
rna,4820,WDR55
rna,4821,ARAP3
rna,4822,PCDHB8
rna,4823,PCDHB10
rna,4824,PCDHB14
rna,4825,PCDHB12
rna,4826,SLC25A2
rna,4827,TNN
rna,4828,MRPS14
rna,4829,CENPL
rna,4830,TNFSF18
rna,4831,GORAB
rna,4832,GPR31
rna,4833,ACAT2
rna,4834,TCP1
rna,4835,TTLL2
rna,4836,SNX19
rna,4837,KCNJ5
rna,4838,MSANTD2
rna,4839,TP53AIP1
rna,4840,TEX11
rna,4841,ARR3
rna,4842,PDZD11
rna,4843,SLC10A7
rna,4844,NUDCD1
rna,4845,ENY2
rna,4846,MASTL
rna,4847,KIAA1217
rna,4848,PLXDC2
rna,4849,EPC1
rna,4850,IQSEC3
rna,4851,CCDC77
rna,4852,TAF12
rna,4853,ENOX1
rna,4854,TNFSF11
rna,4855,MTRF1
rna,4856,SOHLH2
rna,4857,DNAJC15
rna,4858,PROSER1
rna,4859,UFM1
rna,4860,WBP4
rna,4861,ELF1
rna,4862,SMAD9
rna,4863,HSPH1
rna,4864,KBTBD7
rna,4865,ALG5
rna,4866,EXOSC8
rna,4867,ETF1
rna,4868,TGFBI
rna,4869,FAM53C
rna,4870,SIL1
rna,4871,PAIP2
rna,4872,MYOT
rna,4873,KDM3B
rna,4874,EGR1
rna,4875,SERP1
rna,4876,PLS1
rna,4877,ZFP30
rna,4878,NR2C1
rna,4879,UTP20
rna,4880,TMPO
rna,4881,ARL1
rna,4882,GLT8D2
rna,4883,MTERFD3
rna,4884,SOCS2
rna,4885,NFYB
rna,4886,CCDC53
rna,4887,APAF1
rna,4888,DUSP4
rna,4889,CLU
rna,4890,TNFRSF10B
rna,4891,SORBS3
rna,4892,PTK2B
rna,4893,CHRNA2
rna,4894,ADRA1A
rna,4895,PPP3CC
rna,4896,EPHX2
rna,4897,RNF170
rna,4898,NPPB
rna,4899,UBIAD1
rna,4900,TARDBP
rna,4901,TNFRSF8
rna,4902,PRAMEF2
rna,4903,ZNF706
rna,4904,CRISPLD1
rna,4905,RDH10
rna,4906,EPX
rna,4907,AKAP1
rna,4908,COIL
rna,4909,TRIM25
rna,4910,SCPEP1
rna,4911,SPOP
rna,4912,TBX2
rna,4913,SLC35B1
rna,4914,TBX4
rna,4915,DYNLL2
rna,4916,TEX14
rna,4917,FAM117A
rna,4918,NCAPH
rna,4919,LRAT
rna,4920,KIAA0922
rna,4921,MND1
rna,4922,ABCC11
rna,4923,PAPD5
rna,4924,ADCY7
rna,4925,CEP89
rna,4926,TSHZ3
rna,4927,ECHDC2
rna,4928,TAS2R8
rna,4929,PLBD1
rna,4930,PYROXD1
rna,4931,IAPP
rna,4932,KCNJ8
rna,4933,TAS2R7
rna,4934,BCL2L14
rna,4935,TAS2R9
rna,4936,PSPC1
rna,4937,ZNF549
rna,4938,A1BG
rna,4939,ZSCAN18
rna,4940,ZNF211
rna,4941,PDZRN3
rna,4942,RGSL1
rna,4943,LHX4
rna,4944,RNF2
rna,4945,TRMT1L
rna,4946,SEC22A
rna,4947,CSTA
rna,4948,DPPA4
rna,4949,POPDC2
rna,4950,B4GALT4
rna,4951,NAA50
rna,4952,CD80
rna,4953,KIF18A
rna,4954,GJA8
rna,4955,DESI2
rna,4956,MAPK8IP1
rna,4957,CRY2
rna,4958,PEX16
rna,4959,DEPDC7
rna,4960,CAT
rna,4961,PILRB
rna,4962,ZMYM2
rna,4963,GJB6
rna,4964,GJA3
rna,4965,TBC1D15
rna,4966,BAI2
rna,4967,HCRTR1
rna,4968,ZCCHC17
rna,4969,FABP3
rna,4970,KHDRBS1
rna,4971,TMEM39B
rna,4972,CCRL2
rna,4973,CCR2
rna,4974,RNF115
rna,4975,POLR3GL
rna,4976,GHSR
rna,4977,TNFSF10
rna,4978,ZNF639
rna,4979,SLITRK3
rna,4980,PIK3CA
rna,4981,PDS5A
rna,4982,TMEM156
rna,4983,LIAS
rna,4984,CPXM2
rna,4985,TMEM54
rna,4986,ZSCAN20
rna,4987,CSMD2
rna,4988,HPCA
rna,4989,LRIF1
rna,4990,ADORA3
rna,4991,GPSM2
rna,4992,GTDC1
rna,4993,CXCR4
rna,4994,ZRANB3
rna,4995,ACVR2A
rna,4996,POLK
rna,4997,SV2C
rna,4998,FLT3
rna,4999,MTIF3
rna,5000,GTF3A
rna,5001,RASL11A
rna,5002,UBL3
rna,5003,FYTTD1
rna,5004,MTERFD2
rna,5005,XPNPEP2
rna,5006,SASH3
rna,5007,OCRL
rna,5008,PAEP
rna,5009,MRPS2
rna,5010,TBX22
rna,5011,FMOD
rna,5012,MYOG
rna,5013,LAX1
rna,5014,PLG
rna,5015,KIAA1191
rna,5016,COPA
rna,5017,CD244
rna,5018,LY9
rna,5019,HS3ST2
rna,5020,RBBP6
rna,5021,ZC3H7A
rna,5022,PRM2
rna,5023,SERAC1
rna,5024,ANXA11
rna,5025,LDB3
rna,5026,OPN4
rna,5027,FAM213A
rna,5028,ZNF205
rna,5029,RPL5
rna,5030,ODF2L
rna,5031,PTGFR
rna,5032,SPATA1
rna,5033,TRMT13
rna,5034,LRRC39
rna,5035,RWDD3
rna,5036,ZNF644
rna,5037,CCDC18
rna,5038,RPAP2
rna,5039,PQLC1
rna,5040,BBS9
rna,5041,PMS2
rna,5042,ZMIZ2
rna,5043,OCM
rna,5044,SEPT7
rna,5045,EEPD1
rna,5046,KLHL7
rna,5047,HERPUD2
rna,5048,CBX3
rna,5049,HNRNPA2B1
rna,5050,WIPF3
rna,5051,NXPH1
rna,5052,NPY
rna,5053,FAM126A
rna,5054,HOXA7
rna,5055,NT5C3
rna,5056,ARL4A
rna,5057,POLM
rna,5058,RAMP3
rna,5059,FTSJ2
rna,5060,TWIST1
rna,5061,SMU1
rna,5062,GLIPR2
rna,5063,CLTA
rna,5064,RECK
rna,5065,SPINK4
rna,5066,OR2S2
rna,5067,ACO1
rna,5068,KIAA1045
rna,5069,DNAI1
rna,5070,DCAF10
rna,5071,CNTFR
rna,5072,KIAA1549
rna,5073,TRIM24
rna,5074,C7orf49
rna,5075,CALD1
rna,5076,AKR1D1
rna,5077,NUDT10
rna,5078,SFTPA1
rna,5079,NEUROG3
rna,5080,PLAU
rna,5081,SRGN
rna,5082,CHST3
rna,5083,BICC1
rna,5084,CISD1
rna,5085,EGR2
rna,5086,ECD
rna,5087,P4HA1
rna,5088,SLC25A16
rna,5089,ZWINT
rna,5090,VPS26A
rna,5091,RBM19
rna,5092,CIT
rna,5093,IFT81
rna,5094,ACADS
rna,5095,HVCN1
rna,5096,DDX54
rna,5097,MED13L
rna,5098,CDKN2C
rna,5099,RNF11
rna,5100,RASSF8
rna,5101,BHLHE41
rna,5102,SSPN
rna,5103,ITPR2
rna,5104,CCDC91
rna,5105,NECAB1
rna,5106,WWP1
rna,5107,ACOT9
rna,5108,PRDX4
rna,5109,DDX39A
rna,5110,PKN1
rna,5111,C19orf43
rna,5112,CD97
rna,5113,WDR83
rna,5114,GIPC1
rna,5115,ACTRT1
rna,5116,CCDC70
rna,5117,SPRYD7
rna,5118,EBPL
rna,5119,ATP7B
rna,5120,ZC3H13
rna,5121,GUCY1B2
rna,5122,NLN
rna,5123,CENPK
rna,5124,OPTN
rna,5125,ITIH5
rna,5126,ATF1
rna,5127,TSFM
rna,5128,NEUROD4
rna,5129,ARHGAP9
rna,5130,NCKAP1L
rna,5131,MMP19
rna,5132,PFDN5
rna,5133,SPATS2
rna,5134,ORMDL2
rna,5135,NR4A1
rna,5136,PDE1B
rna,5137,HOXC13
rna,5138,CDK2
rna,5139,LRP1
rna,5140,HOXC11
rna,5141,C12orf44
rna,5142,NFE2
rna,5143,HOXC12
rna,5144,IKZF4
rna,5145,SMUG1
rna,5146,TUBA1B
rna,5147,KBTBD4
rna,5148,SARDH
rna,5149,DBH
rna,5150,ATPAF1
rna,5151,STIL
rna,5152,HJURP
rna,5153,IL13RA2
rna,5154,COL10A1
rna,5155,AMD1
rna,5156,NDUFAF4
rna,5157,USP45
rna,5158,PLP1
rna,5159,SERPINA7
rna,5160,MORF4L2
rna,5161,H2BFWT
rna,5162,RAB9B
rna,5163,NRK
rna,5164,FAM199X
rna,5165,ESX1
rna,5166,ATXN3L
rna,5167,RAB9A
rna,5168,METTL8
rna,5169,TTC21B
rna,5170,NMI
rna,5171,TNFAIP6
rna,5172,ACVR1C
rna,5173,BAZ2B
rna,5174,SLC36A1
rna,5175,LPGAT1
rna,5176,BATF3
rna,5177,G0S2
rna,5178,KCNJ2
rna,5179,RAP2C
rna,5180,EXOSC9
rna,5181,PLA2G12A
rna,5182,B9D2
rna,5183,ADCK4
rna,5184,PFKFB2
rna,5185,C4BPA
rna,5186,C4BPB
rna,5187,RAB38
rna,5188,GPR83
rna,5189,EIF2C2
rna,5190,MXD4
rna,5191,CKS2
rna,5192,WDR69
rna,5193,ACSL3
rna,5194,CHPF
rna,5195,DNPEP
rna,5196,INHA
rna,5197,MOGAT1
rna,5198,OBSL1
rna,5199,FAM124B
rna,5200,SLC12A4
rna,5201,ENKD1
rna,5202,MC3R
rna,5203,GCNT7
rna,5204,CTCFL
rna,5205,HMGB1P1
rna,5206,FAM210B
rna,5207,PI3
rna,5208,FAM209A
rna,5209,SNX21
rna,5210,SLPI
rna,5211,WFDC3
rna,5212,TTPAL
rna,5213,PREX1
rna,5214,KCNS1
rna,5215,SLC12A5
rna,5216,SDC4
rna,5217,NCOA3
rna,5218,PIGT
rna,5219,SEMG2
rna,5220,MATN4
rna,5221,NCOA5
rna,5222,VAPB
rna,5223,PARD6B
rna,5224,ATP5E
rna,5225,CHD6
rna,5226,PLCG1
rna,5227,TOX2
rna,5228,SRSF6
rna,5229,GDAP1L1
rna,5230,GTSF1L
rna,5231,ARFGEF2
rna,5232,ZNFX1
rna,5233,ZNF831
rna,5234,EDN3
rna,5235,CSE1L
rna,5236,RAB22A
rna,5237,PTGIS
rna,5238,STAU1
rna,5239,CDH26
rna,5240,SNAI1
rna,5241,MOCS3
rna,5242,PPP4R1L
rna,5243,PMEPA1
rna,5244,RNF114
rna,5245,DDX27
rna,5246,SEMG1
rna,5247,C20orf85
rna,5248,BCAS4
rna,5249,KCNK15
rna,5250,TP53TG5
rna,5251,PCK1
rna,5252,ZBP1
rna,5253,NEURL2
rna,5254,MTRR
rna,5255,FASTKD3
rna,5256,PEPD
rna,5257,CHST8
rna,5258,IQSEC2
rna,5259,VAMP7
rna,5260,IL9R
rna,5261,XG
rna,5262,STAMBP
rna,5263,NAGK
rna,5264,MCEE
rna,5265,PAIP2B
rna,5266,SNRNP27
rna,5267,MPHOSPH10
rna,5268,IL17C
rna,5269,ATP8A1
rna,5270,USP22
rna,5271,POF1B
rna,5272,HIF3A
rna,5273,IRGC
rna,5274,ZNF45
rna,5275,LYPD3
rna,5276,PSG8
rna,5277,CEACAM8
rna,5278,NDP
rna,5279,USP9X
rna,5280,CRISP2
rna,5281,F13A1
rna,5282,GRM4
rna,5283,TRERF1
rna,5284,PACSIN1
rna,5285,BTN2A2
rna,5286,SIRT5
rna,5287,HIST1H4B
rna,5288,MRS2
rna,5289,WRNIP1
rna,5290,RRP36
rna,5291,BTN2A3P
rna,5292,BTN1A1
rna,5293,SNRPC
rna,5294,SLC17A3
rna,5295,SLC17A1
rna,5296,SERPINB6
rna,5297,XPO5
rna,5298,ABCC10
rna,5299,HIST1H1D
rna,5300,HIST1H4G
rna,5301,PEX6
rna,5302,NQO2
rna,5303,PRICKLE4
rna,5304,OARD1
rna,5305,UNC5CL
rna,5306,AARS2
rna,5307,HIST1H1A
rna,5308,ZNF391
rna,5309,MOCS1
rna,5310,HIST1H2BJ
rna,5311,MED20
rna,5312,OR2B6
rna,5313,TBCC
rna,5314,SPDEF
rna,5315,TCP11
rna,5316,MAD2L1BP
rna,5317,HIST1H3B
rna,5318,APOBEC2
rna,5319,KLHDC3
rna,5320,GNMT
rna,5321,DNAH8
rna,5322,TREM1
rna,5323,MEA1
rna,5324,KLHL31
rna,5325,COL21A1
rna,5326,SOX4
rna,5327,GLO1
rna,5328,CPNE5
rna,5329,KCNK17
rna,5330,RREB1
rna,5331,SSR1
rna,5332,RIOK1
rna,5333,NRN1
rna,5334,SLC35B3
rna,5335,RPP40
rna,5336,ATXN1
rna,5337,NUP153
rna,5338,DEK
rna,5339,CRISP1
rna,5340,RUNX2
rna,5341,OPN5
rna,5342,GCM2
rna,5343,LRRFIP1
rna,5344,RAB17
rna,5345,CXCL6
rna,5346,EREG
rna,5347,TRIM51
rna,5348,MYRF
rna,5349,SCGB1D2
rna,5350,SCGB2A1
rna,5351,AHNAK
rna,5352,EMC3
rna,5353,SSUH2
rna,5354,WNT1
rna,5355,SH3TC1
rna,5356,CNOT1
rna,5357,LRRC29
rna,5358,BBS2
rna,5359,MT1G
rna,5360,MT2A
rna,5361,C16orf70
rna,5362,GOT2
rna,5363,DOK4
rna,5364,PIWIL1
rna,5365,GPR18
rna,5366,CLYBL
rna,5367,TMTC4
rna,5368,RAP2A
rna,5369,SLC10A2
rna,5370,ABCC4
rna,5371,EFNB2
rna,5372,SOX21
rna,5373,TM9SF2
rna,5374,C17orf53
rna,5375,KIF25
rna,5376,IRF1
rna,5377,UPF3B
rna,5378,RNF113A
rna,5379,SEPT6
rna,5380,TMEM255A
rna,5381,NDUFA1
rna,5382,AMELX
rna,5383,BMP4
rna,5384,PTGER2
rna,5385,FAM193A
rna,5386,GRK4
rna,5387,SOX9
rna,5388,TEKT3
rna,5389,MYH2
rna,5390,HS3ST3B1
rna,5391,SLC25A35
rna,5392,MRPS7
rna,5393,GGA3
rna,5394,ARMC7
rna,5395,NUP85
rna,5396,SLC25A19
rna,5397,MIF4GD
rna,5398,NT5C
rna,5399,C1orf61
rna,5400,TTF1
rna,5401,GTF3C4
rna,5402,DDX31
rna,5403,BARHL1
rna,5404,PPP1R12C
rna,5405,MBOAT7
rna,5406,SRMS
rna,5407,OPRL1
rna,5408,SLC2A4RG
rna,5409,NPBWR2
rna,5410,C20orf195
rna,5411,BHLHE23
rna,5412,PPDPF
rna,5413,IL1B
rna,5414,PLGLB2
rna,5415,IL37
rna,5416,CHCHD5
rna,5417,PAX8
rna,5418,INSIG2
rna,5419,POLR1B
rna,5420,CCDC93
rna,5421,PSD4
rna,5422,SLC25A23
rna,5423,PSPN
rna,5424,GTF2F1
rna,5425,ALKBH7
rna,5426,CLPP
rna,5427,TNFSF9
rna,5428,GRIA3
rna,5429,THOC2
rna,5430,MED1
rna,5431,RPL23
rna,5432,ATG4C
rna,5433,CD70
rna,5434,C3
rna,5435,SH2D3A
rna,5436,TRIP10
rna,5437,GPR108
rna,5438,TNFSF14
rna,5439,FOSB
rna,5440,OPA3
rna,5441,SNRPD2
rna,5442,RTN2
rna,5443,EML2
rna,5444,VASP
rna,5445,SYMPK
rna,5446,GPCPD1
rna,5447,SDCBP2
rna,5448,PANK2
rna,5449,TGM3
rna,5450,GNRH2
rna,5451,DEFB126
rna,5452,FOXA2
rna,5453,CD93
rna,5454,GZF1
rna,5455,PAX1
rna,5456,NAPB
rna,5457,CST8
rna,5458,NKX2-4
rna,5459,CENPB
rna,5460,PSMF1
rna,5461,NKX2-2
rna,5462,DTD1
rna,5463,CSTL1
rna,5464,RBCK1
rna,5465,TMX4
rna,5466,CST11
rna,5467,STK35
rna,5468,SNRPB
rna,5469,NRSN2
rna,5470,AP5S1
rna,5471,RRBP1
rna,5472,BMP2
rna,5473,ZNF133
rna,5474,FLRT3
rna,5475,OVOL2
rna,5476,PCSK2
rna,5477,GFRA4
rna,5478,MKKS
rna,5479,BFSP1
rna,5480,DSTN
rna,5481,LAMP5
rna,5482,SNRPB2
rna,5483,MGME1
rna,5484,LRRN4
rna,5485,TBC1D20
rna,5486,ITPA
rna,5487,TCF15
rna,5488,OTOR
rna,5489,MCM8
rna,5490,BANF2
rna,5491,TMEM74B
rna,5492,FAM110A
rna,5493,MRPS26
rna,5494,DEFB129
rna,5495,S1PR4
rna,5496,NCLN
rna,5497,CITED1
rna,5498,HNRNPR
rna,5499,ZNF436
rna,5500,MAX
rna,5501,ARMCX5
rna,5502,GDF5
rna,5503,MMP24
rna,5504,NECAB3
rna,5505,ID1
rna,5506,RALY
rna,5507,DYNLRB1
rna,5508,EIF2S2
rna,5509,ERGIC3
rna,5510,ROMO1
rna,5511,FAM83C
rna,5512,BPIFB1
rna,5513,CEP250
rna,5514,PLAGL2
rna,5515,GRPR
rna,5516,KDM5C
rna,5517,AMOT
rna,5518,TMEM115
rna,5519,PSMB2
rna,5520,EIF2C3
rna,5521,UROD
rna,5522,ST3GAL3
rna,5523,TMEM53
rna,5524,HECTD3
rna,5525,KLC1
rna,5526,XRCC3
rna,5527,TUBGCP3
rna,5528,MCF2L
rna,5529,F10
rna,5530,PCID2
rna,5531,PROZ
rna,5532,SLURP1
rna,5533,LRFN3
rna,5534,IGFLR1
rna,5535,CAPNS1
rna,5536,PDCD2L
rna,5537,RBM42
rna,5538,KIRREL2
rna,5539,UBA2
rna,5540,FFAR2
rna,5541,HCST
rna,5542,FFAR1
rna,5543,COX6B1
rna,5544,KRT36
rna,5545,THRA
rna,5546,CCR7
rna,5547,NR1D1
rna,5548,FRMD8
rna,5549,PRDX5
rna,5550,BCL2L12
rna,5551,IRF3
rna,5552,PRMT1
rna,5553,RRAS
rna,5554,PRRG2
rna,5555,SCAF1
rna,5556,PRR12
rna,5557,TSKS
rna,5558,FLRT1
rna,5559,ASL
rna,5560,SBDS
rna,5561,CSN1S1
rna,5562,STATH
rna,5563,HTN1
rna,5564,STAT5A
rna,5565,WNK4
rna,5566,BECN1
rna,5567,PRKCG
rna,5568,TRAP1
rna,5569,GLIS2
rna,5570,NSRP1
rna,5571,DNAJC8
rna,5572,AHDC1
rna,5573,IFI6
rna,5574,DACH2
rna,5575,ZNF384
rna,5576,SSX1
rna,5577,UXT
rna,5578,CFP
rna,5579,ELK1
rna,5580,TIMM17B
rna,5581,PCNXL4
rna,5582,ATG14
rna,5583,KTN1
rna,5584,SIX1
rna,5585,RHOJ
rna,5586,DLGAP5
rna,5587,L3HYPDH
rna,5588,HSPA2
rna,5589,ZBTB1
rna,5590,TRMT5
rna,5591,SGPP1
rna,5592,PLEKHG3
rna,5593,PZP
rna,5594,PRDM7
rna,5595,RHOT1
rna,5596,EVI2A
rna,5597,OMG
rna,5598,WDR60
rna,5599,AIF1L
rna,5600,FAM78A
rna,5601,NUP214
rna,5602,CTAG2
rna,5603,AVPR2
rna,5604,SLC10A3
rna,5605,MAP2K2
rna,5606,HNRNPH2
rna,5607,ARMCX1
rna,5608,TMEM35
rna,5609,NXF5
rna,5610,TIMM8A
rna,5611,ZC4H2
rna,5612,CANX
rna,5613,CPSF3L
rna,5614,RGS13
rna,5615,IPPK
rna,5616,ZNF484
rna,5617,OMD
rna,5618,FGD3
rna,5619,HIVEP3
rna,5620,PPCS
rna,5621,EDN2
rna,5622,BCL11B
rna,5623,TRAF2
rna,5624,ABHD8
rna,5625,MASP1
rna,5626,ATP13A4
rna,5627,HRASLS
rna,5628,HELB
rna,5629,RAP1B
rna,5630,IL22
rna,5631,TSPAN8
rna,5632,BEST3
rna,5633,PTPRB
rna,5634,DYRK2
rna,5635,YEATS4
rna,5636,TAS2R5
rna,5637,CRYGN
rna,5638,LRRC61
rna,5639,TRPV5
rna,5640,IDUA
rna,5641,FGFRL1
rna,5642,TMEM175
rna,5643,AUNIP
rna,5644,PIN1
rna,5645,FBXL12
rna,5646,EMC1
rna,5647,PLA2G5
rna,5648,UBR4
rna,5649,HP1BP3
rna,5650,EMR2
rna,5651,SIN3B
rna,5652,OR7A10
rna,5653,EPS15L1
rna,5654,KLF2
rna,5655,OR7C2
rna,5656,OR7C1
rna,5657,F2RL3
rna,5658,UQCR11
rna,5659,GFER
rna,5660,SYNGR3
rna,5661,PKMYT1
rna,5662,WFIKKN1
rna,5663,WDR24
rna,5664,FBXL16
rna,5665,CHTF18
rna,5666,GNG13
rna,5667,MACF1
rna,5668,SMARCA4
rna,5669,KDM4B
rna,5670,TICAM1
rna,5671,GAN
rna,5672,METTL25
rna,5673,IL17B
rna,5674,EMC6
rna,5675,METTL16
rna,5676,TUBA4A
rna,5677,VIL1
rna,5678,AAMP
rna,5679,PNKD
rna,5680,TNFRSF19
rna,5681,RNF6
rna,5682,ECHS1
rna,5683,ZNF835
rna,5684,AKAP9
rna,5685,GNG11
rna,5686,SHFM1
rna,5687,GNGT1
rna,5688,HIP1
rna,5689,PTPN12
rna,5690,POR
rna,5691,FGL2
rna,5692,STYXL1
rna,5693,STEAP4
rna,5694,GNAI1
rna,5695,PEX1
rna,5696,SGCE
rna,5697,RBM48
rna,5698,CASD1
rna,5699,ZNF780B
rna,5700,LRFN1
rna,5701,ZFP36
rna,5702,SRD5A3
rna,5703,SPINK2
rna,5704,RASL11B
rna,5705,PAICS
rna,5706,KDR
rna,5707,PPAT
rna,5708,TUBGCP6
rna,5709,ADM2
rna,5710,DGCR6L
rna,5711,DGCR8
rna,5712,ASPHD2
rna,5713,VPREB3
rna,5714,SDF2L1
rna,5715,GAL3ST1
rna,5716,YWHAH
rna,5717,RFPL1
rna,5718,RFPL2
rna,5719,C22orf24
rna,5720,GNAZ
rna,5721,ATF4
rna,5722,A4GALT
rna,5723,CDC42EP1
rna,5724,APOL3
rna,5725,MCHR1
rna,5726,TPST2
rna,5727,BAIAP2L2
rna,5728,MPST
rna,5729,GALR3
rna,5730,TST
rna,5731,APOL5
rna,5732,IGLL1
rna,5733,APOL2
rna,5734,LIF
rna,5735,C22orf23
rna,5736,APOBEC3A
rna,5737,RIBC2
rna,5738,EMC4
rna,5739,RNF112
rna,5740,CPA4
rna,5741,DOCK4
rna,5742,POT1
rna,5743,TAS2R16
rna,5744,ATP6V1F
rna,5745,NAA38
rna,5746,CDHR3
rna,5747,PRKRIP1
rna,5748,VGF
rna,5749,PODXL
rna,5750,FOXP2
rna,5751,STRIP2
rna,5752,RABL5
rna,5753,MKLN1
rna,5754,DNAJB9
rna,5755,FLNC
rna,5756,LRRC4
rna,5757,CALU
rna,5758,CCDC136
rna,5759,SMO
rna,5760,IRF5
rna,5761,LRRC17
rna,5762,KLHDC10
rna,5763,FEZF1
rna,5764,OPN1SW
rna,5765,MRPS12
rna,5766,MYO1B
rna,5767,HOXD1
rna,5768,HOXD3
rna,5769,MTX2
rna,5770,PDE11A
rna,5771,CHN1
rna,5772,GAD1
rna,5773,OSGEPL1
rna,5774,ORMDL1
rna,5775,HAT1
rna,5776,HOXD9
rna,5777,HOXD10
rna,5778,HOXD13
rna,5779,HERC2
rna,5780,PSMG2
rna,5781,TWSG1
rna,5782,GDF2
rna,5783,ARHGAP22
rna,5784,WDFY4
rna,5785,EIF2AK4
rna,5786,MYO5C
rna,5787,CGNL1
rna,5788,TMOD2
rna,5789,TTBK2
rna,5790,C15orf57
rna,5791,INO80
rna,5792,NARG2
rna,5793,DLL4
rna,5794,ALDH1A2
rna,5795,FAM63B
rna,5796,IVD
rna,5797,KNSTRN
rna,5798,DUT
rna,5799,CHAC1
rna,5800,ARPP19
rna,5801,VPS13C
rna,5802,CALML4
rna,5803,ISLR
rna,5804,THAP10
rna,5805,LOXL1
rna,5806,CCRL1
rna,5807,ANAPC13
rna,5808,MBD4
rna,5809,COPB1
rna,5810,SUMF2
rna,5811,PALLD
rna,5812,SPCS3
rna,5813,BBOX1
rna,5814,MYOD1
rna,5815,SERGEF
rna,5816,KCNC1
rna,5817,CSRP3
rna,5818,E2F8
rna,5819,DCTD
rna,5820,SOX15
rna,5821,FAM64A
rna,5822,RPAIN
rna,5823,USP6
rna,5824,SHBG
rna,5825,PLD2
rna,5826,AIPL1
rna,5827,CD68
rna,5828,TXNDC17
rna,5829,ATP1B2
rna,5830,FXR2
rna,5831,KIF1C
rna,5832,MPDU1
rna,5833,MMP28
rna,5834,CCL4
rna,5835,MRM1
rna,5836,PHF20L1
rna,5837,LRRC6
rna,5838,CCNT1
rna,5839,PUS7L
rna,5840,KRI1
rna,5841,ILF3
rna,5842,SLC44A2
rna,5843,AP1M2
rna,5844,CDKN2D
rna,5845,MTUS1
rna,5846,KLK14
rna,5847,SIGLEC9
rna,5848,KLK10
rna,5849,KLK8
rna,5850,NGDN
rna,5851,RIPK3
rna,5852,ADCY4
rna,5853,RAB2B
rna,5854,PARP2
rna,5855,HEATR5A
rna,5856,FOXA1
rna,5857,SNX6
rna,5858,EAPP
rna,5859,EGLN3
rna,5860,MIS18BP1
rna,5861,NRL
rna,5862,RNASE1
rna,5863,DAD1
rna,5864,TEP1
rna,5865,EPB41L4A
rna,5866,CDO1
rna,5867,REEP5
rna,5868,ITFG1
rna,5869,QRICH2
rna,5870,FOXJ1
rna,5871,SEC14L1
rna,5872,RHBDF2
rna,5873,AANAT
rna,5874,ARHGEF6
rna,5875,MAP7D3
rna,5876,FGF13
rna,5877,ASH2L
rna,5878,TTI2
rna,5879,ART1
rna,5880,CHRNA10
rna,5881,CDKN1C
rna,5882,SGOL1
rna,5883,RPS4Y1
rna,5884,CDH15
rna,5885,KLF16
rna,5886,TMEM8A
rna,5887,DOHH
rna,5888,MAU2
rna,5889,SHC2
rna,5890,LBP
rna,5891,SYT5
rna,5892,TNNI3
rna,5893,CBFA2T3
rna,5894,GAMT
rna,5895,HDHD1
rna,5896,C6orf70
rna,5897,PHF10
rna,5898,PRRG3
rna,5899,GALNT8
rna,5900,KCNA5
rna,5901,EFCAB4B
rna,5902,NXNL2
rna,5903,STARD8
rna,5904,FAM155B
rna,5905,GDPD2
rna,5906,SAT1
rna,5907,SH3BP4
rna,5908,MOSPD2
rna,5909,DOCK6
rna,5910,ECSIT
rna,5911,LDLR
rna,5912,ELOF1
rna,5913,TSPAN16
rna,5914,C19orf80
rna,5915,PRKCSH
rna,5916,CNN1
rna,5917,CDC16
rna,5918,ZSCAN10
rna,5919,THEM6
rna,5920,EXOC3L2
rna,5921,PVRL2
rna,5922,APOE
rna,5923,TOMM40
rna,5924,APOC1
rna,5925,GADD45G
rna,5926,LRCH2
rna,5927,DPP6
rna,5928,XPO7
rna,5929,ACE2
rna,5930,FAM98C
rna,5931,SAFB2
rna,5932,RPL36
rna,5933,ATP8B3
rna,5934,NCAN
rna,5935,KIF1A
rna,5936,GTPBP3
rna,5937,PLVAP
rna,5938,BST2
rna,5939,SLC27A1
rna,5940,NSUN5
rna,5941,USHBP1
rna,5942,GLT25D1
rna,5943,DDA1
rna,5944,MRPL34
rna,5945,PGLS
rna,5946,LSM7
rna,5947,TULP4
rna,5948,SNX9
rna,5949,RTN4IP1
rna,5950,QRSL1
rna,5951,C6orf203
rna,5952,RSPH3
rna,5953,MAS1
rna,5954,ACSBG2
rna,5955,MLLT1
rna,5956,FUT5
rna,5957,BMP15
rna,5958,MLLT4
rna,5959,ACTN4
rna,5960,STK33
rna,5961,NDUFA10
rna,5962,EPO
rna,5963,ARPC1B
rna,5964,CACNG6
rna,5965,ZSWIM6
rna,5966,FCHO1
rna,5967,UNC13A
rna,5968,MAP1S
rna,5969,KLHDC7B
rna,5970,SCO2
rna,5971,PXDN
rna,5972,SSBP4
rna,5973,GDF15
rna,5974,PGPEP1
rna,5975,KIAA1683
rna,5976,LSM4
rna,5977,JUND
rna,5978,HRC
rna,5979,TRPM4
rna,5980,SULT4A1
rna,5981,ZNF557
rna,5982,CRB3
rna,5983,OLFM1
rna,5984,CAMSAP1
rna,5985,UBAC1
rna,5986,SAG
rna,5987,ZBTB46
rna,5988,HELZ2
rna,5989,LSP1
rna,5990,TNNT3
rna,5991,TNNI2
rna,5992,COL5A1
rna,5993,ATXN10
rna,5994,TUBGCP2
rna,5995,CALY
rna,5996,CYP2E1
rna,5997,PNPLA7
rna,5998,HBZ
rna,5999,PAK4
rna,6000,MNX1
rna,6001,ZNF337
rna,6002,CEP85
rna,6003,TAF4
rna,6004,GATA5
rna,6005,RBBP8NL
rna,6006,LAMA5
rna,6007,OSBPL2
rna,6008,ADRM1
rna,6009,ASS1
rna,6010,PRDM12
rna,6011,EXOSC2
rna,6012,POMT1
rna,6013,UCK1
rna,6014,FIBCD1
rna,6015,PRRC2B
rna,6016,CHMP2A
rna,6017,UBE2M
rna,6018,TRIM28
rna,6019,C16orf13
rna,6020,YIPF2
rna,6021,ATG4D
rna,6022,EIF2S3
rna,6023,TMEM160
rna,6024,ZC3H4
rna,6025,NPAS1
rna,6026,GMFG
rna,6027,MAP3K10
rna,6028,ARHGEF16
rna,6029,LRRC47
rna,6030,SESN2
rna,6031,SMPDL3B
rna,6032,ATPIF1
rna,6033,MED18
rna,6034,THEMIS2
rna,6035,CLIP1
rna,6036,CCDC62
rna,6037,HIP1R
rna,6038,ZNF317
rna,6039,EIF3G
rna,6040,ANGPTL6
rna,6041,C19orf66
rna,6042,DNMT1
rna,6043,ZNF426
rna,6044,SLC6A8
rna,6045,PNCK
rna,6046,DKC1
rna,6047,PLXNA3
rna,6048,DUSP9
rna,6049,MPP1
rna,6050,ZNF331
rna,6051,ZNF236
rna,6052,SLC7A10
rna,6053,LRP3
rna,6054,C12orf65
rna,6055,NOL11
rna,6056,UBE4B
rna,6057,CASZ1
rna,6058,PKDREJ
rna,6059,HSD17B3
rna,6060,HABP4
rna,6061,FBP2
rna,6062,SLC35D2
rna,6063,UBA1
rna,6064,RGN
rna,6065,POLN
rna,6066,TXLNG2P
rna,6067,PPIL4
rna,6068,ULBP2
rna,6069,AKAP12
rna,6070,SYNE1
rna,6071,ULBP3
rna,6072,LATS1
rna,6073,EPS8L1
rna,6074,LILRB2
rna,6075,AAR2
rna,6076,TTLL9
rna,6077,BPIFA2
rna,6078,RBM39
rna,6079,COX4I2
rna,6080,BPIFA3
rna,6081,ZNF341
rna,6082,GGT7
rna,6083,DEFB118
rna,6084,ACSS2
rna,6085,EDA2R
rna,6086,ARHGEF9
rna,6087,C1QL1
rna,6088,GFAP
rna,6089,PYY
rna,6090,HIGD1B
rna,6091,ATP6V1E1
rna,6092,ZNF227
rna,6093,ZNF428
rna,6094,TEX101
rna,6095,ZNF141
rna,6096,CCL25
rna,6097,COX4I1
rna,6098,EMC8
rna,6099,GSE1
rna,6100,GINS2
rna,6101,CHMP1A
rna,6102,SH3BGRL
rna,6103,COX7B
rna,6104,SLC34A1
rna,6105,F12
rna,6106,PRR7
rna,6107,NFATC1
rna,6108,IDO1
rna,6109,CAP1
rna,6110,PPT1
rna,6111,RAB11FIP4
rna,6112,RLIM
rna,6113,CDX4
rna,6114,ABCB7
rna,6115,TRAF3
rna,6116,HAUS8
rna,6117,EMR3
rna,6118,MRPS25
rna,6119,SH3BP5
rna,6120,HACL1
rna,6121,TBC1D5
rna,6122,CAPN7
rna,6123,RFTN1
rna,6124,C3orf20
rna,6125,ZFYVE20
rna,6126,GALNT15
rna,6127,SLC6A6
rna,6128,KCNC3
rna,6129,NAPSA
rna,6130,NAPSB
rna,6131,NR1H2
rna,6132,LRRC4B
rna,6133,PDLIM4
rna,6134,KIF3A
rna,6135,MGAT1
rna,6136,GFPT2
rna,6137,TUBG1
rna,6138,PSME3
rna,6139,RPL27
rna,6140,PSMC3IP
rna,6141,AOC3
rna,6142,ACLY
rna,6143,VPS25
rna,6144,RAMP2
rna,6145,AOC2
rna,6146,G6PC
rna,6147,NDUFA2
rna,6148,DIAPH1
rna,6149,NDFIP1
rna,6150,UBE2D2
rna,6151,EXOC4
rna,6152,ACAP3
rna,6153,C1orf159
rna,6154,ANO1
rna,6155,PPFIA1
rna,6156,TMEM204
rna,6157,KREMEN2
rna,6158,THOC6
rna,6159,TRAF7
rna,6160,BARX1
rna,6161,NINJ1
rna,6162,CA6
rna,6163,NPHP4
rna,6164,MAP1B
rna,6165,IL13RA1
rna,6166,WDR44
rna,6167,CKMT2
rna,6168,ZCCHC9
rna,6169,KRT34
rna,6170,KRT33B
rna,6171,TNS4
rna,6172,TOP2A
rna,6173,STARD3
rna,6174,RARA
rna,6175,PPP1R1B
rna,6176,KHDRBS3
rna,6177,CHD1L
rna,6178,PEX11B
rna,6179,FMO5
rna,6180,PIAS3
rna,6181,PRKAB2
rna,6182,RBM8A
rna,6183,FSHB
rna,6184,PDHA1
rna,6185,RAI2
rna,6186,MCCC2
rna,6187,ZNF304
rna,6188,ZSCAN5A
rna,6189,ZNF132
rna,6190,USP29
rna,6191,VIMP
rna,6192,CHSY1
rna,6193,SNRPA1
rna,6194,LLGL1
rna,6195,NR0B2
rna,6196,LIN28A
rna,6197,THAP1
rna,6198,RHPN2
rna,6199,C19orf12
rna,6200,C19orf40
rna,6201,ACTR10
rna,6202,ABHD12B
rna,6203,GCH1
rna,6204,LGALS3
rna,6205,PODNL1
rna,6206,DNAJB1
rna,6207,ZSWIM4
rna,6208,FBXW9
rna,6209,RFX1
rna,6210,C19orf57
rna,6211,DCAF15
rna,6212,CC2D1A
rna,6213,RTBDN
rna,6214,MATN3
rna,6215,TRIM21
rna,6216,SPATA6
rna,6217,LRRC41
rna,6218,LHX1
rna,6219,GAS2L2
rna,6220,CCT6B
rna,6221,ACACA
rna,6222,DHX30
rna,6223,RAF1
rna,6224,SLC6A11
rna,6225,PPARG
rna,6226,NUP210
rna,6227,FCRLA
rna,6228,ENOSF1
rna,6229,LINC00470
rna,6230,EMILIN2
rna,6231,ARFIP2
rna,6232,TRIM5
rna,6233,CNGA4
rna,6234,TRIM22
rna,6235,RRP8
rna,6236,EFR3A
rna,6237,PTCD3
rna,6238,IMMT
rna,6239,MRPL35
rna,6240,IQCA1
rna,6241,ILKAP
rna,6242,PER2
rna,6243,RAMP1
rna,6244,PTPRE
rna,6245,RAN
rna,6246,PRKAA1
rna,6247,CARD6
rna,6248,RAP1GAP2
rna,6249,CLUH
rna,6250,INPP5K
rna,6251,MYBBP1A
rna,6252,RPA1
rna,6253,SERPINF1
rna,6254,UBE2G1
rna,6255,EEFSEC
rna,6256,TBC1D14
rna,6257,TMEM128
rna,6258,COQ3
rna,6259,PNISR
rna,6260,POPDC3
rna,6261,SEC61G
rna,6262,LANCL2
rna,6263,FIGNL1
rna,6264,DDC
rna,6265,FTHL17
rna,6266,GRSF1
rna,6267,ENAM
rna,6268,IGJ
rna,6269,ANKRD17
rna,6270,UTP3
rna,6271,ITGB4
rna,6272,WBP2
rna,6273,H3F3B
rna,6274,UNK
rna,6275,TRIM47
rna,6276,ZRANB2
rna,6277,EIF5A
rna,6278,KDM6B
rna,6279,CLEC10A
rna,6280,SLC52A1
rna,6281,GUCY2D
rna,6282,XAF1
rna,6283,DLG4
rna,6284,HRSP12
rna,6285,VPS13B
rna,6286,RGS22
rna,6287,MATN2
rna,6288,REEP2
rna,6289,PCBD2
rna,6290,SDF2
rna,6291,FLOT2
rna,6292,ERAL1
rna,6293,PRMT7
rna,6294,NIP7
rna,6295,TERF2
rna,6296,VPS4A
rna,6297,MTSS1L
rna,6298,HSPA12B
rna,6299,ANKEF1
rna,6300,SCP2D1
rna,6301,PCED1A
rna,6302,SNAP25
rna,6303,BTBD3
rna,6304,PCNA
rna,6305,NXT1
rna,6306,POLR3F
rna,6307,RIN2
rna,6308,PTPRA
rna,6309,RHBG
rna,6310,KIAA0907
rna,6311,ATP1A4
rna,6312,NES
rna,6313,BCAN
rna,6314,CRP
rna,6315,ARHGEF11
rna,6316,RAB25
rna,6317,HAPLN2
rna,6318,APCS
rna,6319,FCRL2
rna,6320,DCAF8
rna,6321,SYT11
rna,6322,IGHMBP2
rna,6323,ACY3
rna,6324,ALDH3B2
rna,6325,MTL5
rna,6326,MMACHC
rna,6327,DPH2
rna,6328,TOE1
rna,6329,NASP
rna,6330,MUTYH
rna,6331,CTNNBL1
rna,6332,LPIN3
rna,6333,ZSWIM3
rna,6334,RBM38
rna,6335,VSTM2L
rna,6336,C20orf111
rna,6337,SERINC3
rna,6338,PPP1R3D
rna,6339,DMGDH
rna,6340,BHMT2
rna,6341,AP3B1
rna,6342,ZBED3
rna,6343,INADL
rna,6344,KANK4
rna,6345,ANGPTL3
rna,6346,SYT4
rna,6347,SLC14A2
rna,6348,FBXO44
rna,6349,RSG1
rna,6350,CASP9
rna,6351,NMUR2
rna,6352,DCTN4
rna,6353,PDE6A
rna,6354,ATP8A2
rna,6355,MTUS2
rna,6356,ZMYM5
rna,6357,USPL1
rna,6358,XPO4
rna,6359,TPTE2
rna,6360,POMP
rna,6361,CDK8
rna,6362,ALOX5AP
rna,6363,WASF3
rna,6364,RNF17
rna,6365,GPR12
rna,6366,CHRM3
rna,6367,MYH8
rna,6368,MYH10
rna,6369,PEMT
rna,6370,SCO1
rna,6371,CHI3L1
rna,6372,MYBPH
rna,6373,PIK3C2B
rna,6374,DSTYK
rna,6375,CHIT1
rna,6376,SLC41A1
rna,6377,LGR6
rna,6378,TMCC2
rna,6379,DCLK1
rna,6380,CCNA1
rna,6381,COG6
rna,6382,SPG20
rna,6383,RXFP2
rna,6384,EPSTI1
rna,6385,TRPC4
rna,6386,POSTN
rna,6387,RFXAP
rna,6388,KIAA1704
rna,6389,STOML3
rna,6390,KL
rna,6391,RFC3
rna,6392,STARD13
rna,6393,IRS4
rna,6394,BEX2
rna,6395,RNF128
rna,6396,TBC1D8B
rna,6397,TCEAL4
rna,6398,TEX13A
rna,6399,BEX1
rna,6400,FAM104A
rna,6401,SLC39A11
rna,6402,EPHB2
rna,6403,SRRM1
rna,6404,BTBD2
rna,6405,PRAM1
rna,6406,SUV420H2
rna,6407,ZNF414
rna,6408,PDE6B
rna,6409,HSPBP1
rna,6410,CSNK1G2
rna,6411,ANKRD32
rna,6412,CNDP2
rna,6413,MACROD1
rna,6414,WDR74
rna,6415,LGALS12
rna,6416,RTN3
rna,6417,RARRES3
rna,6418,HRASLS2
rna,6419,MYH11
rna,6420,FOPNL
rna,6421,MED10
rna,6422,PDZD2
rna,6423,MORC2
rna,6424,LARGE
rna,6425,MYO18B
rna,6426,C1QTNF6
rna,6427,FAM83F
rna,6428,SEC14L4
rna,6429,GIMAP6
rna,6430,GIMAP4
rna,6431,ADCK2
rna,6432,MKRN1
rna,6433,AGAP3
rna,6434,KRBA1
rna,6435,ZNF767
rna,6436,ACTR3B
rna,6437,NTS
rna,6438,LRRIQ1
rna,6439,C12orf29
rna,6440,ATP13A3
rna,6441,SFTPD
rna,6442,DYDC2
rna,6443,TMEM254
rna,6444,TMTC1
rna,6445,KRAS
rna,6446,IPO8
rna,6447,LARS
rna,6448,SPINK5
rna,6449,IMPA1
rna,6450,LRRCC1
rna,6451,E2F5
rna,6452,CA1
rna,6453,CCDC59
rna,6454,SWAP70
rna,6455,ARNTL
rna,6456,LYVE1
rna,6457,AMPD3
rna,6458,MICALCL
rna,6459,SBF2
rna,6460,MICAL2
rna,6461,HSD17B4
rna,6462,ZFC3H1
rna,6463,TEX15
rna,6464,TMEM66
rna,6465,RNF122
rna,6466,DUSP26
rna,6467,DPF2
rna,6468,MEN1
rna,6469,C14orf1
rna,6470,GSC
rna,6471,C14orf159
rna,6472,UNC79
rna,6473,NUMB
rna,6474,CATSPERB
rna,6475,VRTN
rna,6476,TTC9
rna,6477,MED6
rna,6478,EIF2S1
rna,6479,LOXL2
rna,6480,ELP3
rna,6481,PEBP4
rna,6482,ADAMDEC1
rna,6483,CTIF
rna,6484,MRO
rna,6485,MBD2
rna,6486,IER3IP1
rna,6487,MRPS36
rna,6488,CCNB1
rna,6489,CDK7
rna,6490,CD180
rna,6491,IRAK2
rna,6492,CAMK1
rna,6493,THUMPD3
rna,6494,VHL
rna,6495,BHLHE40
rna,6496,ARL8B
rna,6497,EDEM1
rna,6498,CNTN6
rna,6499,CHL1
rna,6500,MEIS2
rna,6501,ATPBD4
rna,6502,KATNBL1
rna,6503,EMC7
rna,6504,TRPM1
rna,6505,GNAT2
rna,6506,PRPF38B
rna,6507,REG4
rna,6508,TSPAN2
rna,6509,TSHB
rna,6510,GSTM3
rna,6511,SYT6
rna,6512,VAV3
rna,6513,CHIA
rna,6514,PSRC1
rna,6515,HMGCS2
rna,6516,PTPN22
rna,6517,SORT1
rna,6518,WNT2B
rna,6519,PTGFRN
rna,6520,LAMTOR5
rna,6521,ADAM30
rna,6522,NOTCH2
rna,6523,TRIM45
rna,6524,CEPT1
rna,6525,CD101
rna,6526,VTCN1
rna,6527,NGF
rna,6528,AP4B1
rna,6529,NAPG
rna,6530,SPIRE1
rna,6531,PPHLN1
rna,6532,TMEM106C
rna,6533,SLC38A2
rna,6534,PLEKHA8P1
rna,6535,YWHAQ
rna,6536,KIDINS220
rna,6537,GRHL1
rna,6538,ROCK2
rna,6539,RSAD2
rna,6540,MYCN
rna,6541,LPIN1
rna,6542,CMPK2
rna,6543,IAH1
rna,6544,LDHA
rna,6545,ANO3
rna,6546,IL6ST
rna,6547,FST
rna,6548,NAV1
rna,6549,CDC73
rna,6550,TIMM17A
rna,6551,CRB1
rna,6552,CFHR5
rna,6553,ERN2
rna,6554,RPS15A
rna,6555,RAX
rna,6556,NARS
rna,6557,GRP
rna,6558,KIAA1468
rna,6559,FBXO18
rna,6560,RBM17
rna,6561,IL2RA
rna,6562,ANKRD16
rna,6563,ECHDC3
rna,6564,IL15RA
rna,6565,CCNH
rna,6566,HRH4
rna,6567,TMEM241
rna,6568,KCTD1
rna,6569,CABLES1
rna,6570,DOCK2
rna,6571,EMP1
rna,6572,SOX5
rna,6573,RERG
rna,6574,SLCO1B1
rna,6575,KLRD1
rna,6576,KLRC1
rna,6577,C12orf39
rna,6578,PRH2
rna,6579,LRP4
rna,6580,MYBPC3
rna,6581,DDB2
rna,6582,ACP2
rna,6583,USP26
rna,6584,FAM127A
rna,6585,RAB33A
rna,6586,SOX3
rna,6587,RBMX2
rna,6588,PIWIL4
rna,6589,MTNR1B
rna,6590,PUM1
rna,6591,SPOCD1
rna,6592,YARS
rna,6593,PHC2
rna,6594,CDCA8
rna,6595,GNL2
rna,6596,EIF2C4
rna,6597,HOOK1
rna,6598,CYP2J2
rna,6599,BTF3L4
rna,6600,ZCCHC11
rna,6601,PRPF38A
rna,6602,DSC2
rna,6603,DSG3
rna,6604,RNF138
rna,6605,ELP2
rna,6606,DSG1
rna,6607,DSC3
rna,6608,DSC1
rna,6609,DTNA
rna,6610,FHOD3
rna,6611,TPGS2
rna,6612,DAGLA
rna,6613,TIMM10
rna,6614,GIF
rna,6615,DHX34
rna,6616,APLNR
rna,6617,FADS2
rna,6618,TMEM258
rna,6619,TCN1
rna,6620,C5AR2
rna,6621,TMEM165
rna,6622,CLOCK
rna,6623,PDGFRA
rna,6624,GGACT
rna,6625,COL4A2
rna,6626,CLDN10
rna,6627,DZIP1
rna,6628,UBAC2
rna,6629,ARGLU1
rna,6630,BIVM
rna,6631,ERCC5
rna,6632,TPP2
rna,6633,KDELC1
rna,6634,CARS2
rna,6635,ARHGAP32
rna,6636,STT3A
rna,6637,ADAMTS8
rna,6638,ACRV1
rna,6639,ETS1
rna,6640,SLC37A2
rna,6641,KLB
rna,6642,NREP
rna,6643,WDR36
rna,6644,OSTF1
rna,6645,RFK
rna,6646,UBQLN1
rna,6647,NAA35
rna,6648,C9orf40
rna,6649,ANXA1
rna,6650,CTSL1
rna,6651,TMEM2
rna,6652,AGTPBP1
rna,6653,GOLM1
rna,6654,FAM189A2
rna,6655,PSAT1
rna,6656,ADAM19
rna,6657,HAVCR2
rna,6658,CCNJL
rna,6659,TAOK3
rna,6660,USP30
rna,6661,SDS
rna,6662,MSI1
rna,6663,HNF1A
rna,6664,FBXO21
rna,6665,TBX3
rna,6666,OASL
rna,6667,HRK
rna,6668,RNFT2
rna,6669,P2RX4
rna,6670,CCDC64
rna,6671,DTX1
rna,6672,TRAFD1
rna,6673,DMTF1
rna,6674,TMEM243
rna,6675,CCDC146
rna,6676,TMEM60
rna,6677,CD36
rna,6678,UGT2A3
rna,6679,CSN2
rna,6680,UGT2B28
rna,6681,PNPLA8
rna,6682,FAM71F1
rna,6683,RINT1
rna,6684,SRPK2
rna,6685,KCP
rna,6686,TES
rna,6687,MDFIC
rna,6688,MTO1
rna,6689,BAI3
rna,6690,ANKRD6
rna,6691,HTR1B
rna,6692,KIAA1009
rna,6693,SYNCRIP
rna,6694,SNX14
rna,6695,NT5E
rna,6696,MRAP2
rna,6697,EPHA7
rna,6698,AKIRIN2
rna,6699,ORC3
rna,6700,LCA5
rna,6701,MAP3K7
rna,6702,CGA
rna,6703,GJA10
rna,6704,PRR5L
rna,6705,LMO2
rna,6706,PHF21A
rna,6707,NAT10
rna,6708,EHF
rna,6709,ELF5
rna,6710,PRRG4
rna,6711,CAPRIN1
rna,6712,ATP5G2
rna,6713,CD63
rna,6714,PRPH
rna,6715,AVIL
rna,6716,AMHR2
rna,6717,LACRT
rna,6718,GDF11
rna,6719,GLS2
rna,6720,ITGA7
rna,6721,TESPA1
rna,6722,FAM186B
rna,6723,AGAP2
rna,6724,KRT85
rna,6725,CDK4
rna,6726,PPP1R1A
rna,6727,TROAP
rna,6728,TSPAN31
rna,6729,B4GALNT1
rna,6730,TFCP2
rna,6731,COQ10A
rna,6732,FAIM2
rna,6733,PAN2
rna,6734,ESPL1
rna,6735,KRT121P
rna,6736,KRT7
rna,6737,SLC26A10
rna,6738,ACVR1B
rna,6739,OS9
rna,6740,MIP
rna,6741,KCNH3
rna,6742,LTV1
rna,6743,MAP7
rna,6744,CD164
rna,6745,LACE1
rna,6746,NHSL1
rna,6747,AHI1
rna,6748,HEY2
rna,6749,PKIB
rna,6750,TAAR5
rna,6751,NMBR
rna,6752,SMPD2
rna,6753,MICAL1
rna,6754,REPS1
rna,6755,STX11
rna,6756,TEC
rna,6757,PRADC1
rna,6758,SEMA4F
rna,6759,CCT7
rna,6760,EGR4
rna,6761,RAB11FIP5
rna,6762,SMYD5
rna,6763,DYSF
rna,6764,CCDC142
rna,6765,EMX1
rna,6766,KCNMB4
rna,6767,USP15
rna,6768,GNS
rna,6769,CPM
rna,6770,MDM2
rna,6771,KLHL36
rna,6772,BCMO1
rna,6773,MPHOSPH6
rna,6774,KIAA0513
rna,6775,DYNC1LI2
rna,6776,FBXL8
rna,6777,FHOD1
rna,6778,CCDC102A
rna,6779,SLC9A5
rna,6780,AGT
rna,6781,ZNF670
rna,6782,PCNXL2
rna,6783,KCNK1
rna,6784,URB2
rna,6785,EGLN1
rna,6786,CAPN9
rna,6787,COG2
rna,6788,ABCB10
rna,6789,NTPCR
rna,6790,TAF5L
rna,6791,GLUL
rna,6792,STX6
rna,6793,RGS8
rna,6794,RNASEL
rna,6795,DHX9
rna,6796,KIAA1614
rna,6797,CEP350
rna,6798,NPL
rna,6799,FAM129A
rna,6800,PIGC
rna,6801,ACBD6
rna,6802,LAMC1
rna,6803,RC3H1
rna,6804,GPR55
rna,6805,SP110
rna,6806,MRPL44
rna,6807,CHRND
rna,6808,PAX3
rna,6809,DOCK10
rna,6810,TTLL4
rna,6811,USP37
rna,6812,HTR2B
rna,6813,ITM2C
rna,6814,SLC19A3
rna,6815,SERPINE2
rna,6816,DNAJB2
rna,6817,WNT10A
rna,6818,TMBIM1
rna,6819,CYP27A1
rna,6820,EIF4E2
rna,6821,ARMC9
rna,6822,CAB39
rna,6823,COX5B
rna,6824,REV1
rna,6825,TSGA10
rna,6826,MFSD9
rna,6827,TMEM127
rna,6828,EDAR
rna,6829,TGFBRAP1
rna,6830,GCC2
rna,6831,MRPS9
rna,6832,GPR45
rna,6833,C2orf49
rna,6834,ANKRD36
rna,6835,EPC2
rna,6836,ARHGEF4
rna,6837,ISCU
rna,6838,ALDH1L2
rna,6839,STAB2
rna,6840,USP44
rna,6841,SCYL2
rna,6842,CKAP4
rna,6843,PLXNC1
rna,6844,APPL2
rna,6845,PWP1
rna,6846,DRAM1
rna,6847,KIAA1033
rna,6848,SLC41A2
rna,6849,VILL
rna,6850,FLNB
rna,6851,NEK3
rna,6852,PCDH8
rna,6853,VPS36
rna,6854,RNASEH2B
rna,6855,CKAP2
rna,6856,LECT1
rna,6857,TBC1D4
rna,6858,BORA
rna,6859,LRCH1
rna,6860,SUCLA2
rna,6861,RCBTB1
rna,6862,MED4
rna,6863,PHF11
rna,6864,COG3
rna,6865,LMO7
rna,6866,SCEL
rna,6867,ITM2B
rna,6868,SPRY2
rna,6869,NUDT15
rna,6870,EDNRB
rna,6871,RCBTB2
rna,6872,LCP1
rna,6873,SETDB2
rna,6874,SCRN1
rna,6875,TNS3
rna,6876,CHST12
rna,6877,IGF2BP3
rna,6878,GPNMB
rna,6879,RAPGEF5
rna,6880,RAC1
rna,6881,NUPL2
rna,6882,IL6
rna,6883,ZDHHC4
rna,6884,AOAH
rna,6885,BZW2
rna,6886,DGKB
rna,6887,TBRG4
rna,6888,DDX56
rna,6889,HUS1
rna,6890,NACAD
rna,6891,C7orf69
rna,6892,DBNL
rna,6893,CCM2
rna,6894,MYO1G
rna,6895,TTYH3
rna,6896,MMD2
rna,6897,CIDEB
rna,6898,TTC5
rna,6899,NKX2-8
rna,6900,ZFHX2
rna,6901,ADAMTS7
rna,6902,FAM108C1
rna,6903,IREB2
rna,6904,ALPK3
rna,6905,TM6SF1
rna,6906,CIB2
rna,6907,CALCOCO2
rna,6908,RSAD1
rna,6909,NMT1
rna,6910,MYCBPAP
rna,6911,SRSF1
rna,6912,VEZF1
rna,6913,CHAD
rna,6914,TACO1
rna,6915,TEX2
rna,6916,DCAF7
rna,6917,GH2
rna,6918,CSH1
rna,6919,LIMD2
rna,6920,BRIP1
rna,6921,KAT7
rna,6922,RTP4
rna,6923,ACTL6A
rna,6924,NDUFB5
rna,6925,MRPL47
rna,6926,TRA2B
rna,6927,SCN2A
rna,6928,TBR1
rna,6929,MARCH7
rna,6930,ERMN
rna,6931,GALNT5
rna,6932,SCN7A
rna,6933,TANK
rna,6934,BLK
rna,6935,GATA4
rna,6936,SKIL
rna,6937,EPRS1
rna,6938,HLX
rna,6939,VPS45
rna,6940,IL10
rna,6941,KCTD3
rna,6942,RPS6KC1
rna,6943,RASSF5
rna,6944,IL36G
rna,6945,IL1RN
rna,6946,IL36A
rna,6947,IL36RN
rna,6948,IL36B
rna,6949,IL1F10
rna,6950,SMPD4
rna,6951,WDR33
rna,6952,CCDC115
rna,6953,SAP130
rna,6954,BIN1
rna,6955,IMP4
rna,6956,UGGT1
rna,6957,GYPC
rna,6958,STAM
rna,6959,GAD2
rna,6960,ABI1
rna,6961,YME1L1
rna,6962,DNAJC1
rna,6963,NIPSNAP3A
rna,6964,LRRC8A
rna,6965,FRRS1L
rna,6966,CDK9
rna,6967,TXN
rna,6968,ODF2
rna,6969,KIAA0368
rna,6970,TOR1B
rna,6971,C9orf78
rna,6972,SMC2
rna,6973,KLF4
rna,6974,TOR1A
rna,6975,RALGPS1
rna,6976,FAM129B
rna,6977,OR1J1
rna,6978,OR13C9
rna,6979,ST6GALNAC4
rna,6980,TMOD1
rna,6981,DAB2IP
rna,6982,STXBP1
rna,6983,SLC2A8
rna,6984,ANGPTL2
rna,6985,CDK5RAP2
rna,6986,ZFP37
rna,6987,SLC31A2
rna,6988,SLC31A1
rna,6989,TLR4
rna,6990,ZNF189
rna,6991,ALDOB
rna,6992,STX17
rna,6993,PRPF4
rna,6994,FPGS
rna,6995,USP20
rna,6996,BAAT
rna,6997,KIF12
rna,6998,ATP6V1G1
rna,6999,TEX10
rna,7000,GARNL3
rna,7001,MRPL50
rna,7002,DPM2
rna,7003,WDR38
rna,7004,TSTD2
rna,7005,GABBR2
rna,7006,HEMGN
rna,7007,PSMB7
rna,7008,NR5A1
rna,7009,C9orf156
rna,7010,RABEPK
rna,7011,GOLGA1
rna,7012,XPA
rna,7013,NCBP1
rna,7014,ANP32B
rna,7015,OR1L4
rna,7016,PDCL
rna,7017,RPL35
rna,7018,CTSL2
rna,7019,LMX1B
rna,7020,ARPC5L
rna,7021,ENPP2
rna,7022,DSCC1
rna,7023,DERL1
rna,7024,MYC
rna,7025,NOV
rna,7026,IL33
rna,7027,C9orf123
rna,7028,RANBP6
rna,7029,PLAA
rna,7030,IL11RA
rna,7031,UBAP2
rna,7032,APTX
rna,7033,RNF38
rna,7034,TLN1
rna,7035,CCL21
rna,7036,SIT1
rna,7037,IFNA21
rna,7038,DMRT1
rna,7039,DNAJB5
rna,7040,SPAG8
rna,7041,DCTN3
rna,7042,CD72
rna,7043,TMEM8B
rna,7044,GRHPR
rna,7045,ALDH1B1
rna,7046,HINT2
rna,7047,ARHGEF39
rna,7048,IGFBPL1
rna,7049,DENND4C
rna,7050,RPS6
rna,7051,CNPY3
rna,7052,FOXP4
rna,7053,PPIL1
rna,7054,KLC4
rna,7055,KIF13A
rna,7056,ZSCAN9
rna,7057,PIM1
rna,7058,GMPR
rna,7059,FTSJD2
rna,7060,TFAP2A
rna,7061,SLC22A7
rna,7062,YIPF3
rna,7063,TMEM63B
rna,7064,FRS3
rna,7065,TJAP1
rna,7066,CAPN11
rna,7067,TINAG
rna,7068,HCRTR2
rna,7069,HIST1H2AB
rna,7070,KIAA0319
rna,7071,IRF4
rna,7072,SLC22A23
rna,7073,TUBB2A
rna,7074,LRRC1
rna,7075,GCM1
rna,7076,FOXF2
rna,7077,BPHL
rna,7078,RIPK1
rna,7079,TUBB2B
rna,7080,MNF1
rna,7081,HMGA1
rna,7082,TCF19
rna,7083,FLOT1
rna,7084,IER3
rna,7085,MDC1
rna,7086,PGBD1
rna,7087,ATAT1
rna,7088,TPMT
rna,7089,CLPS
rna,7090,RNF144B
rna,7091,NRM
rna,7092,MTCH1
rna,7093,VARS2
rna,7094,TAF8
rna,7095,FAM8A1
rna,7096,C6orf52
rna,7097,FGFBP1
rna,7098,FGFBP2
rna,7099,CPEB2
rna,7100,FHDC1
rna,7101,TLR2
rna,7102,MGARP
rna,7103,TTC29
rna,7104,MYO7A
rna,7105,FCHSD2
rna,7106,ARRB1
rna,7107,SLCO2B1
rna,7108,PRKRIR
rna,7109,ANKRD42
rna,7110,IL18BP
rna,7111,NUMA1
rna,7112,CCDC90B
rna,7113,SYTL2
rna,7114,CREBZF
rna,7115,LRRC32
rna,7116,PRCP
rna,7117,NARS2
rna,7118,RNF121
rna,7119,MRPL15
rna,7120,PI15
rna,7121,TTPA
rna,7122,GGH
rna,7123,SLCO5A1
rna,7124,SULF1
rna,7125,TGS1
rna,7126,SDCBP
rna,7127,NEK1
rna,7128,DDX60
rna,7129,NXPE4
rna,7130,SORL1
rna,7131,TMPRSS4
rna,7132,BUD13
rna,7133,TRPC6
rna,7134,MMP7
rna,7135,MMP20
rna,7136,MMP27
rna,7137,C11orf70
rna,7138,DCUN1D5
rna,7139,YAP1
rna,7140,TRIM29
rna,7141,SLC37A4
rna,7142,BTG4
rna,7143,POU2F3
rna,7144,RDX
rna,7145,PPP2R1B
rna,7146,FDX1
rna,7147,C11orf1
rna,7148,ARHGAP20
rna,7149,MMP13
rna,7150,TMPRSS13
rna,7151,CASP1
rna,7152,CASP5
rna,7153,ALKBH8
rna,7154,MAP2K5
rna,7155,UNC13C
rna,7156,SQRDL
rna,7157,CTDSPL2
rna,7158,SLTM
rna,7159,THBS1
rna,7160,MAPKBP1
rna,7161,NUSAP1
rna,7162,NDUFAF1
rna,7163,KIF23
rna,7164,ITGA11
rna,7165,CASC5
rna,7166,HAUS2
rna,7167,RTF1
rna,7168,PARP6
rna,7169,RPLP1
rna,7170,PAQR5
rna,7171,LRRC49
rna,7172,TUBGCP4
rna,7173,RMDN3
rna,7174,ITPKA
rna,7175,UACA
rna,7176,SMAD6
rna,7177,PLCB2
rna,7178,TMEM62
rna,7179,PAK6
rna,7180,ADAM10
rna,7181,DUOX1
rna,7182,SLC28A2
rna,7183,STRA6
rna,7184,CYP19A1
rna,7185,ZNF280D
rna,7186,SEMA6D
rna,7187,BCL2L10
rna,7188,RSL24D1
rna,7189,SPTBN5
rna,7190,GCHFR
rna,7191,BCAR3
rna,7192,TTLL7
rna,7193,FNBP1L
rna,7194,CCBL2
rna,7195,GTF2B
rna,7196,BRDT
rna,7197,RABGGTB
rna,7198,IFI44L
rna,7199,GIPC2
rna,7200,ARHGAP29
rna,7201,IFI44
rna,7202,SLC44A5
rna,7203,CLCA2
rna,7204,DNASE2B
rna,7205,DBT
rna,7206,RTCA
rna,7207,IFT172
rna,7208,EPT1
rna,7209,CGREF1
rna,7210,HADHB
rna,7211,KHK
rna,7212,ADCY3
rna,7213,PPM1B
rna,7214,PNPT1
rna,7215,DYNC2LI1
rna,7216,LHCGR
rna,7217,SMEK2
rna,7218,THUMPD2
rna,7219,CYP1B1
rna,7220,SULT6B1
rna,7221,RAB1A
rna,7222,ACTR2
rna,7223,PREB
rna,7224,SLC5A6
rna,7225,ABCG5
rna,7226,PREPL
rna,7227,SLC3A1
rna,7228,EMILIN1
rna,7229,FBXO11
rna,7230,SIX3
rna,7231,ATRAID
rna,7232,CENPO
rna,7233,LRPPRC
rna,7234,TRIM54
rna,7235,DTNB
rna,7236,ACTR1A
rna,7237,CYP2C9
rna,7238,TMEM180
rna,7239,CYP2C8
rna,7240,MYOF
rna,7241,LOXL4
rna,7242,STAMBPL1
rna,7243,CH25H
rna,7244,LBX1
rna,7245,ATAD1
rna,7246,BTBD16
rna,7247,KIF11
rna,7248,CUZD1
rna,7249,TACC2
rna,7250,DUSP5
rna,7251,CALHM2
rna,7252,ARL3
rna,7253,CEP55
rna,7254,KIF20B
rna,7255,EXOC6
rna,7256,PLCE1
rna,7257,RBP4
rna,7258,DBR1
rna,7259,DNAJC13
rna,7260,GPR87
rna,7261,ANXA7
rna,7262,FAM149B1
rna,7263,TIMM23
rna,7264,ASCC1
rna,7265,PLA2G12B
rna,7266,ZNF365
rna,7267,OIT3
rna,7268,ADAMTS14
rna,7269,RPS24
rna,7270,TET1
rna,7271,DNA2
rna,7272,MYPN
rna,7273,AOX1
rna,7274,ATIC
rna,7275,SMARCAL1
rna,7276,BARD1
rna,7277,STAT4
rna,7278,MSTN
rna,7279,ALS2CR8
rna,7280,ASNSD1
rna,7281,METTL5
rna,7282,SSB
rna,7283,NAB1
rna,7284,CDK15
rna,7285,PPIG
rna,7286,FASTKD1
rna,7287,MDH1B
rna,7288,HECW2
rna,7289,IDH1
rna,7290,OLA1
rna,7291,CIR1
rna,7292,ITPRID2
rna,7293,CHRNA1
rna,7294,FAM117B
rna,7295,WDR12
rna,7296,ABI2
rna,7297,ITGAV
rna,7298,SLC40A1
rna,7299,SLC35A5
rna,7300,SLC49A4
rna,7301,SENP7
rna,7302,GUCA1C
rna,7303,CCDC54
rna,7304,PARP9
rna,7305,MNS1
rna,7306,USP8
rna,7307,SECISBP2L
rna,7308,TMOD3
rna,7309,SPPL2A
rna,7310,GLCE
rna,7311,SHF
rna,7312,APH1B
rna,7313,VWA9
rna,7314,CILP
rna,7315,PARP16
rna,7316,PPCDC
rna,7317,HCN4
rna,7318,SEMA7A
rna,7319,UBL7
rna,7320,ARHGAP24
rna,7321,FAM13A
rna,7322,HERC3
rna,7323,HERC6
rna,7324,HERC5
rna,7325,PCDH10
rna,7326,NDST4
rna,7327,C4orf21
rna,7328,AP1AR
rna,7329,COPS4
rna,7330,HNRNPD
rna,7331,PRKG2
rna,7332,RASGEF1B
rna,7333,SEC31A
rna,7334,FGF5
rna,7335,AGPAT9
rna,7336,IL21
rna,7337,FGF2
rna,7338,BBS7
rna,7339,KIAA1109
rna,7340,BMPR1B
rna,7341,RAP1GDS1
rna,7342,LARP1B
rna,7343,MMRN1
rna,7344,PDE5A
rna,7345,PRDM5
rna,7346,TRPC3
rna,7347,NAAA
rna,7348,NUP54
rna,7349,CXCL9
rna,7350,BMP2K
rna,7351,G3BP2
rna,7352,SEPT11
rna,7353,FRAS1
rna,7354,SCARB2
rna,7355,CCNG2
rna,7356,CNOT6L
rna,7357,USO1
rna,7358,CDKL2
rna,7359,SHROOM3
rna,7360,ANXA3
rna,7361,PPA2
rna,7362,CENPE
rna,7363,GSTCD
rna,7364,INTS12
rna,7365,ENPEP
rna,7366,CASP6
rna,7367,LEF1
rna,7368,HADH
rna,7369,EGF
rna,7370,PAPSS1
rna,7371,SEC24B
rna,7372,C4orf17
rna,7373,PPP3CA
rna,7374,SLC39A8
rna,7375,MTTP
rna,7376,FBN2
rna,7377,MAPK8IP3
rna,7378,RGS3
rna,7379,GUCD1
rna,7380,TTLL8
rna,7381,RNF185
rna,7382,KIAA1644
rna,7383,PARVG
rna,7384,B4GALNT3
rna,7385,PDE6H
rna,7386,ERP27
rna,7387,ETV6
rna,7388,GABARAPL1
rna,7389,KIF21A
rna,7390,CPNE8
rna,7391,YARS2
rna,7392,FGD4
rna,7393,PIK3C2G
rna,7394,PLCZ1
rna,7395,AEBP2
rna,7396,SLCO1C1
rna,7397,METTL20
rna,7398,ETNK1
rna,7399,ZCRB1
rna,7400,TMEM117
rna,7401,PRICKLE1
rna,7402,C1RL
rna,7403,CLSTN3
rna,7404,KLRG1
rna,7405,VAMP1
rna,7406,TAPBPL
rna,7407,CD27
rna,7408,RBP5
rna,7409,PEX5
rna,7410,PIANP
rna,7411,SLC38A4
rna,7412,AMIGO2
rna,7413,SCAF11
rna,7414,COL2A1
rna,7415,PPFIA2
rna,7416,ANP32D
rna,7417,LRIG3
rna,7418,MARCH9
rna,7419,INHBE
rna,7420,GLIPR1
rna,7421,TPH2
rna,7422,PHLDA1
rna,7423,TMEM19
rna,7424,LGR5
rna,7425,PTPRQ
rna,7426,DUSP6
rna,7427,POC1B
rna,7428,TMTC3
rna,7429,LUM
rna,7430,KERA
rna,7431,SNRPF
rna,7432,AMDHD1
rna,7433,NEDD1
rna,7434,SYCP3
rna,7435,ASCL1
rna,7436,GAS2L3
rna,7437,TMEM132B
rna,7438,SLC15A4
rna,7439,TDG
rna,7440,C12orf52
rna,7441,SDSL
rna,7442,MMAB
rna,7443,GLTP
rna,7444,GIT2
rna,7445,TCHP
rna,7446,FAM222A
rna,7447,FOXN4
rna,7448,NUPL1
rna,7449,MTMR6
rna,7450,SLC46A3
rna,7451,SLC7A1
rna,7452,PDX1
rna,7453,LNX2
rna,7454,SUOX
rna,7455,CCDC65
rna,7456,SLC39A5
rna,7457,TARBP2
rna,7458,RDH16
rna,7459,DHH
rna,7460,ACVRL1
rna,7461,GPR84
rna,7462,NPFF
rna,7463,NABP2
rna,7464,N4BP2L1
rna,7465,CELA1
rna,7466,KANSL2
rna,7467,CERS5
rna,7468,MAP3K12
rna,7469,ITGB7
rna,7470,GALNT6
rna,7471,CSAD
rna,7472,LMBR1L
rna,7473,C12orf10
rna,7474,ESYT1
rna,7475,TMBIM6
rna,7476,ANKRD52
rna,7477,KRT71
rna,7478,ZNF740
rna,7479,SMIM2
rna,7480,WDFY2
rna,7481,HNRNPA1L2
rna,7482,LPAR6
rna,7483,ESD
rna,7484,RB1
rna,7485,SBNO1
rna,7486,MORN3
rna,7487,SETD1B
rna,7488,VPS37B
rna,7489,RHOF
rna,7490,DENR
rna,7491,DIAPH3
rna,7492,SLAIN1
rna,7493,RBM26
rna,7494,SRRM4
rna,7495,METTL21C
rna,7496,MBNL2
rna,7497,RNF113B
rna,7498,ZIC5
rna,7499,ABHD13
rna,7500,RAB20
rna,7501,GRTP1
rna,7502,CUL4A
rna,7503,TTC6
rna,7504,SSTR1
rna,7505,CDH24
rna,7506,REM2
rna,7507,CBLN3
rna,7508,TSSK4
rna,7509,NOVA1
rna,7510,FITM1
rna,7511,MDGA2
rna,7512,TMX1
rna,7513,FRMD6
rna,7514,PELI2
rna,7515,RTN1
rna,7516,C14orf37
rna,7517,SYT16
rna,7518,SLC38A6
rna,7519,NAA30
rna,7520,ADAM21
rna,7521,RDH12
rna,7522,DCAF5
rna,7523,RAB15
rna,7524,WDR89
rna,7525,ESR2
rna,7526,KCNH5
rna,7527,STON2
rna,7528,GPR65
rna,7529,JDP2
rna,7530,AK7
rna,7531,FAM181A
rna,7532,SLC24A4
rna,7533,FBLN5
rna,7534,SERPINA10
rna,7535,C14orf79
rna,7536,WARS1
rna,7537,SLC25A47
rna,7538,WDR20
rna,7539,NIPA2
rna,7540,SLC12A6
rna,7541,DUOXA1
rna,7542,MFAP1
rna,7543,TCF12
rna,7544,SERF2
rna,7545,ZSCAN29
rna,7546,DUOXA2
rna,7547,DUOX2
rna,7548,LYSMD2
rna,7549,SLC27A2
rna,7550,FGF7
rna,7551,HDC
rna,7552,GCNT3
rna,7553,GTF2A2
rna,7554,SRP14
rna,7555,BAHD1
rna,7556,DISP2
rna,7557,CDAN1
rna,7558,TLE3
rna,7559,ANP32A
rna,7560,COMMD4
rna,7561,UBE2Q2
rna,7562,PSTPIP1
rna,7563,ETFA
rna,7564,BCL2A1
rna,7565,HMG20A
rna,7566,SCAPER
rna,7567,TSPAN3
rna,7568,SKIC8
rna,7569,NCOA2
rna,7570,NEIL1
rna,7571,MAN2C1
rna,7572,DNAJA4
rna,7573,MESDC1
rna,7574,TPM1
rna,7575,IGF1R
rna,7576,ARRDC4
rna,7577,PIF1
rna,7578,USP3
rna,7579,CYP11A1
rna,7580,BBS4
rna,7581,PML
rna,7582,CYP1A1
rna,7583,ADAMTS17
rna,7584,LINS
rna,7585,ULK3
rna,7586,PCSK6
rna,7587,CCDC33
rna,7588,SCAMP2
rna,7589,CYP1A2
rna,7590,HAPLN3
rna,7591,RHCG
rna,7592,POLG
rna,7593,RLBP1
rna,7594,FANCI
rna,7595,ABHD2
rna,7596,WDR93
rna,7597,TICRR
rna,7598,NTRK3
rna,7599,DET1
rna,7600,MFGE8
rna,7601,ZNF710
rna,7602,UNC45A
rna,7603,ST8SIA2
rna,7604,MCTP2
rna,7605,FURIN
rna,7606,IQGAP1
rna,7607,CRTC3
rna,7608,EFTUD1
rna,7609,SH3GL3
rna,7610,SEC11A
rna,7611,SEPT12
rna,7612,GLYR1
rna,7613,PMM2
rna,7614,SLC5A2
rna,7615,ITGAX
rna,7616,TGFB1I1
rna,7617,C16orf58
rna,7618,ARMC5
rna,7619,PARN
rna,7620,FTO
rna,7621,UQCRC2
rna,7622,CDR2
rna,7623,IGSF6
rna,7624,ARHGAP17
rna,7625,MYLK3
rna,7626,ABCC12
rna,7627,NKD1
rna,7628,DHX38
rna,7629,TXNL4B
rna,7630,MARVELD3
rna,7631,CHST4
rna,7632,ZFHX3
rna,7633,CPNE2
rna,7634,NLRC5
rna,7635,KATNB1
rna,7636,KIFC3
rna,7637,ADAMTS18
rna,7638,NUDT7
rna,7639,CMTM3
rna,7640,CMTM2
rna,7641,CDH11
rna,7642,NOL3
rna,7643,MAP1LC3B
rna,7644,MBTPS1
rna,7645,CDH13
rna,7646,ZCCHC14
rna,7647,KIAA1609
rna,7648,ADAD2
rna,7649,OSGIN1
rna,7650,IRF8
rna,7651,RPL3L
rna,7652,ZSCAN32
rna,7653,NDUFB10
rna,7654,PDPK1
rna,7655,TIGD7
rna,7656,DEF8
rna,7657,TCF25
rna,7658,GALNS
rna,7659,GAS8
rna,7660,MED9
rna,7661,NCOR1
rna,7662,COPS3
rna,7663,GID4
rna,7664,ZNF287
rna,7665,MYOCD
rna,7666,CIRH1A
rna,7667,RANBP10
rna,7668,DPEP3
rna,7669,GFOD2
rna,7670,NOB1
rna,7671,PRPSAP2
rna,7672,MYO19
rna,7673,DDX52
rna,7674,RASL10B
rna,7675,UNC45B
rna,7676,PCTP
rna,7677,OR4D1
rna,7678,TOM1L1
rna,7679,KIF2B
rna,7680,C17orf80
rna,7681,TOB1
rna,7682,VPS53
rna,7683,SGSM2
rna,7684,NPEPPS
rna,7685,SKAP1
rna,7686,LRRC46
rna,7687,SCRN2
rna,7688,SSH2
rna,7689,RHBDL3
rna,7690,SPACA3
rna,7691,ARSG
rna,7692,ABCA8
rna,7693,G6PC3
rna,7694,CLTC
rna,7695,C17orf64
rna,7696,BCAS3
rna,7697,PTRH2
rna,7698,SS18
rna,7699,TAF4B
rna,7700,AFG3L2
rna,7701,SLMO1
rna,7702,IMPA2
rna,7703,GNAL
rna,7704,SLC39A6
rna,7705,RPRD1A
rna,7706,C18orf21
rna,7707,GALNT1
rna,7708,ASXL3
rna,7709,ADCYAP1
rna,7710,MEP1B
rna,7711,GAREM
rna,7712,ESCO1
rna,7713,OSBPL1A
rna,7714,GATA6
rna,7715,GREB1L
rna,7716,C18orf8
rna,7717,PELP1
rna,7718,NPC1
rna,7719,SLC14A1
rna,7720,ARRB2
rna,7721,SLC13A5
rna,7722,ZMYND15
rna,7723,WRAP53
rna,7724,MINK1
rna,7725,SAT2
rna,7726,ASGR1
rna,7727,PIK3R5
rna,7728,TP53
rna,7729,CCDC40
rna,7730,ARHGDIA
rna,7731,TMC6
rna,7732,SLC16A3
rna,7733,CARD14
rna,7734,TTYH2
rna,7735,RAB40B
rna,7736,EIF4A3
rna,7737,CSNK1D
rna,7738,ANAPC11
rna,7739,TBCD
rna,7740,FN3KRP
rna,7741,NARF
rna,7742,RPTOR
rna,7743,FOXK2
rna,7744,TRIM65
rna,7745,CBX8
rna,7746,SECTM1
rna,7747,RNF157
rna,7748,AZI1
rna,7749,ZNF750
rna,7750,WDR45B
rna,7751,CBX4
rna,7752,RNF165
rna,7753,DYM
rna,7754,MAPK4
rna,7755,MBD1
rna,7756,SMAD4
rna,7757,TNFRSF11A
rna,7758,ZCCHC2
rna,7759,FBXO15
rna,7760,CBLN2
rna,7761,PMAIP1
rna,7762,LEPREL4
rna,7763,NT5C3B
rna,7764,FAM134C
rna,7765,PIP4K2B
rna,7766,ERBB2
rna,7767,GRB7
rna,7768,MIEN1
rna,7769,PNMT
rna,7770,ARL5C
rna,7771,STAC2
rna,7772,IGFBP4
rna,7773,FKBP10
rna,7774,TXNL4A
rna,7775,CACNA1A
rna,7776,SAMD1
rna,7777,BRD4
rna,7778,SLC39A3
rna,7779,NFIC
rna,7780,TPGS1
rna,7781,PPAP2C
rna,7782,ZIM3
rna,7783,PRDM15
rna,7784,PFKL
rna,7785,FEM1A
rna,7786,VAV1
rna,7787,MVB12A
rna,7788,CIB3
rna,7789,SH3GL1
rna,7790,DUS3L
rna,7791,DPP9
rna,7792,DMRTC2
rna,7793,CCDC97
rna,7794,ZFP14
rna,7795,SIRT3
rna,7796,IFITM3
rna,7797,ATHL1
rna,7798,HUNK
rna,7799,COL6A1
rna,7800,IFNAR1
rna,7801,SOD1
rna,7802,COL6A2
rna,7803,SIK1
rna,7804,DNMT3L
rna,7805,TRPM2
rna,7806,SCYL1
rna,7807,TMEM50B
rna,7808,APP
rna,7809,DOPEY2
rna,7810,URB1
rna,7811,AKT1
rna,7812,IL19
rna,7813,EMP3
rna,7814,SAE1
rna,7815,NTN5
rna,7816,LMTK3
rna,7817,GEMIN7
rna,7818,CBLC
rna,7819,WTIP
rna,7820,ADAMTS10
rna,7821,SLC6A3
rna,7822,RNPEPL1
rna,7823,CAPN10
rna,7824,MYO1F
rna,7825,ERVK3-1
rna,7826,NLRP12
rna,7827,CACNG8
rna,7828,ZNF787
rna,7829,C19orf52
rna,7830,FBN3
rna,7831,CARM1
rna,7832,EVI5L
rna,7833,TM4SF5
rna,7834,SLC47A1
rna,7835,PSMB6
rna,7836,GPR32
rna,7837,SIGLEC10
rna,7838,ACPT
rna,7839,KLK3
rna,7840,ZNF473
rna,7841,FAM71E1
rna,7842,RPS11
rna,7843,PTH2
rna,7844,RPL13A
rna,7845,CTU1
rna,7846,NOSIP
rna,7847,RCN3
rna,7848,ZNF614
rna,7849,SLC2A5
rna,7850,RERE
rna,7851,MMEL1
rna,7852,C1orf222
rna,7853,PRDM16
rna,7854,PADI3
rna,7855,FHAD1
rna,7856,PADI1
rna,7857,EPHA2
rna,7858,ARHGEF19
rna,7859,EFHD2
rna,7860,PEX14
rna,7861,PGD
rna,7862,MYOM3
rna,7863,SH3BGRL3
rna,7864,CNKSR1
rna,7865,RPL11
rna,7866,IL22RA1
rna,7867,ZNF593
rna,7868,C1orf216
rna,7869,KIAA0319L
rna,7870,EVA1B
rna,7871,C1orf94
rna,7872,DMRTA2
rna,7873,PLK4
rna,7874,MAP3K6
rna,7875,FCN3
rna,7876,GPN2
rna,7877,SYTL1
rna,7878,WDTC1
rna,7879,CELA3A
rna,7880,HSPG2
rna,7881,ITGB3BP
rna,7882,SERBP1
rna,7883,BCL10
rna,7884,CYR61
rna,7885,PRKACB
rna,7886,PIGK
rna,7887,TINAGL1
rna,7888,ADC
rna,7889,KIF2C
rna,7890,PTPRF
rna,7891,BEST4
rna,7892,CYP4B1
rna,7893,TMEM61
rna,7894,DMRTB1
rna,7895,LMO4
rna,7896,SYPL2
rna,7897,BARHL2
rna,7898,MTF2
rna,7899,SLC44A3
rna,7900,IGSF3
rna,7901,ZNF697
rna,7902,CTTNBP2NL
rna,7903,KCNA10
rna,7904,PSMA5
rna,7905,FNDC7
rna,7906,C1orf162
rna,7907,CD53
rna,7908,PROK1
rna,7909,CELSR2
rna,7910,ITGA10
rna,7911,GJA5
rna,7912,GPR161
rna,7913,ALDH9A1
rna,7914,ATP1B1
rna,7915,TIPRL
rna,7916,NME7
rna,7917,POGK
rna,7918,MPC2
rna,7919,CREG1
rna,7920,DCAF6
rna,7921,GPA33
rna,7922,RXRG
rna,7923,TBX19
rna,7924,UCK2
rna,7925,TMCO1
rna,7926,XCL1
rna,7927,POU2F1
rna,7928,MAEL
rna,7929,ILDR2
rna,7930,DPT
rna,7931,MGST3
rna,7932,ADCY10
rna,7933,RFWD2
rna,7934,PVRL4
rna,7935,UFC1
rna,7936,PPOX
rna,7937,FCGR2A
rna,7938,NUF2
rna,7939,RGS5
rna,7940,SDHC
rna,7941,PFDN2
rna,7942,NR1I3
rna,7943,USP21
rna,7944,F13B
rna,7945,PRCC
rna,7946,FCRL5
rna,7947,RRNAD1
rna,7948,MRPL24
rna,7949,PIGM
rna,7950,CASQ1
rna,7951,ISG20L2
rna,7952,CRABP2
rna,7953,HDGF
rna,7954,ABL2
rna,7955,XPR1
rna,7956,RGS16
rna,7957,TOR1AIP1
rna,7958,FAM163A
rna,7959,HMCN1
rna,7960,RGL1
rna,7961,LYPLAL1
rna,7962,LHX9
rna,7963,PRUNE
rna,7964,RORC
rna,7965,TUFT1
rna,7966,SF3B4
rna,7967,ECM1
rna,7968,ZNF687
rna,7969,TARS2
rna,7970,CGN
rna,7971,SNX27
rna,7972,SETDB1
rna,7973,ADAMTSL4
rna,7974,MCL1
rna,7975,CTSK
rna,7976,RFX5
rna,7977,PI4KB
rna,7978,PIP5K1A
rna,7979,ANP32E
rna,7980,FAM63A
rna,7981,ANXA9
rna,7982,SELENBP1
rna,7983,CERS2
rna,7984,ENSA
rna,7985,SEMA6C
rna,7986,MRPL9
rna,7987,ARNT
rna,7988,POGZ
rna,7989,C1orf56
rna,7990,OAZ3
rna,7991,HORMAD1
rna,7992,GOLPH3L
rna,7993,GABPB2
rna,7994,IKBKE
rna,7995,SYT14
rna,7996,KCNH1
rna,7997,DTL
rna,7998,DYRK3
rna,7999,EIF2D
rna,8000,INTS7
rna,8001,VASH2
rna,8002,TAF1A
rna,8003,SMYD2
rna,8004,SUSD4
rna,8005,DUSP10
rna,8006,HHIPL2
rna,8007,TP53BP2
rna,8008,ATP8B2
rna,8009,FLG2
rna,8010,CRNN
rna,8011,ADAM15
rna,8012,JTB
rna,8013,RAB13
rna,8014,S100A8
rna,8015,TPM3
rna,8016,NUP210L
rna,8017,SNAPIN
rna,8018,SLC27A3
rna,8019,S100A7
rna,8020,UBAP2L
rna,8021,SLC39A1
rna,8022,HAX1
rna,8023,CREB3L4
rna,8024,EFNA3
rna,8025,AQP10
rna,8026,KCNN3
rna,8027,C1orf43
rna,8028,GATAD2B
rna,8029,ILF2
rna,8030,RIT1
rna,8031,INTS3
rna,8032,PKLR
rna,8033,HCN3
rna,8034,FLG
rna,8035,ACTA1
rna,8036,C1orf131
rna,8037,GALNT2
rna,8038,TTC13
rna,8039,SCCPDH
rna,8040,LYST
rna,8041,CEP170
rna,8042,ACP1
rna,8043,SNAP47
rna,8044,NVL
rna,8045,SDE2
rna,8046,DEGS1
rna,8047,FBXO28
rna,8048,ARF1
rna,8049,LEFTY2
rna,8050,CNIH4
rna,8051,ITPKB
rna,8052,GUK1
rna,8053,CDC42BPA
rna,8054,CNIH3
rna,8055,C1orf35
rna,8056,MBOAT2
rna,8057,PARP1
rna,8058,PSEN2
rna,8059,LBR
rna,8060,WNT9A
rna,8061,EPHX1
rna,8062,REN
rna,8063,SOX13
rna,8064,ETNK2
rna,8065,PPFIA4
rna,8066,PLEKHA6
rna,8067,PTPN7
rna,8068,SYT2
rna,8069,ARL8A
rna,8070,OSR1
rna,8071,GDF7
rna,8072,PDIA6
rna,8073,RHOB
rna,8074,ATP6V1C2
rna,8075,HNRPLL
rna,8076,GALM
rna,8077,CAMKMT
rna,8078,ABCG8
rna,8079,EML4
rna,8080,CALM2
rna,8081,CHAC2
rna,8082,RPS27A
rna,8083,WDPCP
rna,8084,VPS54
rna,8085,REG3G
rna,8086,ASXL2
rna,8087,ETAA1
rna,8088,SNRPG
rna,8089,ABHD1
rna,8090,MEIS1
rna,8091,CIAO1
rna,8092,ZNF514
rna,8093,SNRNP200
rna,8094,MRPS5
rna,8095,ANKRD53
rna,8096,TPRKB
rna,8097,NAT8
rna,8098,EXOC6B
rna,8099,SFXN5
rna,8100,DQX1
rna,8101,DUSP11
rna,8102,ST6GAL2
rna,8103,NPHP1
rna,8104,THNSL2
rna,8105,RALB
rna,8106,C1QL2
rna,8107,TMEM177
rna,8108,RABL2A
rna,8109,SLC20A1
rna,8110,FBLN7
rna,8111,ZC3H8
rna,8112,CNGA3
rna,8113,FAHD2B
rna,8114,LYG1
rna,8115,AFF3
rna,8116,UBXN4
rna,8117,NXPH2
rna,8118,SPOPL
rna,8119,THSD7B
rna,8120,GPR17
rna,8121,POLR2D
rna,8122,AMMECR1L
rna,8123,GALNT13
rna,8124,PKP4
rna,8125,SCN1A
rna,8126,SLC4A10
rna,8127,SCRN3
rna,8128,KIAA1715
rna,8129,ZNF385B
rna,8130,TMEFF2
rna,8131,CDCA7
rna,8132,DLX1
rna,8133,UBR3
rna,8134,GULP1
rna,8135,FAM171B
rna,8136,HSPD1
rna,8137,CCDC150
rna,8138,METTL21A
rna,8139,UNC80
rna,8140,CPO
rna,8141,NBEAL1
rna,8142,KANSL1L
rna,8143,SPAG16
rna,8144,ABCA12
rna,8145,SUMF1
rna,8146,NYAP2
rna,8147,RHBDD1
rna,8148,CXCR7
rna,8149,TRPM8
rna,8150,HES6
rna,8151,ESPNL
rna,8152,ANKMY1
rna,8153,COPS7B
rna,8154,DIS3L2
rna,8155,CPNE9
rna,8156,FANCD2
rna,8157,TAMM41
rna,8158,VGLL4
rna,8159,RAB5A
rna,8160,FAM134A
rna,8161,CTDSP1
rna,8162,RQCD1
rna,8163,MARCH4
rna,8164,STK11IP
rna,8165,GMPPA
rna,8166,GRIP2
rna,8167,EAF1
rna,8168,CNTN4
rna,8169,DYNC1LI1
rna,8170,RBMS3
rna,8171,GADL1
rna,8172,OSBPL10
rna,8173,GTDC2
rna,8174,FAM198A
rna,8175,CSRNP1
rna,8176,SLC25A38
rna,8177,ITGA9
rna,8178,SLC22A14
rna,8179,GOLGA4
rna,8180,CTDSPL
rna,8181,STAC
rna,8182,IQSEC1
rna,8183,CAND2
rna,8184,RPL32
rna,8185,PTPRG
rna,8186,IL17RD
rna,8187,SHQ1
rna,8188,SLC25A26
rna,8189,UBA3
rna,8190,ARL6IP5
rna,8191,TMF1
rna,8192,LRIG1
rna,8193,LRTM1
rna,8194,LIMD1
rna,8195,NFKBIZ
rna,8196,COL8A1
rna,8197,NXPE3
rna,8198,GPR128
rna,8199,MYH15
rna,8200,PHLDB2
rna,8201,ABHD10
rna,8202,TAGLN3
rna,8203,PLA1A
rna,8204,RABL3
rna,8205,ADPRH
rna,8206,IGSF11
rna,8207,ATG3
rna,8208,NR1I2
rna,8209,BOC
rna,8210,SRPRB
rna,8211,TMEM108
rna,8212,AGTR1
rna,8213,MED12L
rna,8214,EIF2A
rna,8215,ALDH1L1
rna,8216,OSBPL11
rna,8217,TRPC1
rna,8218,NCEH1
rna,8219,SPATA16
rna,8220,LPP
rna,8221,TMEM44
rna,8222,KIAA0226
rna,8223,AMT
rna,8224,TCTA
rna,8225,NICN1
rna,8226,UCN2
rna,8227,VPRBP
rna,8228,MANF
rna,8229,CCDC39
rna,8230,STXBP5L
rna,8231,EAF2
rna,8232,ILDR1
rna,8233,TM4SF19
rna,8234,MUC4
rna,8235,SLIT2
rna,8236,EIF2B5
rna,8237,AHSG
rna,8238,DGKQ
rna,8239,FIP1L1
rna,8240,SLC26A1
rna,8241,LYAR
rna,8242,CENPC1
rna,8243,EPHA5
rna,8244,CORIN
rna,8245,ATP10D
rna,8246,OCIAD2
rna,8247,SLC10A4
rna,8248,SLC10A6
rna,8249,SCD5
rna,8250,PLAC8
rna,8251,ENOPH1
rna,8252,CABS1
rna,8253,GC
rna,8254,TRMT10A
rna,8255,KLHL8
rna,8256,SNCA
rna,8257,PYURF
rna,8258,TBCK
rna,8259,CAMK2D
rna,8260,CISD2
rna,8261,DDIT4L
rna,8262,ANK2
rna,8263,TIFA
rna,8264,SPATA5
rna,8265,FABP2
rna,8266,CCNA2
rna,8267,METTL14
rna,8268,USP53
rna,8269,SETD7
rna,8270,NAF1
rna,8271,MARCH1
rna,8272,SFRP2
rna,8273,RPS3A
rna,8274,RNF175
rna,8275,PDGFC
rna,8276,CBR4
rna,8277,GLRA3
rna,8278,ROPN1L
rna,8279,NDUFS6
rna,8280,MARCH6
rna,8281,NKD2
rna,8282,CDH18
rna,8283,ADAMTS16
rna,8284,SRD5A1
rna,8285,MYO10
rna,8286,FAM105A
rna,8287,RPL37
rna,8288,SKP2
rna,8289,OSMR
rna,8290,UGT3A1
rna,8291,PLK2
rna,8292,GZMA
rna,8293,PIK3R1
rna,8294,HAPLN1
rna,8295,LHFPL2
rna,8296,SSBP2
rna,8297,BHMT
rna,8298,IQGAP2
rna,8299,CRHBP
rna,8300,RASA1
rna,8301,LIX1
rna,8302,GIN1
rna,8303,PPIP5K2
rna,8304,PAM
rna,8305,BDP1
rna,8306,SLC30A5
rna,8307,BTF3
rna,8308,FBXL17
rna,8309,SPATA9
rna,8310,TSLP
rna,8311,TNFAIP8
rna,8312,FEM1C
rna,8313,COMMD10
rna,8314,ATG12
rna,8315,MEGF10
rna,8316,ADAMTS19
rna,8317,YIPF5
rna,8318,ARHGAP26
rna,8319,CXCL14
rna,8320,LECT2
rna,8321,SLC25A48
rna,8322,DDX46
rna,8323,IL9
rna,8324,TIMD4
rna,8325,RNF145
rna,8326,C1QTNF2
rna,8327,GABRA6
rna,8328,GABRB2
rna,8329,FBXO38
rna,8330,SPINK7
rna,8331,PCYOX1L
rna,8332,GLRA1
rna,8333,TNIP1
rna,8334,G3BP1
rna,8335,ZNF300
rna,8336,N4BP3
rna,8337,NHP2
rna,8338,RMND5B
rna,8339,BOD1
rna,8340,CPLX2
rna,8341,TENM2
rna,8342,KCNMB1
rna,8343,MYLK4
rna,8344,FAM217A
rna,8345,TBC1D7
rna,8346,FARS2
rna,8347,GFOD1
rna,8348,CDKAL1
rna,8349,PCDHB18
rna,8350,PSD2
rna,8351,LRRTM2
rna,8352,ZMAT2
rna,8353,GFRA3
rna,8354,KLHL3
rna,8355,DCDC2
rna,8356,SLC17A4
rna,8357,HIST1H2BA
rna,8358,KAAG1
rna,8359,TRIM7
rna,8360,TRIM41
rna,8361,FAM193B
rna,8362,PLA2G7
rna,8363,TNFRSF21
rna,8364,RNF44
rna,8365,MUT
rna,8366,RASGEF1C
rna,8367,DOK3
rna,8368,ABT1
rna,8369,PPP1R18
rna,8370,DAAM2
rna,8371,PRIM2
rna,8372,MLIP
rna,8373,HMGCLL1
rna,8374,LGSN
rna,8375,FGD2
rna,8376,SCUBE3
rna,8377,ANO7
rna,8378,CRIP3
rna,8379,TTBK1
rna,8380,TCTE1
rna,8381,RPL7L1
rna,8382,NFKBIE
rna,8383,CYP39A1
rna,8384,TPBG
rna,8385,IRAK1BP1
rna,8386,PHIP
rna,8387,PRSS35
rna,8388,MMS22L
rna,8389,FAXC
rna,8390,GABRR1
rna,8391,PNRC1
rna,8392,PM20D2
rna,8393,RARS2
rna,8394,SCML4
rna,8395,C6orf170
rna,8396,CLVS2
rna,8397,GPR6
rna,8398,RNF217
rna,8399,ARHGAP18
rna,8400,TAAR2
rna,8401,TAAR6
rna,8402,TAAR8
rna,8403,ABRACL
rna,8404,TAAR1
rna,8405,SLC18B1
rna,8406,MTFR2
rna,8407,SLC2A12
rna,8408,SHPRH
rna,8409,AIG1
rna,8410,DYNLT1
rna,8411,TIAM2
rna,8412,TMEM181
rna,8413,PNLDC1
rna,8414,WTAP
rna,8415,ZMYM4
rna,8416,VIP
rna,8417,C6orf211
rna,8418,SLC22A3
rna,8419,C6orf123
rna,8420,VWDE
rna,8421,GNA12
rna,8422,C7orf50
rna,8423,SDK1
rna,8424,C7orf26
rna,8425,RBAK
rna,8426,CREB5
rna,8427,FERD3L
rna,8428,EGFR
rna,8429,LINC00525
rna,8430,CDCA5
rna,8431,IGFBP3
rna,8432,PURB
rna,8433,IGFBP1
rna,8434,SRCRB4D
rna,8435,MDH2
rna,8436,GBAS
rna,8437,CCT6A
rna,8438,PSPH
rna,8439,TRIM50
rna,8440,ZNF92
rna,8441,ATXN7L1
rna,8442,TMEM168
rna,8443,ASB15
rna,8444,C7orf43
rna,8445,SLC12A9
rna,8446,GIGYF1
rna,8447,TRIM4
rna,8448,MEPCE
rna,8449,ZAN
rna,8450,TMEM209
rna,8451,AGBL3
rna,8452,STRA8
rna,8453,ZC3HAV1L
rna,8454,TMEM140
rna,8455,TLK2
rna,8456,EPHA1
rna,8457,NOM1
rna,8458,CNPY1
rna,8459,NCAPG2
rna,8460,ASB10
rna,8461,NLGN4X
rna,8462,SHROOM2
rna,8463,RAB19
rna,8464,LUC7L2
rna,8465,DENND2A
rna,8466,TMEM27
rna,8467,SH3KBP1
rna,8468,TMEM47
rna,8469,CASK
rna,8470,KDM6A
rna,8471,MSN
rna,8472,AKAP4
rna,8473,CCNB3
rna,8474,HDAC8
rna,8475,SLC16A2
rna,8476,CXorf36
rna,8477,ZNF157
rna,8478,ZNF182
rna,8479,CHST7
rna,8480,KRBOX4
rna,8481,NDUFB11
rna,8482,ZNF41
rna,8483,RAB41
rna,8484,ZMYM3
rna,8485,TAF1
rna,8486,GPR174
rna,8487,NONO
rna,8488,CCDC120
rna,8489,LPAR4
rna,8490,EBP
rna,8491,AWAT2
rna,8492,OGT
rna,8493,SNX12
rna,8494,ITGB1BP2
rna,8495,IL2RG
rna,8496,ACRC
rna,8497,ZNF711
rna,8498,CPXCR1
rna,8499,DIAPH2
rna,8500,NXF3
rna,8501,PRPS1
rna,8502,CXorf57
rna,8503,HTR2C
rna,8504,DOCK11
rna,8505,IGSF1
rna,8506,ARHGAP36
rna,8507,GPC3
rna,8508,GPR119
rna,8509,RBMX
rna,8510,MCPH1
rna,8511,MFHAS1
rna,8512,FBXO25
rna,8513,FATE1
rna,8514,MAGEA4
rna,8515,FAM58A
rna,8516,NSDHL
rna,8517,ZNF185
rna,8518,CETN2
rna,8519,GABRQ
rna,8520,RPL10
rna,8521,CSGALNACT1
rna,8522,ATP6V1B2
rna,8523,CCDC25
rna,8524,HMBOX1
rna,8525,CHRNB3
rna,8526,CHRNA6
rna,8527,GNRH1
rna,8528,BIN3
rna,8529,DOK2
rna,8530,SLC25A37
rna,8531,CHMP7
rna,8532,DOCK5
rna,8533,STAR
rna,8534,PROSC
rna,8535,ERLIN2
rna,8536,SNTG1
rna,8537,PXDNL
rna,8538,ST18
rna,8539,RGS20
rna,8540,TACC1
rna,8541,GOLGA7
rna,8542,PPAPDC1B
rna,8543,GINS4
rna,8544,WHSC1L1
rna,8545,DNAJC5B
rna,8546,CRH
rna,8547,TRIM55
rna,8548,ADHFE1
rna,8549,MRPS28
rna,8550,PMP2
rna,8551,LACTB2
rna,8552,PRDM14
rna,8553,TERF1
rna,8554,SLC26A7
rna,8555,PSKH2
rna,8556,ATP6V0D2
rna,8557,SYBU
rna,8558,MTDH
rna,8559,LRP12
rna,8560,EBAG9
rna,8561,RSPO2
rna,8562,POLR2K
rna,8563,MAL2
rna,8564,EIF3H
rna,8565,UTP23
rna,8566,NDUFB9
rna,8567,TATDN1
rna,8568,FAM83A
rna,8569,GSDMC
rna,8570,FAM135B
rna,8571,ZNF7
rna,8572,ARHGAP39
rna,8573,SLC39A4
rna,8574,NAPRT1
rna,8575,VLDLR
rna,8576,AK3
rna,8577,UHRF2
rna,8578,NFIB
rna,8579,CER1
rna,8580,PLIN2
rna,8581,IFNA5
rna,8582,HAUS6
rna,8583,CDKN2B
rna,8584,IFNA16
rna,8585,CDKN2A
rna,8586,C9orf72
rna,8587,IFNK
rna,8588,ZCCHC7
rna,8589,FBXO10
rna,8590,SIGMAR1
rna,8591,CEP78
rna,8592,NTRK2
rna,8593,IDNK
rna,8594,SHC3
rna,8595,AUH
rna,8596,HIATL1
rna,8597,C9orf3
rna,8598,OR13C4
rna,8599,ZNF462
rna,8600,INIP
rna,8601,UGCG
rna,8602,ACTL7B
rna,8603,SNX30
rna,8604,STOM
rna,8605,GSN
rna,8606,MRRF
rna,8607,NR6A1
rna,8608,CRB2
rna,8609,OR5C1
rna,8610,ALAD
rna,8611,ASTN2
rna,8612,WDR31
rna,8613,POLE3
rna,8614,SURF4
rna,8615,SURF1
rna,8616,SURF2
rna,8617,SURF6
rna,8618,MED22
rna,8619,REXO4
rna,8620,GTF3C5
rna,8621,ASB6
rna,8622,PTGES2
rna,8623,NTMT1
rna,8624,CIZ1
rna,8625,SLC25A25
rna,8626,SH3GLB2
rna,8627,FAM73B
rna,8628,PTGES
rna,8629,LCN2
rna,8630,LRSAM1
rna,8631,GPR107
rna,8632,C9orf142
rna,8633,IDI2
rna,8634,INPP5E
rna,8635,LCN9
rna,8636,SEC16A
rna,8637,WDR85
rna,8638,NOTCH1
rna,8639,CACNA1B
rna,8640,NACC2
rna,8641,PROSER2
rna,8642,USP6NL
rna,8643,MSRB2
rna,8644,PDSS1
rna,8645,FAM171A1
rna,8646,FAM188A
rna,8647,SLC39A12
rna,8648,RSU1
rna,8649,ST8SIA6
rna,8650,PARD3
rna,8651,ANKRD30A
rna,8652,ZEB1
rna,8653,FAM13C
rna,8654,NRBF2
rna,8655,A1CF
rna,8656,CDHR1
rna,8657,LRIT1
rna,8658,RGR
rna,8659,POLR3A
rna,8660,HERC4
rna,8661,C10orf11
rna,8662,CAMK2G
rna,8663,GLUD1
rna,8664,ANKRD1
rna,8665,HTR7
rna,8666,RPP30
rna,8667,FRA10AC1
rna,8668,ADD3
rna,8669,HABP2
rna,8670,VAX1
rna,8671,DNAJB12
rna,8672,EIF4EBP2
rna,8673,NPFFR1
rna,8674,PLEKHS1
rna,8675,TCF7L2
rna,8676,MKI67
rna,8677,CYP17A1
rna,8678,INA
rna,8679,FUOM
rna,8680,LRRC27
rna,8681,NKX6-2
rna,8682,PAOX
rna,8683,GSTO1
rna,8684,TAF5
rna,8685,PPRC1
rna,8686,ITPRIP
rna,8687,CNNM2
rna,8688,PDCD11
rna,8689,ADAM12
rna,8690,RGS10
rna,8691,BTBD10
rna,8692,ADM
rna,8693,GAS2
rna,8694,SLC5A12
rna,8695,LIN7C
rna,8696,LRRC4C
rna,8697,IMMP1L
rna,8698,PGAP2
rna,8699,SCGB1A1
rna,8700,SYT8
rna,8701,ZNF214
rna,8702,ZNF215
rna,8703,HSD17B12
rna,8704,APIP
rna,8705,PAMR1
rna,8706,DGKZ
rna,8707,EIF3M
rna,8708,TNKS1BP1
rna,8709,GLYAT
rna,8710,SERPING1
rna,8711,OR5F1
rna,8712,SSRP1
rna,8713,SLC43A1
rna,8714,PTPRJ
rna,8715,C11orf49
rna,8716,ARFGAP2
rna,8717,CELF1
rna,8718,C11orf73
rna,8719,CCDC81
rna,8720,SESN3
rna,8721,ENDOD1
rna,8722,CCDC82
rna,8723,KLHL35
rna,8724,TENM4
rna,8725,SERPINH1
rna,8726,CAPN5
rna,8727,INTS4
rna,8728,PAK1
rna,8729,ZC3H12C
rna,8730,TTC12
rna,8731,NCAM1
rna,8732,DRD2
rna,8733,HTR3B
rna,8734,NPAT
rna,8735,ATM
rna,8736,AASDHPPT
rna,8737,GLB1L2
rna,8738,SLX4IP
rna,8739,LAMTOR1
rna,8740,P4HA3
rna,8741,GRIK4
rna,8742,ST14
rna,8743,HYOU1
rna,8744,ADAM33
rna,8745,SLC22A8
rna,8746,CSRP2BP
rna,8747,DAK
rna,8748,MTA2
rna,8749,TMEM138
rna,8750,FADS1
rna,8751,TMC2
rna,8752,ROM1
rna,8753,EML3
rna,8754,INCENP
rna,8755,ZP1
rna,8756,PLAC1L
rna,8757,MS4A3
rna,8758,PLCH2
rna,8759,CPSF7
rna,8760,MS4A2
rna,8761,B3GAT3
rna,8762,EI24
rna,8763,CCDC15
rna,8764,CHEK1
rna,8765,FEZ1
rna,8766,ESAM
rna,8767,KIRREL3
rna,8768,MPZL2
rna,8769,SCN2B
rna,8770,SIDT2
rna,8771,TMEM25
rna,8772,TAGLN
rna,8773,JPH2
rna,8774,DUSP15
rna,8775,COMMD7
rna,8776,C20orf144
rna,8777,KIAA1755
rna,8778,SPATA25
rna,8779,OCSTAMP
rna,8780,DSN1
rna,8781,SOGA1
rna,8782,CNBD2
rna,8783,SPINT4
rna,8784,CDH22
rna,8785,LSM14B
rna,8786,YTHDF1
rna,8787,CABLES2
rna,8788,ORAOV1
rna,8789,GPHA2
rna,8790,SLC22A9
rna,8791,TRPT1
rna,8792,NUDT22
rna,8793,FERMT3
rna,8794,PLCB3
rna,8795,MRPL49
rna,8796,CDC42EP2
rna,8797,FAU
rna,8798,TM7SF2
rna,8799,VPS51
rna,8800,TBX6
rna,8801,PPP4C
rna,8802,ALDOA
rna,8803,TLCD3B
rna,8804,DOC2A
rna,8805,HIRIP3
rna,8806,TAOK2
rna,8807,TMEM219
rna,8808,HMGA2
rna,8809,MMP3
rna,8810,CNKSR2
rna,8811,CNTN5
rna,8812,KLRF1
rna,8813,CLEC1A
rna,8814,MKX
rna,8815,MPP7
rna,8816,C10orf68
rna,8817,GRIN2B
rna,8818,ITGB1
rna,8819,FXYD4
rna,8820,TRIM48
rna,8821,OR8K1
rna,8822,OR5M9
rna,8823,PCDH15
rna,8824,CTF1
rna,8825,CWC15
rna,8826,ARID5B
rna,8827,KLHL1
rna,8828,CDH8
rna,8829,DCUN1D2
rna,8830,TMCO3
rna,8831,TMEM218
rna,8832,TIRAP
rna,8833,N6AMT2
rna,8834,LATS2
rna,8835,SAP18
rna,8836,LPHN3
rna,8837,KIAA1328
rna,8838,FAM124A
rna,8839,MIA2
rna,8840,HNMT
rna,8841,LYPD1
rna,8842,LYPD6B
rna,8843,PDCD4
rna,8844,ADRA2A
rna,8845,GPM6A
rna,8846,WDR17
rna,8847,SPATA4
rna,8848,VEGFC
rna,8849,CCDC102B
rna,8850,CD226
rna,8851,CNDP1
rna,8852,FSIP1
rna,8853,DLG2
rna,8854,CCDC83
rna,8855,RGS18
rna,8856,PRSS23
rna,8857,MTMR12
rna,8858,PPP1R1C
rna,8859,C11orf53
rna,8860,CCT5
rna,8861,FAM173B
rna,8862,DOCK1
rna,8863,DIXDC1
rna,8864,DLAT
rna,8865,PIH1D2
rna,8866,C11orf57
rna,8867,TIMM8B
rna,8868,IL18
rna,8869,PTS
rna,8870,PIP4K2A
rna,8871,C2orf50
rna,8872,FREM2
rna,8873,FOXO1
rna,8874,CRIM1
rna,8875,SEC24D
rna,8876,ABCB9
rna,8877,RILPL2
rna,8878,DHX37
rna,8879,UBC
rna,8880,ITPR1
rna,8881,TKTL2
rna,8882,SLC7A11
rna,8883,CCRN4L
rna,8884,ENKUR
rna,8885,GPR158
rna,8886,CACNA2D4
rna,8887,DCP1B
rna,8888,CACNA1C
rna,8889,THRB
rna,8890,NGLY1
rna,8891,OXSM
rna,8892,UEVLD
rna,8893,TMEM86A
rna,8894,C12orf45
rna,8895,C12orf23
rna,8896,BTBD11
rna,8897,UBE3B
rna,8898,ANK3
rna,8899,IPMK
rna,8900,RAD9B
rna,8901,PLBD2
rna,8902,DLG5
rna,8903,MAT1A
rna,8904,SLC2A13
rna,8905,GXYLT1
rna,8906,TWF1
rna,8907,DIP2C
rna,8908,EIF4E
rna,8909,MAGI1
rna,8910,TEX30
rna,8911,CSNK1G3
rna,8912,SRFBP1
rna,8913,AKAP6
rna,8914,NPAS3
rna,8915,FAM177A1
rna,8916,MBIP
rna,8917,MIPOL1
rna,8918,EXT2
rna,8919,TMEM18
rna,8920,ALLC
rna,8921,KCTD14
rna,8922,THRSP
rna,8923,ME3
rna,8924,MSGN1
rna,8925,ADAMTS12
rna,8926,NUBPL
rna,8927,NEK7
rna,8928,ATP6V1G3
rna,8929,FER
rna,8930,VIPAS39
rna,8931,ANKRD50
rna,8932,UPF2
rna,8933,CDC123
rna,8934,SCLT1
rna,8935,CCDC3
rna,8936,C4orf33
rna,8937,FRMD4A
rna,8938,SLC25A31
rna,8939,PTPRO
rna,8940,EPS8
rna,8941,ACAD8
rna,8942,THYN1
rna,8943,VPS26B
rna,8944,NCAPD3
rna,8945,VTI1A
rna,8946,QDPR
rna,8947,FAM160B1
rna,8948,ANO4
rna,8949,TEX9
rna,8950,QTRTD1
rna,8951,DRD3
rna,8952,MMAA
rna,8953,ZNF827
rna,8954,POU4F2
rna,8955,EDNRA
rna,8956,NR3C2
rna,8957,AKR1C6P
rna,8958,AKR1C2
rna,8959,DPYSL4
rna,8960,VENTX
rna,8961,ADAM8
rna,8962,ITIH2
rna,8963,KIN
rna,8964,PIGF
rna,8965,ANKAR
rna,8966,INPP1
rna,8967,MFSD6
rna,8968,RNF144A
rna,8969,ASAP2
rna,8970,ADAM17
rna,8971,FLI1
rna,8972,KCNJ1
rna,8973,TMEM45B
rna,8974,WWC2
rna,8975,MLF1IP
rna,8976,ACSL1
rna,8977,SLC25A4
rna,8978,AMN1
rna,8979,BICD1
rna,8980,SAV1
rna,8981,CCDC122
rna,8982,SERP2
rna,8983,NBAS
rna,8984,ZNF385D
rna,8985,TDO2
rna,8986,GUF1
rna,8987,SLC35F4
rna,8988,GABRA2
rna,8989,SACS
rna,8990,PABPC3
rna,8991,CENPJ
rna,8992,FBXO4
rna,8993,C5orf28
rna,8994,CCL28
rna,8995,PARP8
rna,8996,GFRA1
rna,8997,CACUL1
rna,8998,DST
rna,8999,BEND6
rna,9000,TIAL1
rna,9001,BAG3
rna,9002,GLT1D1
rna,9003,TMEM132D
rna,9004,RBM46
rna,9005,LIX1L
rna,9006,MCHR2
rna,9007,KCNE4
rna,9008,AP1S3
rna,9009,RABGAP1L
rna,9010,CCDC74B
rna,9011,TMEM56
rna,9012,MZT2B
rna,9013,TUBA3E
rna,9014,ASTN1
rna,9015,FAM168B
rna,9016,PTPN14
rna,9017,MGAT5
rna,9018,TMEM163
rna,9019,GPATCH11
rna,9020,HSPB8
rna,9021,GEMIN6
rna,9022,TMEM178A
rna,9023,POU4F1
rna,9024,RNF219
rna,9025,CYSLTR2
rna,9026,GRID2
rna,9027,ARL11
rna,9028,RIT2
rna,9029,SETBP1
rna,9030,ARL14EP
rna,9031,EPG5
rna,9032,PSTPIP2
rna,9033,ATP5A1
rna,9034,HAUS1
rna,9035,C18orf25
rna,9036,SPC25
rna,9037,G6PC2
rna,9038,PDK1
rna,9039,PTH
rna,9040,SPON1
rna,9041,PDE3B
rna,9042,TCF7L1
rna,9043,TGOLN2
rna,9044,SH2D6
rna,9045,KCNK13
rna,9046,UHMK1
rna,9047,ATG10
rna,9048,POC5
rna,9049,SPOCK1
rna,9050,FAM151B
rna,9051,TADA1
rna,9052,GUCY1A2
rna,9053,CWF19L2
rna,9054,JMY
rna,9055,HOMER1
rna,9056,XRCC4
rna,9057,BOLL
rna,9058,ZNF547
rna,9059,ZNF773
rna,9060,ZNF776
rna,9061,ZNF256
rna,9062,SUV39H2
rna,9063,DCLRE1C
rna,9064,OLAH
rna,9065,NMT2
rna,9066,ZSCAN1
rna,9067,ZNF837
rna,9068,USP12
rna,9069,CCDC50
rna,9070,CAMK4
rna,9071,TRIM36
rna,9072,PAN3
rna,9073,PLEKHH2
rna,9074,PFKM
rna,9075,TMEM123
rna,9076,GRIA4
rna,9077,IGSF10
rna,9078,SPEF2
rna,9079,SPARCL1
rna,9080,DSPP
rna,9081,DMP1
rna,9082,MEPE
rna,9083,MBNL1
rna,9084,CAPSL
rna,9085,NADKD1
rna,9086,GPD1L
rna,9087,GJA1
rna,9088,CCNO
rna,9089,DDX4
rna,9090,CLEC4F
rna,9091,SLC30A6
rna,9092,RASGRP3
rna,9093,SAR1B
rna,9094,CATSPER3
rna,9095,GPR180
rna,9096,TCTEX1D1
rna,9097,WDR78
rna,9098,ANKRD22
rna,9099,FARP1
rna,9100,IFIT5
rna,9101,SLC16A12
rna,9102,PANK1
rna,9103,PRDM8
rna,9104,BMP3
rna,9105,HNRPDL
rna,9106,HHEX
rna,9107,UTRN
rna,9108,GRM1
rna,9109,PTPRK
rna,9110,GGPS1
rna,9111,ZNF117
rna,9112,RAB3C
rna,9113,IFLTD1
rna,9114,MARVELD2
rna,9115,RAD17
rna,9116,MED21
rna,9117,PLOD2
rna,9118,STK32B
rna,9119,NRSN1
rna,9120,JAKMIP1
rna,9121,ZIC1
rna,9122,GPR125
rna,9123,CPB1
rna,9124,SREK1IP1
rna,9125,LGI2
rna,9126,CWC27
rna,9127,MR1
rna,9128,SRP19
rna,9129,CENPH
rna,9130,CDYL
rna,9131,CARHSP1
rna,9132,TEKT5
rna,9133,BANK1
rna,9134,TXNDC11
rna,9135,ACMSD
rna,9136,ACOXL
rna,9137,BCL2L11
rna,9138,CAST
rna,9139,SCOC
rna,9140,CLGN
rna,9141,CETN3
rna,9142,SMARCA5
rna,9143,SYCP2L
rna,9144,BMP6
rna,9145,RASSF3
rna,9146,HNRNPU
rna,9147,RANBP2
rna,9148,AHCTF1
rna,9149,MERTK
rna,9150,TMEM87B
rna,9151,PTPRR
rna,9152,NR4A2
rna,9153,CCDC148
rna,9154,PLA2R1
rna,9155,RBMS1
rna,9156,SCN3A
rna,9157,FEZF2
rna,9158,CD96
rna,9159,SLC25A27
rna,9160,GPR110
rna,9161,GPR115
rna,9162,FRMD1
rna,9163,FAM49B
rna,9164,ASAP1
rna,9165,TRAPPC8
rna,9166,FAM81B
rna,9167,INO80C
rna,9168,LPCAT1
rna,9169,PLEKHG4B
rna,9170,NMRAL1
rna,9171,UBALD1
rna,9172,C16orf89
rna,9173,ING1
rna,9174,TEX29
rna,9175,SPACA7
rna,9176,ADPRHL1
rna,9177,CMTM7
rna,9178,FBXL2
rna,9179,UBP1
rna,9180,RMND5A
rna,9181,CD8A
rna,9182,RPIA
rna,9183,TUBGCP5
rna,9184,PTPRD
rna,9185,LURAP1L
rna,9186,CNKSR3
rna,9187,GTF2E1
rna,9188,CFDP1
rna,9189,ZDHHC7
rna,9190,FAM92B
rna,9191,C7orf31
rna,9192,TMPRSS11D
rna,9193,JAZF1
rna,9194,CMIP
rna,9195,SPHKAP
rna,9196,KCNJ16
rna,9197,PID1
rna,9198,TRIP12
rna,9199,FBXO36
rna,9200,CEBPG
rna,9201,KCTD15
rna,9202,ZNF599
rna,9203,MCOLN2
rna,9204,LGI4
rna,9205,DDAH1
rna,9206,SREK1
rna,9207,CHD1
rna,9208,CLCA3P
rna,9209,ANKFN1
rna,9210,DGKE
rna,9211,HS2ST1
rna,9212,MSI2
rna,9213,CACNA2D1
rna,9214,ZUFSP
rna,9215,GDPD1
rna,9216,NUS1
rna,9217,SEMA3D
rna,9218,PPP2R5E
rna,9219,ASB17
rna,9220,GRAP
rna,9221,SLC5A10
rna,9222,AK5
rna,9223,C17orf103
rna,9224,CABYR
rna,9225,IMPACT
rna,9226,ANKRD29
rna,9227,C6orf57
rna,9228,CHST9
rna,9229,THY1
rna,9230,DNAAF1
rna,9231,C16orf74
rna,9232,TBCEL
rna,9233,JPH3
rna,9234,ANKH
rna,9235,FAM105B
rna,9236,UBASH3B
rna,9237,ROBO4
rna,9238,ROBO3
rna,9239,PANX3
rna,9240,TBRG1
rna,9241,NRGN
rna,9242,FAM134B
rna,9243,CDH12
rna,9244,GPR15
rna,9245,TOMM70A
rna,9246,ABI3BP
rna,9247,ANGPT1
rna,9248,PITPNC1
rna,9249,CC2D1B
rna,9250,CERS3
rna,9251,PRKCA
rna,9252,LRRK1
rna,9253,GAL3ST2
rna,9254,ABCA9
rna,9255,ABCA6
rna,9256,ABCA10
rna,9257,ABCA5
rna,9258,ENPP3
rna,9259,C4orf19
rna,9260,UCHL1
rna,9261,DISP1
rna,9262,TNIK
rna,9263,TDH
rna,9264,FAM167A
rna,9265,NEIL2
rna,9266,PGM5
rna,9267,WNT3A
rna,9268,OBSCN
rna,9269,LONRF1
rna,9270,TRIM11
rna,9271,ENAH
rna,9272,PPP1R3A
rna,9273,CCSAP
rna,9274,ASZ1
rna,9275,SH3RF1
rna,9276,GBP5
rna,9277,BUB3
rna,9278,GPR26
rna,9279,CCDC173
rna,9280,MMP21
rna,9281,C10orf90
rna,9282,DIPK1A
rna,9283,ATP5G3
rna,9284,SRSF12
rna,9285,PDLIM3
rna,9286,SORBS2
rna,9287,TCEB1
rna,9288,LY96
rna,9289,PSMA8
rna,9290,TMSB4Y
rna,9291,CXADR
rna,9292,BTG3
rna,9293,C21orf91
rna,9294,CHODL
rna,9295,TMPRSS15
rna,9296,NCAM2
rna,9297,L3MBTL4
rna,9298,PDE1C
rna,9299,MRPL39
rna,9300,JAM2
rna,9301,ATP5J
rna,9302,GABPA
rna,9303,ADAMTS1
rna,9304,ADAMTS5
rna,9305,TSEN2
rna,9306,SLFN13
rna,9307,WNT7A
rna,9308,XPC
rna,9309,C17orf50
rna,9310,CCDC174
rna,9311,FGD5
rna,9312,DPH3
rna,9313,OXNAD1
rna,9314,PLCL2
rna,9315,CXXC1
rna,9316,SKA1
rna,9317,PPP4R1
rna,9318,APCDD1
rna,9319,PIEZO2
rna,9320,MPPE1
rna,9321,USP43
rna,9322,RAB6B
rna,9323,EME1
rna,9324,EPHB1
rna,9325,ACSS1
rna,9326,ANKRD40
rna,9327,ZNF18
rna,9328,CA10
rna,9329,VOPP1
rna,9330,SEPT14
rna,9331,APOOL
rna,9332,DKK2
rna,9333,CYP2U1
rna,9334,FBXL18
rna,9335,CNTNAP5
rna,9336,PROM2
rna,9337,AKD1
rna,9338,ODF1
rna,9339,KLF10
rna,9340,PTPRN2
rna,9341,AZIN1
rna,9342,ATP6V1C1
rna,9343,TMEM55A
rna,9344,OTUD6B
rna,9345,CDK19
rna,9346,MARCKS
rna,9347,TTC39B
rna,9348,AGPAT5
rna,9349,MMS19
rna,9350,OR4K1
rna,9351,PI4K2A
rna,9352,ZFYVE27
rna,9353,GOLGA7B
rna,9354,GPR78
rna,9355,TRMT44
rna,9356,SLC25A28
rna,9357,HSPA13
rna,9358,SAMSN1
rna,9359,USP25
rna,9360,GRAMD3
rna,9361,ZCCHC10
rna,9362,C16orf87
rna,9363,MOV10
rna,9364,RHOC
rna,9365,PPM1J
rna,9366,DBI
rna,9367,SLC16A1
rna,9368,HEATR3
rna,9369,MKI67IP
rna,9370,OXA1L
rna,9371,SLC7A7
rna,9372,MAGEC1
rna,9373,LARP1
rna,9374,CNOT8
rna,9375,GRIA1
rna,9376,LRGUK
rna,9377,SETD9
rna,9378,MIER3
rna,9379,NUP205
rna,9380,ZKSCAN2
rna,9381,C9orf85
rna,9382,PIK3AP1
rna,9383,RBM45
rna,9384,C10orf12
rna,9385,TTN
rna,9386,VSIG4
rna,9387,PDIA4
rna,9388,KDM8
rna,9389,PDZD9
rna,9390,KCTD18
rna,9391,FAM126B
rna,9392,FLACC1
rna,9393,ALS2CR11
rna,9394,TMEM237
rna,9395,FZD7
rna,9396,SPAG17
rna,9397,DEPTOR
rna,9398,FMN2
rna,9399,RNF20
rna,9400,CYLC2
rna,9401,PPARGC1B
rna,9402,ELMO1
rna,9403,SLC26A2
rna,9404,LSM11
rna,9405,FAM154A
rna,9406,RRAGA
rna,9407,SLC24A2
rna,9408,TRIM42
rna,9409,ACPL2
rna,9410,ADCY8
rna,9411,RASA2
rna,9412,RMND1
rna,9413,RAET1L
rna,9414,SLA
rna,9415,VBP1
rna,9416,RAB39B
rna,9417,CLIC2
rna,9418,AFF2
rna,9419,EFHA2
rna,9420,GRIP1
rna,9421,VPS37A
rna,9422,KIF5A
rna,9423,TMEM185A
rna,9424,NAT2
rna,9425,MAGEA8
rna,9426,PSD3
rna,9427,C9orf41
rna,9428,MCU
rna,9429,ELMSAN1
rna,9430,TTC18
rna,9431,GNA14
rna,9432,GNAQ
rna,9433,WIF1
rna,9434,UGT2B4
rna,9435,GPR61
rna,9436,MMP16
rna,9437,ADK
rna,9438,KCNMA1
rna,9439,BATF
rna,9440,DCK
rna,9441,ADAMTS3
rna,9442,ALX3
rna,9443,DPY19L4
rna,9444,NDUFAF6
rna,9445,DRAM2
rna,9446,C8orf37
rna,9447,PPEF2
rna,9448,C15orf26
rna,9449,ADAMTSL3
rna,9450,ART3
rna,9451,SLC28A1
rna,9452,WHAMM
rna,9453,CXCL13
rna,9454,N6AMT1
rna,9455,RWDD2B
rna,9456,USP16
rna,9457,CCT8
rna,9458,C21orf7
rna,9459,NAA11
rna,9460,BACH1
rna,9461,CLDN17
rna,9462,CLDN8
rna,9463,TSPAN7
rna,9464,TIAM1
rna,9465,SCAF4
rna,9466,RPGR
rna,9467,CDK20
rna,9468,PCGF6
rna,9469,ANKRD9
rna,9470,SFR1
rna,9471,SORCS3
rna,9472,SFXN2
rna,9473,C14orf2
rna,9474,FUT6
rna,9475,TDRD9
rna,9476,FGF18
rna,9477,PCDH1
rna,9478,SH3RF2
rna,9479,GDF6
rna,9480,UQCRB
rna,9481,MTERFD1
rna,9482,PTDSS1
rna,9483,PPP2R2B
rna,9484,RPL30
rna,9485,KCNS2
rna,9486,FAM122C
rna,9487,SUPV3L1
rna,9488,FAM122B
rna,9489,EEF1A1
rna,9490,FBXO43
rna,9491,HKDC1
rna,9492,HK1
rna,9493,TYSND1
rna,9494,PHF6
rna,9495,CD109
rna,9496,LRFN2
rna,9497,NODAL
rna,9498,PRG3
rna,9499,UBE2L6
rna,9500,ZDHHC5
rna,9501,MED19
rna,9502,ZFAND3
rna,9503,NPTN
rna,9504,KAT6B
rna,9505,SAMD8
rna,9506,RAB11FIP1
rna,9507,UNC5D
rna,9508,GLYATL2
rna,9509,UTP14A
rna,9510,AIFM1
rna,9511,MAPK13
rna,9512,BAG4
rna,9513,MS4A1
rna,9514,WDR67
rna,9515,WDYHV1
rna,9516,ATAD2
rna,9517,FBXO32
rna,9518,NSMCE2
rna,9519,ZNF689
rna,9520,PRR14
rna,9521,FBRS
rna,9522,FRRS1
rna,9523,PHKG2
rna,9524,HIAT1
rna,9525,SASS6
rna,9526,COX6A2
rna,9527,ITGAD
rna,9528,GPR112
rna,9529,ZIC3
rna,9530,MALSU1
rna,9531,VPS8
rna,9532,GALK2
rna,9533,LHFPL4
rna,9534,B3GNT7
rna,9535,PDE6D
rna,9536,EIF4A2
rna,9537,BRPF1
rna,9538,RPUSD3
rna,9539,SST
rna,9540,TATDN2
rna,9541,GHRL
rna,9542,SEC13
rna,9543,FAM92A1P1
rna,9544,EXOG
rna,9545,NTAN1
rna,9546,SHCBP1L
rna,9547,NMNAT2
rna,9548,ZFYVE9
rna,9549,ATP2B2
rna,9550,LYZL4
rna,9551,SLC6A1
rna,9552,SMG1
rna,9553,FCHO2
rna,9554,RBPMS
rna,9555,TMEM171
rna,9556,KLHL40
rna,9557,C8A
rna,9558,TIMP4
rna,9559,SYN2
rna,9560,NRG1
rna,9561,C1orf27
rna,9562,CPT2
rna,9563,NECAP2
rna,9564,LRP8
rna,9565,CDCP2
rna,9566,PAXIP1
rna,9567,STEAP2
rna,9568,SSBP3
rna,9569,HTR5A
rna,9570,CLDN12
rna,9571,MMP14
rna,9572,FZD1
rna,9573,GATAD1
rna,9574,SUSD3
rna,9575,DHRS4
rna,9576,C1orf158
rna,9577,ARMC12
rna,9578,ST3GAL2
rna,9579,FUK
rna,9580,IL34
rna,9581,DHRS1
rna,9582,CACNA1D
rna,9583,ARSE
rna,9584,KIT
rna,9585,HYDIN
rna,9586,AASDH
rna,9587,CACNA2D3
rna,9588,RNF111
rna,9589,FAM81A
rna,9590,MYO1E
rna,9591,APPL1
rna,9592,MUM1L1
rna,9593,AFAP1L1
rna,9594,TSC22D3
rna,9595,DSCR3
rna,9596,DYRK1A
rna,9597,KCNJ6
rna,9598,KCNJ15
rna,9599,ERG
rna,9600,ETS2
rna,9601,TSPAN18
rna,9602,LCA5L
rna,9603,SLC35B2
rna,9604,TMEM164
rna,9605,MX1
rna,9606,CREB3L1
rna,9607,C2CD2
rna,9608,TAB3
rna,9609,SLC38A10
rna,9610,C9orf43
rna,9611,ZNF618
rna,9612,DGKI
rna,9613,C9orf91
rna,9614,SVOPL
rna,9615,SNX22
rna,9616,UBN2
rna,9617,BRAF
rna,9618,SLC34A2
rna,9619,ACAN
rna,9620,PSMG3
rna,9621,CABP1
rna,9622,WDR19
rna,9623,SLC37A3
rna,9624,AP3S2
rna,9625,FMNL2
rna,9626,RPS4Y2
rna,9627,SPPL3
rna,9628,DPYSL5
rna,9629,CCDC164
rna,9630,RAB28
rna,9631,FAM213B
rna,9632,TNFRSF14
rna,9633,PANK4
rna,9634,CIB4
rna,9635,MEGF11
rna,9636,C12orf43
rna,9637,PEX10
rna,9638,RER1
rna,9639,RADIL
rna,9640,SKI
rna,9641,WIPI2
rna,9642,SSX8
rna,9643,LDLRAP1
rna,9644,AGAP1
rna,9645,KRTCAP3
rna,9646,PAFAH2
rna,9647,EXTL1
rna,9648,SLC30A2
rna,9649,BRE
rna,9650,TRIM63
rna,9651,WDR66
rna,9652,MRPL17
rna,9653,DUSP2
rna,9654,GRHL3
rna,9655,UBXN11
rna,9656,NLRP14
rna,9657,PTPDC1
rna,9658,GALNT14
rna,9659,HPD
rna,9660,RHPN1
rna,9661,TPRG1L
rna,9662,LRRC43
rna,9663,AAED1
rna,9664,XDH
rna,9665,CNNM4
rna,9666,EYA3
rna,9667,DZIP1L
rna,9668,TMSB15A
rna,9669,FANCC
rna,9670,MRAS
rna,9671,WASF2
rna,9672,ABHD3
rna,9673,ESYT3
rna,9674,FAIM
rna,9675,FAM46B
rna,9676,CLSTN2
rna,9677,COLEC12
rna,9678,RNF207
rna,9679,CUL4B
rna,9680,GPR153
rna,9681,SLC13A3
rna,9682,GPRASP2
rna,9683,RHBDL2
rna,9684,AUTS2
rna,9685,SHROOM4
rna,9686,HIST1H2BD
rna,9687,CDC25C
rna,9688,HIST1H4H
rna,9689,MITD1
rna,9690,EIF5B
rna,9691,RIBC1
rna,9692,TMSB15B
rna,9693,C2orf62
rna,9694,CNOT11
rna,9695,KCNB1
rna,9696,TSPAN33
rna,9697,NRG2
rna,9698,AHCYL2
rna,9699,B4GALT5
rna,9700,CD1D
rna,9701,CD1A
rna,9702,SPATA2
rna,9703,CD1C
rna,9704,FAM86C1
rna,9705,CD1B
rna,9706,DNAH3
rna,9707,CD1E
rna,9708,CPA2
rna,9709,CPA5
rna,9710,TSR2
rna,9711,PPP1R9A
rna,9712,ZC3H18
rna,9713,ZFAND2B
rna,9714,POM121L2
rna,9715,GDPD5
rna,9716,DYNC1I1
rna,9717,PFKFB1
rna,9718,ALAS2
rna,9719,TMED4
rna,9720,PPP1R15B
rna,9721,COPG2
rna,9722,C11orf30
rna,9723,PAGE5
rna,9724,AGPAT6
rna,9725,ZSCAN12
rna,9726,TAGLN2
rna,9727,ELK4
rna,9728,SLAMF8
rna,9729,SLC45A3
rna,9730,DUSP23
rna,9731,RNF166
rna,9732,NBL1
rna,9733,HTR6
rna,9734,ITLN2
rna,9735,F11R
rna,9736,USF1
rna,9737,PLA2G2F
rna,9738,SPATA2L
rna,9739,NIT1
rna,9740,DEDD
rna,9741,ZNF276
rna,9742,NPM2
rna,9743,EDA
rna,9744,FGF17
rna,9745,VWA5B1
rna,9746,CDA
rna,9747,PINK1
rna,9748,B4GALT3
rna,9749,EPB49
rna,9750,ADAMTS4
rna,9751,NDUFS2
rna,9752,SLC5A11
rna,9753,FCER1G
rna,9754,APOA2
rna,9755,TOMM40L
rna,9756,MPZ
rna,9757,WFDC8
rna,9758,KIAA1967
rna,9759,WNT9B
rna,9760,CACHD1
rna,9761,CDC42SE2
rna,9762,RAPGEF6
rna,9763,EPB41
rna,9764,MIS18A
rna,9765,ALG8
rna,9766,FBXW5
rna,9767,SYNJ1
rna,9768,PAXBP1
rna,9769,MRPL10
rna,9770,IFNGR2
rna,9771,GART
rna,9772,SON
rna,9773,DONSON
rna,9774,SV2A
rna,9775,LAD1
rna,9776,STC1
rna,9777,TNNI1
rna,9778,CSRP1
rna,9779,PRAC
rna,9780,HOXB13
rna,9781,C1QC
rna,9782,KCNE2
rna,9783,ATP5G1
rna,9784,RCAN1
rna,9785,UBE2Z
rna,9786,C1orf51
rna,9787,SNF8
rna,9788,CLIC6
rna,9789,CCDC24
rna,9790,RUNX1
rna,9791,IGF2BP1
rna,9792,GIP
rna,9793,CBR1
rna,9794,CBR3
rna,9795,C2orf81
rna,9796,GJD2
rna,9797,ACTC1
rna,9798,MORC3
rna,9799,CHAF1B
rna,9800,CLDN14
rna,9801,SIM2
rna,9802,HLCS
rna,9803,SCUBE1
rna,9804,ARHGAP27
rna,9805,ADPGK
rna,9806,PTMS
rna,9807,PLA2G4D
rna,9808,PADI4
rna,9809,ADIPOR1
rna,9810,CYB5R1
rna,9811,PSMD4
rna,9812,ATP13A2
rna,9813,M1AP
rna,9814,PSMB4
rna,9815,IRX6
rna,9816,BTG2
rna,9817,CES5A
rna,9818,HK2
rna,9819,C1R
rna,9820,CELF3
rna,9821,STARD9
rna,9822,THEM4
rna,9823,TCHH
rna,9824,LCE2B
rna,9825,UBR1
rna,9826,AMFR
rna,9827,MED8
rna,9828,TGM7
rna,9829,RGL4
rna,9830,SPRR2G
rna,9831,PGLYRP3
rna,9832,ISL2
rna,9833,RSPRY1
rna,9834,CCDC17
rna,9835,GPBP1L1
rna,9836,NAE1
rna,9837,TMEM69
rna,9838,GPR114
rna,9839,CCDC135
rna,9840,ACE
rna,9841,TEPP
rna,9842,UROC1
rna,9843,EFCAB14
rna,9844,SPON2
rna,9845,CHCHD6
rna,9846,CTBP1
rna,9847,LRRC36
rna,9848,TPPP3
rna,9849,ZDHHC1
rna,9850,ATP6V0D1
rna,9851,AGRP
rna,9852,ZFYVE28
rna,9853,RLTPR
rna,9854,C16orf86
rna,9855,PIP
rna,9856,FAM131B
rna,9857,RGS12
rna,9858,PSKH1
rna,9859,ZYX
rna,9860,ABR
rna,9861,LYPD5
rna,9862,CCDC117
rna,9863,ZNF230
rna,9864,CCDC107
rna,9865,ZNF222
rna,9866,NPR2
rna,9867,ZNF221
rna,9868,ZNF233
rna,9869,ZNF235
rna,9870,GNE
rna,9871,TNFRSF13C
rna,9872,OR3A3
rna,9873,ARHGAP35
rna,9874,PTGIR
rna,9875,CALM3
rna,9876,DFFA
rna,9877,CCDC28B
rna,9878,IQCC
rna,9879,TMEM234
rna,9880,BSDC1
rna,9881,ATAD3B
rna,9882,SSU72
rna,9883,UBE2J2
rna,9884,ZNF362
rna,9885,FNDC5
rna,9886,CPAMD8
rna,9887,NR2F6
rna,9888,ANKLE1
rna,9889,VMA21
rna,9890,KALRN
rna,9891,CILP2
rna,9892,ABCG1
rna,9893,TFF3
rna,9894,TFF2
rna,9895,TFF1
rna,9896,TMPRSS3
rna,9897,UBASH3A
rna,9898,RSPH1
rna,9899,SLC37A1
rna,9900,PDE9A
rna,9901,WDR4
rna,9902,NDUFV3
rna,9903,PKNOX1
rna,9904,CBS
rna,9905,U2AF1
rna,9906,CRYAA
rna,9907,HSF2BP
rna,9908,RRP1B
rna,9909,PDXK
rna,9910,G6PD
rna,9911,CSTB
rna,9912,RRP1
rna,9913,AGPAT3
rna,9914,TRAPPC10
rna,9915,GAB3
rna,9916,C21orf33
rna,9917,ICOSLG
rna,9918,AIRE
rna,9919,C21orf2
rna,9920,ZNF66P
rna,9921,LRRC3
rna,9922,ITGB2
rna,9923,RALGDS
rna,9924,FTCD
rna,9925,SPATC1L
rna,9926,LSS
rna,9927,MCM3AP
rna,9928,C21orf58
rna,9929,PCNT
rna,9930,DIP2A
rna,9931,S100B
rna,9932,PRMT2
rna,9933,CLDND2
rna,9934,ZNF208
rna,9935,ADAMTS13
rna,9936,CACFD1
rna,9937,SLC2A6
rna,9938,ZNF761
rna,9939,FCN2
rna,9940,C9orf116
rna,9941,LCN1
rna,9942,GPSM1
rna,9943,C19orf47
rna,9944,HIPK4
rna,9945,C9orf117
rna,9946,TOR2A
rna,9947,ST6GALNAC6
rna,9948,SHKBP1
rna,9949,RDH13
rna,9950,ZER1
rna,9951,ZDHHC12
rna,9952,PKN3
rna,9953,SPTBN4
rna,9954,BRSK1
rna,9955,COX6B2
rna,9956,TMEM190
rna,9957,NLRP4
rna,9958,PPAPDC3
rna,9959,TAOK1
rna,9960,MED27
rna,9961,DEDD2
rna,9962,SIK3
rna,9963,MPZL3
rna,9964,AMICA1
rna,9965,NEK8
rna,9966,TLCD1
rna,9967,PCSK7
rna,9968,SAFB
rna,9969,CD3G
rna,9970,S100A1
rna,9971,CHTOP
rna,9972,CXCR5
rna,9973,ZBTB7B
rna,9974,FLAD1
rna,9975,SHC1
rna,9976,VPS11
rna,9977,NLRX1
rna,9978,ADAR
rna,9979,IL6R
rna,9980,UBE2Q1
rna,9981,CHRNB2
rna,9982,CRTC2
rna,9983,ANO10
rna,9984,FDPS
rna,9985,RUSC1
rna,9986,FAM189B
rna,9987,PAQR6
rna,9988,SLC25A44
rna,9989,LMNA
rna,9990,CCR5
rna,9991,NBEAL2
rna,9992,CCDC12
rna,9993,PTH1R
rna,9994,UBQLN4
rna,9995,MYL3
rna,9996,PPP1R35
rna,9997,GPATCH4
rna,9998,LRRC71
rna,9999,FCRL3
rna,10000,AZGP1
rna,10001,FGFR4
rna,10002,CYP3A4
rna,10003,CYP3A7
rna,10004,NACC1
rna,10005,CYP11B1
rna,10006,HK3
rna,10007,LY6K
rna,10008,IER2
rna,10009,ZNF394
rna,10010,CPSF4
rna,10011,LY6E
rna,10012,VPS28
rna,10013,TONSL
rna,10014,PTGER1
rna,10015,MUM1
rna,10016,RECQL4
rna,10017,LRRC14
rna,10018,ZNF333
rna,10019,COL26A1
rna,10020,PPP1R16A
rna,10021,FOXH1
rna,10022,ORAI2
rna,10023,ALKBH4
rna,10024,CCDC105
rna,10025,SH2B2
rna,10026,C5orf45
rna,10027,SQSTM1
rna,10028,MGAT4B
rna,10029,RPL8
rna,10030,MAML1
rna,10031,PGLYRP2
rna,10032,LRWD1
rna,10033,FBXL13
rna,10034,NAPEPLD
rna,10035,SCGB3A1
rna,10036,PSMC2
rna,10037,CELF5
rna,10038,MFSD12
rna,10039,YDJC
rna,10040,CCDC116
rna,10041,PCYT1A
rna,10042,FBXO27
rna,10043,DMKN
rna,10044,U2AF1L4
rna,10045,BDH1
rna,10046,NPHS1
rna,10047,THAP8
rna,10048,COX7A1
rna,10049,ZNF382
rna,10050,DUSP14
rna,10051,LRRC56
rna,10052,PLXDC1
rna,10053,PGAP3
rna,10054,IKZF3
rna,10055,GRIN2C
rna,10056,FDXR
rna,10057,SAP30BP
rna,10058,ACOX1
rna,10059,PRPSAP1
rna,10060,CYGB
rna,10061,SRSF2
rna,10062,ZNF577
rna,10063,TMEM143
rna,10064,CCL5
rna,10065,LYZL6
rna,10066,CCL16
rna,10067,KLHL10
rna,10068,CCDC155
rna,10069,HCRT
rna,10070,ALDH16A1
rna,10071,DCD
rna,10072,ITGA5
rna,10073,SIGLEC11
rna,10074,ZNF385A
rna,10075,SIGLEC16
rna,10076,MPP3
rna,10077,CD300LG
rna,10078,IZUMO2
rna,10079,NAGS
rna,10080,ASB16
rna,10081,EMC10
rna,10082,JOSD2
rna,10083,FAM171A2
rna,10084,DBF4B
rna,10085,PLCD3
rna,10086,FMNL3
rna,10087,AQP5
rna,10088,RACGAP1
rna,10089,OR7G1
rna,10090,LARP4
rna,10091,GRASP
rna,10092,RAVER1
rna,10093,KRT84
rna,10094,KRT82
rna,10095,SYCE2
rna,10096,SPC24
rna,10097,IP6K3
rna,10098,LEMD2
rna,10099,ALOX15
rna,10100,TREML1
rna,10101,ZNF653
rna,10102,MED11
rna,10103,CXCL16
rna,10104,SCIMP
rna,10105,BCL6B
rna,10106,ASGR2
rna,10107,FGF11
rna,10108,CCDC42
rna,10109,POLR3K
rna,10110,SNRNP25
rna,10111,C16orf11
rna,10112,JMJD8
rna,10113,CCDC78
rna,10114,MSLNL
rna,10115,SSTR5
rna,10116,SPSB3
rna,10117,MEIOB
rna,10118,HS3ST6
rna,10119,C16orf59
rna,10120,CCNF
rna,10121,AMDHD2
rna,10122,NTN3
rna,10123,CCDC64B
rna,10124,PAQR4
rna,10125,FLYWCH2
rna,10126,ZG16B
rna,10127,ZNF75A
rna,10128,ADCY9
rna,10129,SHANK2
rna,10130,CLPB
rna,10131,NEU3
rna,10132,CYBASC3
rna,10133,PPP1R32
rna,10134,ASRGL1
rna,10135,GNG3
rna,10136,UBXN1
rna,10137,C11orf48
rna,10138,TTC9C
rna,10139,TAF6L
rna,10140,NXF1
rna,10141,STX5
rna,10142,SLC25A45
rna,10143,ITIH3
rna,10144,DCP1A
rna,10145,SYVN1
rna,10146,ZFPL1
rna,10147,RPS6KA4
rna,10148,LRP5
rna,10149,TPCN2
rna,10150,FGF19
rna,10151,PDZK1IP1
rna,10152,TAL1
rna,10153,CMPK1
rna,10154,ELAVL4
rna,10155,SELRC1
rna,10156,ZYG11B
rna,10157,SLC1A7
rna,10158,C1orf123
rna,10159,MAGOH
rna,10160,ACOT11
rna,10161,FAM151A
rna,10162,PARS2
rna,10163,C1orf177
rna,10164,BSND
rna,10165,USP24
rna,10166,PPAP2B
rna,10167,NOL9
rna,10168,PRKAA2
rna,10169,KLHL21
rna,10170,ZSWIM5
rna,10171,GMEB1
rna,10172,SLC45A1
rna,10173,AK4
rna,10174,JAK1
rna,10175,RAVER2
rna,10176,CTRC
rna,10177,LZIC
rna,10178,RBP7
rna,10179,KNCN
rna,10180,FBLIM1
rna,10181,TMEM82
rna,10182,SLC25A34
rna,10183,AKR7A3
rna,10184,DRAXIN
rna,10185,PDPN
rna,10186,DHRS3
rna,10187,MATN1
rna,10188,LAPTM5
rna,10189,SDC3
rna,10190,PEF1
rna,10191,SYNC
rna,10192,KIAA1522
rna,10193,TSSK3
rna,10194,TMCO4
rna,10195,UBXN10
rna,10196,CAMK2N1
rna,10197,ALPL
rna,10198,WNT4
rna,10199,TTLL10
rna,10200,SCNN1D
rna,10201,MXRA8
rna,10202,C1orf86
rna,10203,MEGF6
rna,10204,CCDC27
rna,10205,IL23R
rna,10206,DIRAS3
rna,10207,C1orf87
rna,10208,NFIA
rna,10209,MYSM1
rna,10210,TM2D1
rna,10211,USP1
rna,10212,FUBP1
rna,10213,NEXN
rna,10214,ELTD1
rna,10215,LRRIQ3
rna,10216,TYW3
rna,10217,LHX8
rna,10218,SNX7
rna,10219,B3GALT2
rna,10220,NTNG1
rna,10221,EEIG2
rna,10222,HENMT1
rna,10223,AKNAD1
rna,10224,C1orf52
rna,10225,WDR63
rna,10226,GBP2
rna,10227,ATXN7L2
rna,10228,GBP4
rna,10229,ZNF326
rna,10230,HFM1
rna,10231,FAM5C
rna,10232,GFI1
rna,10233,LSP1P3
rna,10234,KCNT2
rna,10235,AGL
rna,10236,VCAM1
rna,10237,EXTL2
rna,10238,SLC30A7
rna,10239,ZNF281
rna,10240,ARPC5
rna,10241,CADM3
rna,10242,NLRP3
rna,10243,ZNF496
rna,10244,SLAMF9
rna,10245,OR2M5
rna,10246,KCNJ9
rna,10247,IGSF8
rna,10248,DDR2
rna,10249,PEA15
rna,10250,NCSTN
rna,10251,VANGL2
rna,10252,SLAMF6
rna,10253,OLFML2B
rna,10254,FCRLB
rna,10255,SLC9C2
rna,10256,KLHDC9
rna,10257,C1orf74
rna,10258,LMX1A
rna,10259,LRRC52
rna,10260,FLVCR1
rna,10261,FAM71A
rna,10262,ATF3
rna,10263,RBM15
rna,10264,DENND2D
rna,10265,AXDND1
rna,10266,TDRD5
rna,10267,IER5
rna,10268,SNED1
rna,10269,BPNT1
rna,10270,SPATA17
rna,10271,C1orf115
rna,10272,BROX
rna,10273,ACP6
rna,10274,WDR64
rna,10275,KIF26B
rna,10276,TFB2M
rna,10277,CNST
rna,10278,PPP1R21
rna,10279,KLHDC8A
rna,10280,PM20D1
rna,10281,PKDCC
rna,10282,OXER1
rna,10283,HAAO
rna,10284,B3GALNT2
rna,10285,MAPKAPK2
rna,10286,IL20
rna,10287,IL24
rna,10288,FAIM3
rna,10289,PIGR
rna,10290,FCAMR
rna,10291,CAPN2
rna,10292,MRPL55
rna,10293,WDR26
rna,10294,REL
rna,10295,PUS10
rna,10296,PEX13
rna,10297,KIAA1841
rna,10298,TRIM17
rna,10299,RFTN2
rna,10300,DISC1
rna,10301,CAPN13
rna,10302,LRRTM1
rna,10303,DPY30
rna,10304,TYW5
rna,10305,C2orf47
rna,10306,KCNF1
rna,10307,PQLC3
rna,10308,ARL5A
rna,10309,FAM84A
rna,10310,KCNJ3
rna,10311,CLHC1
rna,10312,FRZB
rna,10313,DUSP19
rna,10314,CCDC104
rna,10315,NUP35
rna,10316,CCDC138
rna,10317,C2orf48
rna,10318,ZSWIM2
rna,10319,FBXO41
rna,10320,ACTG2
rna,10321,C2orf44
rna,10322,SMC6
rna,10323,VSNL1
rna,10324,CCDC74A
rna,10325,H3F3A
rna,10326,ADCK3
rna,10327,SLC16A14
rna,10328,TEKT4
rna,10329,EN1
rna,10330,ZNF2
rna,10331,SGCB
rna,10332,SPATA18
rna,10333,NOSTRIN
rna,10334,CCDC140
rna,10335,SGPP2
rna,10336,INHBB
rna,10337,XIRP2
rna,10338,BIRC8
rna,10339,SMARCAD1
rna,10340,HPGDS
rna,10341,PDLIM5
rna,10342,OTUD7B
rna,10343,PDHA2
rna,10344,STPG2
rna,10345,RPRD2
rna,10346,CTSS
rna,10347,MSX1
rna,10348,PACRGL
rna,10349,BNIPL
rna,10350,C1QTNF7
rna,10351,TNFAIP8L2
rna,10352,LYSMD1
rna,10353,SCNM1
rna,10354,VPS72
rna,10355,ERCC3
rna,10356,RNF149
rna,10357,IWS1
rna,10358,BOLA3
rna,10359,CDC42EP3
rna,10360,S100A11
rna,10361,LCE3D
rna,10362,SMCP
rna,10363,IVL
rna,10364,SPRR3
rna,10365,DHX57
rna,10366,SPRR2D
rna,10367,BMP10
rna,10368,PGLYRP4
rna,10369,ARHGAP25
rna,10370,S100A9
rna,10371,S100A12
rna,10372,TGFA
rna,10373,TDRD10
rna,10374,CCNYL1
rna,10375,FZD5
rna,10376,CRYGC
rna,10377,DCAF16
rna,10378,C1orf189
rna,10379,NPPC
rna,10380,GNPDA2
rna,10381,ALPP
rna,10382,GABRG1
rna,10383,ALPPL2
rna,10384,GABRB1
rna,10385,PAQR3
rna,10386,NIPAL1
rna,10387,ALPI
rna,10388,ANTXR2
rna,10389,HELQ
rna,10390,MRPS18C
rna,10391,CGGBP1
rna,10392,FAM175A
rna,10393,GPR155
rna,10394,DAPL1
rna,10395,PMVK
rna,10396,PBXIP1
rna,10397,CLDN1
rna,10398,PYGO2
rna,10399,HIPK1
rna,10400,LENEP
rna,10401,DCST2
rna,10402,DCST1
rna,10403,COL6A3
rna,10404,YY1AP1
rna,10405,KBTBD8
rna,10406,FAM19A4
rna,10407,EOGT
rna,10408,LMOD3
rna,10409,APOA1BP
rna,10410,POGLUT1
rna,10411,SLC22A15
rna,10412,CCKAR
rna,10413,IGFN1
rna,10414,ATP1A1
rna,10415,SLC15A2
rna,10416,EIF4E3
rna,10417,PROK2
rna,10418,C3orf30
rna,10419,LRRC58
rna,10420,FSTL1
rna,10421,LMOD1
rna,10422,ELF3
rna,10423,PDCL2
rna,10424,TMEM183A
rna,10425,TMEM169
rna,10426,TRIM46
rna,10427,KRTCAP2
rna,10428,CXCR1
rna,10429,ARPC2
rna,10430,TSACC
rna,10431,CCT3
rna,10432,TMEM79
rna,10433,SSR2
rna,10434,RNF25
rna,10435,STK36
rna,10436,ADORA1
rna,10437,SRGAP2
rna,10438,NEK10
rna,10439,CCDC141
rna,10440,FEV
rna,10441,CRYBA2
rna,10442,IHH
rna,10443,KIAA1524
rna,10444,EOMES
rna,10445,CWC22
rna,10446,AZI2
rna,10447,TGFBR2
rna,10448,RETNLB
rna,10449,ANKZF1
rna,10450,HDAC11
rna,10451,FCRL4
rna,10452,TRAT1
rna,10453,FBLN2
rna,10454,GLB1L
rna,10455,STT3B
rna,10456,CHCHD4
rna,10457,DPPA2
rna,10458,NFASC
rna,10459,FCRL1
rna,10460,SGOL2
rna,10461,SERPINI1
rna,10462,CLASP2
rna,10463,SUCLG1
rna,10464,NUAK2
rna,10465,SPTA1
rna,10466,PRKCI
rna,10467,MNDA
rna,10468,PYHIN1
rna,10469,IFI16
rna,10470,AIM2
rna,10471,EFHB
rna,10472,EIF5A2
rna,10473,SLC2A2
rna,10474,RPL22L1
rna,10475,FABP1
rna,10476,PPM1L
rna,10477,ICA1L
rna,10478,CTLA4
rna,10479,ICOS
rna,10480,RYBP
rna,10481,PPP4R2
rna,10482,CD200R1
rna,10483,GTPBP8
rna,10484,C3orf17
rna,10485,SPICE1
rna,10486,KIAA1407
rna,10487,CADPS
rna,10488,NKX6-1
rna,10489,CDS1
rna,10490,WDFY3
rna,10491,COX18
rna,10492,PTPN13
rna,10493,SYNPR
rna,10494,ALB
rna,10495,C4orf36
rna,10496,THOC7
rna,10497,ATXN7
rna,10498,PSMD6
rna,10499,PRICKLE2
rna,10500,ADAMTS9
rna,10501,PPM1K
rna,10502,FAM194A
rna,10503,TIPARP
rna,10504,CCNL1
rna,10505,PTX3
rna,10506,HESX1
rna,10507,DCLK3
rna,10508,SLMAP
rna,10509,RPL9
rna,10510,SMIM14
rna,10511,ABHD6
rna,10512,DNASE1L3
rna,10513,C3orf67
rna,10514,RBM47
rna,10515,APBB2
rna,10516,IL17RE
rna,10517,IL17RC
rna,10518,CRELD1
rna,10519,PRRT3
rna,10520,FANCD2OS
rna,10521,PCOLCE2
rna,10522,U2SURP
rna,10523,MTMR14
rna,10524,TTC14
rna,10525,CXCL3
rna,10526,CXCL5
rna,10527,PPBP
rna,10528,PF4
rna,10529,MTHFD2L
rna,10530,CXCL1
rna,10531,RCHY1
rna,10532,PLSCR2
rna,10533,CCDC158
rna,10534,CPA3
rna,10535,GYG1
rna,10536,HPS3
rna,10537,TM4SF18
rna,10538,TOPBP1
rna,10539,RYK
rna,10540,SNRK
rna,10541,TCF23
rna,10542,DNAJC5G
rna,10543,UCN
rna,10544,ZNF513
rna,10545,SLC4A1AP
rna,10546,PLB1
rna,10547,SPDYA
rna,10548,KIAA1143
rna,10549,KIF15
rna,10550,TGM4
rna,10551,WDR43
rna,10552,ZDHHC3
rna,10553,CDCP1
rna,10554,SLC6A20
rna,10555,LZTFL1
rna,10556,FYCO1
rna,10557,CCR1
rna,10558,RTP3
rna,10559,LRRC2
rna,10560,ELP6
rna,10561,FBXO40
rna,10562,DTX3L
rna,10563,NMNAT3
rna,10564,SMIM12
rna,10565,ZMYM6
rna,10566,TPRA1
rna,10567,YEATS2
rna,10568,GRIK3
rna,10569,ZC3H12A
rna,10570,MEAF6
rna,10571,SNIP1
rna,10572,DNALI1
rna,10573,KLF15
rna,10574,CCDC37
rna,10575,CAMK2N2
rna,10576,LIPH
rna,10577,TMEM41A
rna,10578,RPN1
rna,10579,SENP2
rna,10580,HEYL
rna,10581,IFT122
rna,10582,RHO
rna,10583,RFC4
rna,10584,RPL39L
rna,10585,BAP1
rna,10586,TKT
rna,10587,PRKCD
rna,10588,RFT1
rna,10589,SFMBT1
rna,10590,GNL3
rna,10591,PBRM1
rna,10592,UVSSA
rna,10593,FAM208A
rna,10594,ARHGEF3
rna,10595,SLBP
rna,10596,LRPAP1
rna,10597,ZDHHC19
rna,10598,SLC51A
rna,10599,UBXN7
rna,10600,RNF168
rna,10601,PIGX
rna,10602,MFI2
rna,10603,S100P
rna,10604,ABLIM2
rna,10605,EXO5
rna,10606,CLDN19
rna,10607,C1orf50
rna,10608,ERMAP
rna,10609,ZNF691
rna,10610,AIMP1
rna,10611,SGMS2
rna,10612,METAP1
rna,10613,DNAJB14
rna,10614,H2AFZ
rna,10615,EMCN
rna,10616,SLC9B1
rna,10617,SLC9B2
rna,10618,BDH2
rna,10619,PGRMC2
rna,10620,CDC25A
rna,10621,CAMP
rna,10622,ZNF589
rna,10623,FBXW12
rna,10624,PLXNB1
rna,10625,CCDC51
rna,10626,ATRIP
rna,10627,SHISA5
rna,10628,SPRY1
rna,10629,BSN
rna,10630,APEH
rna,10631,INTU
rna,10632,RNF123
rna,10633,HSPA4L
rna,10634,MFSD8
rna,10635,C4orf29
rna,10636,CAMKV
rna,10637,MON1A
rna,10638,MST1R
rna,10639,RAD54L2
rna,10640,TEX264
rna,10641,GRM2
rna,10642,DUSP7
rna,10643,POC1A
rna,10644,PPM1M
rna,10645,AGXT2L1
rna,10646,WDR82
rna,10647,PITX2
rna,10648,C4orf3
rna,10649,PRSS12
rna,10650,NDST3
rna,10651,HMGB2
rna,10652,SAP30
rna,10653,SCRG1
rna,10654,HAND2
rna,10655,MAD2L1
rna,10656,ANXA5
rna,10657,TMEM155
rna,10658,ADAD1
rna,10659,MAP9
rna,10660,GUCY1A3
rna,10661,FBXO8
rna,10662,CEP44
rna,10663,HPGD
rna,10664,ASB5
rna,10665,C4orf45
rna,10666,TMEM144
rna,10667,FAM198B
rna,10668,NPY1R
rna,10669,NPY5R
rna,10670,NAA15
rna,10671,IL15
rna,10672,FAM160A1
rna,10673,ARFIP1
rna,10674,KIAA0947
rna,10675,HHIP
rna,10676,ANAPC10
rna,10677,ABCE1
rna,10678,OTUD4
rna,10679,LSM6
rna,10680,TMEM184C
rna,10681,PRMT10
rna,10682,ITGA2
rna,10683,MOCS2
rna,10684,SLC45A2
rna,10685,EDIL3
rna,10686,TMEM161B
rna,10687,ELOVL7
rna,10688,NDUFAF2
rna,10689,ZNF474
rna,10690,LMBRD2
rna,10691,RANBP3L
rna,10692,NIPBL
rna,10693,RNF180
rna,10694,GPR98
rna,10695,SLC25A46
rna,10696,STARD4
rna,10697,PGGT1B
rna,10698,F2RL2
rna,10699,CCDC112
rna,10700,CMBL
rna,10701,C5orf63
rna,10702,PRRC1
rna,10703,F2RL1
rna,10704,AGGF1
rna,10705,WDR41
rna,10706,PRDM9
rna,10707,NDUFS4
rna,10708,SCGB3A2
rna,10709,SPINK1
rna,10710,HTR4
rna,10711,ESM1
rna,10712,GRPEL2
rna,10713,CDC20B
rna,10714,ARSK
rna,10715,RHOBTB3
rna,10716,GPX8
rna,10717,TIGD6
rna,10718,SPZ1
rna,10719,SERINC5
rna,10720,ENPP6
rna,10721,CAGE1
rna,10722,CASP3
rna,10723,CCDC111
rna,10724,ERAP1
rna,10725,ERAP2
rna,10726,CMYA5
rna,10727,EGFLAM
rna,10728,KIAA1430
rna,10729,TMEM174
rna,10730,CARTPT
rna,10731,RICTOR
rna,10732,PAPD4
rna,10733,EBF1
rna,10734,ANKRA2
rna,10735,UBLCP1
rna,10736,FAM170A
rna,10737,UTP15
rna,10738,TLR3
rna,10739,KLKB1
rna,10740,NSA2
rna,10741,GFM2
rna,10742,TERT
rna,10743,SLC6A18
rna,10744,CCDC127
rna,10745,FOXQ1
rna,10746,C6orf195
rna,10747,GPR111
rna,10748,ACSL6
rna,10749,IL3
rna,10750,CSF2
rna,10751,SEPT8
rna,10752,SHROOM1
rna,10753,GDF9
rna,10754,UQCRQ
rna,10755,LEAP2
rna,10756,GJB7
rna,10757,SLC35A1
rna,10758,GRIK2
rna,10759,MB21D1
rna,10760,FABP7
rna,10761,TLX3
rna,10762,TXLNB
rna,10763,CITED2
rna,10764,FAM26D
rna,10765,T
rna,10766,CREBRF
rna,10767,DCBLD1
rna,10768,SFXN1
rna,10769,SAMD3
rna,10770,TMEM200A
rna,10771,IL22RA2
rna,10772,DACT2
rna,10773,PDSS2
rna,10774,C7orf72
rna,10775,STXBP5
rna,10776,HIST1H2AA
rna,10777,IL31RA
rna,10778,ANKRD55
rna,10779,RAET1E
rna,10780,PI16
rna,10781,TBX20
rna,10782,DAGLB
rna,10783,KIAA0895
rna,10784,STK17A
rna,10785,TRA2A
rna,10786,FAM183B
rna,10787,GALNT10
rna,10788,SAP30L
rna,10789,RPS14
rna,10790,HCN1
rna,10791,MYOZ3
rna,10792,COG5
rna,10793,NEUROD6
rna,10794,C7orf60
rna,10795,GPR85
rna,10796,SLU7
rna,10797,PTTG1
rna,10798,CAMLG
rna,10799,FBXL21
rna,10800,BMPER
rna,10801,RELL2
rna,10802,SMAD5-AS1
rna,10803,KCNK5
rna,10804,KIF6
rna,10805,ZNF12
rna,10806,SLC29A4
rna,10807,C7orf62
rna,10808,STEAP1
rna,10809,CDCA7L
rna,10810,SP8
rna,10811,MIOS
rna,10812,KIAA1324L
rna,10813,USP49
rna,10814,SYTL3
rna,10815,IQUB
rna,10816,HEY1
rna,10817,ZNF704
rna,10818,SHH
rna,10819,TAGAP
rna,10820,COL1A2
rna,10821,FNDC1
rna,10822,CHMP4C
rna,10823,SLC13A4
rna,10824,PGAM2
rna,10825,BRI3
rna,10826,LMTK2
rna,10827,SLC35G3
rna,10828,CTSB
rna,10829,SOX17
rna,10830,DLC1
rna,10831,ADCY1
rna,10832,C8orf48
rna,10833,SUN3
rna,10834,C7orf57
rna,10835,HNF4G
rna,10836,PEX2
rna,10837,RAD21
rna,10838,SLC30A8
rna,10839,MED30
rna,10840,TNFRSF11B
rna,10841,SBSPON
rna,10842,PHKG1
rna,10843,EN2
rna,10844,KCNV1
rna,10845,CSMD3
rna,10846,KIAA0146
rna,10847,ORC5
rna,10848,DEFA5
rna,10849,HEATR2
rna,10850,DEFA4
rna,10851,DEFA6
rna,10852,OSGIN2
rna,10853,DEFB1
rna,10854,SUN1
rna,10855,OXR1
rna,10856,TMEM74
rna,10857,GPR146
rna,10858,GPER
rna,10859,UNCX
rna,10860,TMEM184A
rna,10861,NOS3
rna,10862,MICALL2
rna,10863,CA3
rna,10864,INTS1
rna,10865,CDK5
rna,10866,SLC4A2
rna,10867,SLC7A13
rna,10868,FASTK
rna,10869,TMUB1
rna,10870,GBX1
rna,10871,PHAX
rna,10872,ALDH7A1
rna,10873,FOXK1
rna,10874,COX6C
rna,10875,OSR2
rna,10876,YWHAZ
rna,10877,BAALC
rna,10878,FZD6
rna,10879,CTHRC1
rna,10880,SLC25A32
rna,10881,DCAF13
rna,10882,DCSTAMP
rna,10883,TP53INP1
rna,10884,INTS8
rna,10885,KIAA1429
rna,10886,FREM1
rna,10887,GEM
rna,10888,PDP1
rna,10889,TMEM67
rna,10890,KIAA0196
rna,10891,RPP25L
rna,10892,FAM219A
rna,10893,C9orf24
rna,10894,SNAPC3
rna,10895,KIAA1161
rna,10896,NUDT2
rna,10897,TMEM65
rna,10898,PSIP1
rna,10899,CCDC171
rna,10900,UBAP1
rna,10901,DIRAS2
rna,10902,SYK
rna,10903,NIPSNAP3B
rna,10904,ABCA1
rna,10905,NFIL3
rna,10906,LETM2
rna,10907,METTL2B
rna,10908,PRKACG
rna,10909,FXN
rna,10910,ZMAT4
rna,10911,NKX6-3
rna,10912,TMEM71
rna,10913,MAMDC2
rna,10914,PRSS37
rna,10915,CPA6
rna,10916,C8orf34
rna,10917,TMC1
rna,10918,ALDH1A1
rna,10919,KDM1B
rna,10920,HGSNAT
rna,10921,RASEF
rna,10922,GKAP1
rna,10923,C9orf64
rna,10924,HNRNPK
rna,10925,C7orf45
rna,10926,SVEP1
rna,10927,TRPV6
rna,10928,C7orf34
rna,10929,ANKS6
rna,10930,FBP1
rna,10931,TMEM246
rna,10932,CXorf22
rna,10933,DYNLT3
rna,10934,WBSCR27
rna,10935,MID1IP1
rna,10936,C9orf84
rna,10937,CXorf58
rna,10938,KIAA1958
rna,10939,PTCHD1
rna,10940,RNF183
rna,10941,ASB11
rna,10942,PCDH19
rna,10943,PIGA
rna,10944,FIGF
rna,10945,OR1K1
rna,10946,STRBP
rna,10947,CLDN3
rna,10948,GAPVD1
rna,10949,C9orf89
rna,10950,WNK2
rna,10951,ATP7A
rna,10952,ZNF367
rna,10953,NLGN4Y
rna,10954,HDX
rna,10955,NDUFB6
rna,10956,AQP7
rna,10957,NOL6
rna,10958,AQP3
rna,10959,TRMT10B
rna,10960,VCP
rna,10961,PIGO
rna,10962,STOML2
rna,10963,BRWD3
rna,10964,SLITRK5
rna,10965,MELK
rna,10966,ARMC3
rna,10967,OTUD1
rna,10968,ARHGAP12
rna,10969,FAT3
rna,10970,CCDC67
rna,10971,HECTD2
rna,10972,SLC7A3
rna,10973,FBXO33
rna,10974,DDX26B
rna,10975,GPR101
rna,10976,CLDN2
rna,10977,LRFN5
rna,10978,ZNF488
rna,10979,WRN
rna,10980,MARCH8
rna,10981,TSHR
rna,10982,CFL2
rna,10983,SUGT1
rna,10984,GTF2A1
rna,10985,ZCCHC24
rna,10986,PGM2L1
rna,10987,PHYHIPL
rna,10988,SLC16A9
rna,10989,FOLR2
rna,10990,INPPL1
rna,10991,PHOX2A
rna,10992,MBL2
rna,10993,GJB2
rna,10994,CRYL1
rna,10995,REEP3
rna,10996,HEPACAM
rna,10997,SKA3
rna,10998,EFHA1
rna,10999,C11orf82
rna,11000,PCF11
rna,11001,PKNOX2
rna,11002,RPL10L
rna,11003,LRR1
rna,11004,RPL36AL
rna,11005,DNAAF2
rna,11006,C10orf10
rna,11007,MAGEC3
rna,11008,C10orf25
rna,11009,ZNF22
rna,11010,KLHDC2
rna,11011,EML5
rna,11012,NEMF
rna,11013,RPUSD4
rna,11014,ARF6
rna,11015,TTC8
rna,11016,TMEM63C
rna,11017,NGB
rna,11018,NOXRED1
rna,11019,CDX2
rna,11020,AMER2
rna,11021,AKR1E2
rna,11022,KBTBD6
rna,11023,SSX5
rna,11024,SSX3
rna,11025,OTX2
rna,11026,FAAH2
rna,11027,DRGX
rna,11028,NUDT5
rna,11029,DACT1
rna,11030,OXGR1
rna,11031,UCMA
rna,11032,BEND7
rna,11033,ATP5C1
rna,11034,TAF3
rna,11035,VSTM4
rna,11036,SOHLH1
rna,11037,COMTD1
rna,11038,SLC18A2
rna,11039,PDZD8
rna,11040,ZNF503
rna,11041,DACH1
rna,11042,FAM175B
rna,11043,QSOX2
rna,11044,FAM204A
rna,11045,NSD1
rna,11046,PRDX3
rna,11047,ENOX2
rna,11048,GHITM
rna,11049,CLEC1B
rna,11050,SNAPC4
rna,11051,TMEM52B
rna,11052,PMPCA
rna,11053,SDCCAG3
rna,11054,FRMD7
rna,11055,AK8
rna,11056,C9orf9
rna,11057,TSC1
rna,11058,GFI1B
rna,11059,HPRT1
rna,11060,LOH12CR1
rna,11061,FAM69B
rna,11062,ZMYND19
rna,11063,STOX1
rna,11064,RET
rna,11065,DDX21
rna,11066,BMS1
rna,11067,STK32C
rna,11068,KIAA1462
rna,11069,OR4K2
rna,11070,FUNDC2
rna,11071,TMEM55B
rna,11072,METTL17
rna,11073,SLC39A2
rna,11074,NDRG2
rna,11075,RNASE7
rna,11076,ARHGEF40
rna,11077,NSMF
rna,11078,ZNF219
rna,11079,C12orf50
rna,11080,CASP7
rna,11081,PPP1R36
rna,11082,BTNL9
rna,11083,C10orf118
rna,11084,VWA2
rna,11085,METTL3
rna,11086,SALL2
rna,11087,TRUB1
rna,11088,FAM194B
rna,11089,CYP2C19
rna,11090,ZFYVE1
rna,11091,PNLIPRP2
rna,11092,C10orf82
rna,11093,HSPA12A
rna,11094,FRAT1
rna,11095,UBTD1
rna,11096,ANKRD2
rna,11097,E2F7
rna,11098,ARHGAP42
rna,11099,ISCA2
rna,11100,GYLTL1B
rna,11101,PACSIN3
rna,11102,TTC7B
rna,11103,SLC39A13
rna,11104,PSMC3
rna,11105,RAPSN
rna,11106,AGBL2
rna,11107,TC2N
rna,11108,CPSF2
rna,11109,C12orf70
rna,11110,MOAP1
rna,11111,IFI27L1
rna,11112,IFI27
rna,11113,SERPINA12
rna,11114,CLMN
rna,11115,PDZRN4
rna,11116,SLC6A5
rna,11117,NELL1
rna,11118,PTER
rna,11119,C1QL3
rna,11120,CACNB2
rna,11121,PTPLA
rna,11122,ARL5B
rna,11123,C11orf75
rna,11124,KIAA1731
rna,11125,KCNC2
rna,11126,TAF1D
rna,11127,ABTB2
rna,11128,R3HCC1L
rna,11129,AMOTL1
rna,11130,HTRA1
rna,11131,LIPC
rna,11132,CEP57
rna,11133,TCP11L2
rna,11134,PASD1
rna,11135,SPRED1
rna,11136,TMCO5A
rna,11137,GPR176
rna,11138,JAM3
rna,11139,IL25
rna,11140,CMTM5
rna,11141,GLB1L3
rna,11142,ADAMTS15
rna,11143,SVOP
rna,11144,SPATA19
rna,11145,GPT2
rna,11146,AMN
rna,11147,RAB8B
rna,11148,IKBIP
rna,11149,RPUSD2
rna,11150,HIF1AN
rna,11151,ZFYVE19
rna,11152,PPP1R14D
rna,11153,SPINT1
rna,11154,FBN1
rna,11155,AVPR1A
rna,11156,C16orf78
rna,11157,DEPDC4
rna,11158,TPTE
rna,11159,LRTM2
rna,11160,CKB
rna,11161,TRMT61A
rna,11162,BTRC
rna,11163,POLL
rna,11164,BAG5
rna,11165,DPCD
rna,11166,LARP6
rna,11167,API5
rna,11168,ASPG
rna,11169,ZNF319
rna,11170,HPS6
rna,11171,SENP8
rna,11172,NOLC1
rna,11173,ALKBH3
rna,11174,COPS2
rna,11175,GABRB3
rna,11176,SPIC
rna,11177,TBATA
rna,11178,SGPL1
rna,11179,FRS2
rna,11180,CCT2
rna,11181,PCBD1
rna,11182,ARIH1
rna,11183,C16orf71
rna,11184,CLMP
rna,11185,SCN3B
rna,11186,COX11
rna,11187,ZNF202
rna,11188,FAM227B
rna,11189,STXBP4
rna,11190,CYYR1
rna,11191,CUL5
rna,11192,MYRFL
rna,11193,WBP1L
rna,11194,C10orf32
rna,11195,PLEKHF1
rna,11196,TMEM100
rna,11197,ANAPC16
rna,11198,SMPD1
rna,11199,APBB1
rna,11200,SYNPO2L
rna,11201,NUDT13
rna,11202,C11orf65
rna,11203,TRIM44
rna,11204,ILK
rna,11205,TAF10
rna,11206,TPP1
rna,11207,DCHS1
rna,11208,NETO1
rna,11209,MSS51
rna,11210,CYB5A
rna,11211,USP54
rna,11212,RAG1
rna,11213,C11orf74
rna,11214,WDR88
rna,11215,OR10A5
rna,11216,OR2D2
rna,11217,ATP9B
rna,11218,PPFIBP2
rna,11219,MOGAT2
rna,11220,CYB5R2
rna,11221,SERPINB7
rna,11222,GARRE1
rna,11223,SERPINB8
rna,11224,TUB
rna,11225,RIC3
rna,11226,LMO1
rna,11227,IDH3A
rna,11228,WDR72
rna,11229,CRABP1
rna,11230,PLD4
rna,11231,ZMAT1
rna,11232,XRRA1
rna,11233,TRIM66
rna,11234,RNF169
rna,11235,RPL27A
rna,11236,ST5
rna,11237,CDYL2
rna,11238,TMEM130
rna,11239,PRTG
rna,11240,CENPN
rna,11241,AKIP1
rna,11242,ATMIN
rna,11243,TMEM41B
rna,11244,LEO1
rna,11245,ZNF143
rna,11246,TMX3
rna,11247,MFAP4
rna,11248,WEE1
rna,11249,MAPK7
rna,11250,PRKCB
rna,11251,NDST2
rna,11252,MCM7
rna,11253,CLEC3A
rna,11254,CCDC68
rna,11255,CLEC4E
rna,11256,ZNF3
rna,11257,CLEC4D
rna,11258,ZSCAN21
rna,11259,RIMKLB
rna,11260,A2ML1
rna,11261,BEAN1
rna,11262,TMED3
rna,11263,SLC38A8
rna,11264,SEC11C
rna,11265,CPLX4
rna,11266,TMEM135
rna,11267,IQCD
rna,11268,NDEL1
rna,11269,CENPV
rna,11270,CDH16
rna,11271,RRAD
rna,11272,FAM96B
rna,11273,WDR16
rna,11274,HSP90B1
rna,11275,MC4R
rna,11276,BLCAP
rna,11277,SERPINB12
rna,11278,SPDYE6
rna,11279,ATF7IP2
rna,11280,MMP10
rna,11281,TVP23A
rna,11282,NGFRAP1
rna,11283,TMPRSS5
rna,11284,COG1
rna,11285,PLEKHA7
rna,11286,ZNF606
rna,11287,ZCCHC18
rna,11288,B2M
rna,11289,ZNF592
rna,11290,CASC4
rna,11291,HTR3A
rna,11292,NNMT
rna,11293,ACSM1
rna,11294,AP1G1
rna,11295,AGBL1
rna,11296,SLFN5
rna,11297,C16orf45
rna,11298,KIAA0430
rna,11299,SAA3P
rna,11300,SAAL1
rna,11301,YPEL4
rna,11302,PPIB
rna,11303,LDHC
rna,11304,FAM96A
rna,11305,LDHAL6A
rna,11306,FAM111A
rna,11307,KIAA0101
rna,11308,KIF7
rna,11309,LDHD
rna,11310,PLIN1
rna,11311,PEX11A
rna,11312,MESP1
rna,11313,ANPEP
rna,11314,SCNN1G
rna,11315,RBPMS2
rna,11316,NAV2
rna,11317,ANKDD1A
rna,11318,GLYATL1
rna,11319,C18orf54
rna,11320,DCTN5
rna,11321,TERF2IP
rna,11322,PLK1
rna,11323,CLPX
rna,11324,GPR182
rna,11325,ZBTB39
rna,11326,CACNG2
rna,11327,TAC3
rna,11328,MYO1A
rna,11329,CHP2
rna,11330,TMEM194A
rna,11331,OR4D6
rna,11332,NAB2
rna,11333,VPS39
rna,11334,STAT6
rna,11335,PATL1
rna,11336,XRCC6BP1
rna,11337,STX3
rna,11338,MRPL16
rna,11339,PIP4K2C
rna,11340,MTMR10
rna,11341,YWHAB
rna,11342,C15orf48
rna,11343,SCG5
rna,11344,GREM1
rna,11345,NYAP1
rna,11346,TSC22D4
rna,11347,MS4A6E
rna,11348,MS4A14
rna,11349,MS4A5
rna,11350,DIS3L
rna,11351,CCNDBP1
rna,11352,EPB42
rna,11353,TGM6
rna,11354,SMAD3
rna,11355,MS4A8B
rna,11356,CCDC178
rna,11357,MS4A15
rna,11358,MAP1A
rna,11359,RCCD1
rna,11360,AKTIP
rna,11361,MAPRE2
rna,11362,EVA1C
rna,11363,MARS
rna,11364,MBD6
rna,11365,CNPY4
rna,11366,PDIA3
rna,11367,NUDT21
rna,11368,NAT16
rna,11369,C15orf43
rna,11370,NKX3-1
rna,11371,SGSM1
rna,11372,DUSP18
rna,11373,TEF
rna,11374,MEI1
rna,11375,B4GALNT2
rna,11376,PBX3
rna,11377,GNGT2
rna,11378,PHB
rna,11379,SNRPD1
rna,11380,TTC16
rna,11381,SUN5
rna,11382,SAMD14
rna,11383,PIP5KL1
rna,11384,BPIFB6
rna,11385,TMEM92
rna,11386,FAM102A
rna,11387,ACSF2
rna,11388,GOLGA2
rna,11389,TRUB2
rna,11390,COQ4
rna,11391,SLC27A4
rna,11392,URM1
rna,11393,CERCAM
rna,11394,DOLPP1
rna,11395,ENDOG
rna,11396,TBC1D21
rna,11397,PRRX2
rna,11398,C15orf39
rna,11399,ISLR2
rna,11400,SP2
rna,11401,PRR15L
rna,11402,COQ7
rna,11403,GPRC5B
rna,11404,CRK
rna,11405,C16orf92
rna,11406,FBXO22
rna,11407,TBC1D2B
rna,11408,NOD2
rna,11409,SNX20
rna,11410,LOXHD1
rna,11411,KATNAL2
rna,11412,HDHD2
rna,11413,C17orf78
rna,11414,ZNF91
rna,11415,CCL23
rna,11416,IGF2
rna,11417,RNF214
rna,11418,CDK12
rna,11419,DPEP2
rna,11420,POP5
rna,11421,ENGASE
rna,11422,RBFOX3
rna,11423,ATP5L
rna,11424,CD3D
rna,11425,TBC1D16
rna,11426,ENTHD2
rna,11427,MYO5B
rna,11428,ART5
rna,11429,STIM1
rna,11430,RRM1
rna,11431,OR51E2
rna,11432,TRIM68
rna,11433,MMP26
rna,11434,OR51Q1
rna,11435,FN3K
rna,11436,PRRT2
rna,11437,IRGQ
rna,11438,ZNF226
rna,11439,ZNF229
rna,11440,ZNF180
rna,11441,PPP2R3B
rna,11442,ZNF668
rna,11443,ZNF646
rna,11444,GNG8
rna,11445,LPO
rna,11446,CA4
rna,11447,TPM4
rna,11448,RAB8A
rna,11449,GPX4
rna,11450,MIDN
rna,11451,JSRP1
rna,11452,FAM129C
rna,11453,KLHL26
rna,11454,GATAD2A
rna,11455,MVD
rna,11456,CDT1
rna,11457,TRAPPC2L
rna,11458,ANKRD11
rna,11459,C16orf55
rna,11460,PROCA1
rna,11461,RPL13
rna,11462,ZNF641
rna,11463,LALBA
rna,11464,CACNB3
rna,11465,DHRS13
rna,11466,MLL2
rna,11467,CORO6
rna,11468,RHEBL1
rna,11469,TUBA1A
rna,11470,TUBA1C
rna,11471,ZNF610
rna,11472,ZNF528
rna,11473,ZNF701
rna,11474,SERTAD3
rna,11475,NCKAP5L
rna,11476,RAB4B
rna,11477,AQP2
rna,11478,GPD1
rna,11479,C19orf55
rna,11480,CYP2S1
rna,11481,AXL
rna,11482,NFKBID
rna,11483,TMC4
rna,11484,ANKRD33
rna,11485,LAIR1
rna,11486,TTYH1
rna,11487,LENG8
rna,11488,CDC42EP5
rna,11489,LAIR2
rna,11490,TMEM145
rna,11491,ZNF526
rna,11492,TRAPPC9
rna,11493,KIR3DL1
rna,11494,NLRP7
rna,11495,ZNF146
rna,11496,ZNF283
rna,11497,PPP1R14A
rna,11498,SPINT2
rna,11499,C19orf33
rna,11500,YIF1B
rna,11501,DNAAF3
rna,11502,PSCA
rna,11503,ATCAY
rna,11504,LY6D
rna,11505,DAPK3
rna,11506,EEF2
rna,11507,TMIGD2
rna,11508,CHAF1A
rna,11509,UBXN6
rna,11510,PLIN4
rna,11511,SEMA6B
rna,11512,ZNF444
rna,11513,NXN
rna,11514,TLCD3A
rna,11515,GLOD4
rna,11516,MFSD3
rna,11517,GPT
rna,11518,KIFC2
rna,11519,SLC43A2
rna,11520,RILP
rna,11521,SERPINF2
rna,11522,WDR81
rna,11523,SRR
rna,11524,TSR1
rna,11525,TRPV3
rna,11526,CYB5D2
rna,11527,GGT6
rna,11528,C19orf48
rna,11529,KLK1
rna,11530,KLK4
rna,11531,KLK2
rna,11532,KLK5
rna,11533,KLK6
rna,11534,KLK11
rna,11535,KLK13
rna,11536,ZNF83
rna,11537,KRT80
rna,11538,KRT1
rna,11539,ACER1
rna,11540,OTUB1
rna,11541,RCOR2
rna,11542,ANGPTL4
rna,11543,NDUFA7
rna,11544,CD320
rna,11545,SPRYD3
rna,11546,IGFBP6
rna,11547,SOAT2
rna,11548,ZNF558
rna,11549,CABP2
rna,11550,NDUFV1
rna,11551,CDK2AP2
rna,11552,NUDT8
rna,11553,TBX10
rna,11554,PRDX2
rna,11555,OR8J3
rna,11556,OR5I1
rna,11557,ZNF232
rna,11558,MIS12
rna,11559,CD300C
rna,11560,CD300A
rna,11561,TEKT1
rna,11562,HID1
rna,11563,ICT1
rna,11564,TMEM88
rna,11565,EVPL
rna,11566,SRP68
rna,11567,MGAT5B
rna,11568,TMC8
rna,11569,TK1
rna,11570,TMEM68
rna,11571,CYP7A1
rna,11572,GSDMA
rna,11573,KRT24
rna,11574,TMEM99
rna,11575,GHDC
rna,11576,ITFG3
rna,11577,SOST
rna,11578,PRR25
rna,11579,ZNF598
rna,11580,RAB26
rna,11581,MLST8
rna,11582,E4F1
rna,11583,DNASE1L2
rna,11584,ECI1
rna,11585,CASKIN1
rna,11586,ABCA3
rna,11587,KCTD5
rna,11588,SRRM2
rna,11589,ZNF597
rna,11590,NLRC3
rna,11591,DDB1
rna,11592,VPS37C
rna,11593,VWCE
rna,11594,RAB3IL1
rna,11595,BEST1
rna,11596,FTH1
rna,11597,POLR2G
rna,11598,SLC3A2
rna,11599,HRASLS5
rna,11600,C11orf84
rna,11601,ATG16L2
rna,11602,C2CD3
rna,11603,TRANK1
rna,11604,TTC21A
rna,11605,ENTPD3
rna,11606,CTNNB1
rna,11607,ULK4
rna,11608,FADD
rna,11609,LTBP3
rna,11610,NAALADL1
rna,11611,SAC3D1
rna,11612,BATF2
rna,11613,SLC22A11
rna,11614,SF1
rna,11615,MAP4K2
rna,11616,C11orf85
rna,11617,CCDC88B
rna,11618,SCARA3
rna,11619,PBK
rna,11620,SCARA5
rna,11621,PNOC
rna,11622,COPS6
rna,11623,PAFAH1B2
rna,11624,ANKS3
rna,11625,NUDT16L1
rna,11626,KIAA1586
rna,11627,RAB4A
rna,11628,OR2B2
rna,11629,KCNJ4
rna,11630,SETD5
rna,11631,VASN
rna,11632,FAM83B
rna,11633,HIST3H3
rna,11634,THAP9
rna,11635,OR2C1
rna,11636,RNF187
rna,11637,HOOK3
rna,11638,MAPK1IP1L
rna,11639,DDIT4
rna,11640,RBPJ
rna,11641,LMBRD1
rna,11642,ZCCHC4
rna,11643,PTGDR
rna,11644,TTC39C
rna,11645,GLYCTK
rna,11646,HIST1H2BI
rna,11647,GNG4
rna,11648,UBTD2
rna,11649,NKIRAS2
rna,11650,DNAJC7
rna,11651,C14orf183
rna,11652,KCNV2
rna,11653,IRF2BP2
rna,11654,PTF1A
rna,11655,NT5DC2
rna,11656,FOXI1
rna,11657,UQCC5
rna,11658,HIST1H2AE
rna,11659,COA6
rna,11660,KIF5C
rna,11661,MGAT2
rna,11662,BMI1
rna,11663,THAP11
rna,11664,MMADHC
rna,11665,PDHB
rna,11666,PXK
rna,11667,HIST1H1E
rna,11668,PCMTD1
rna,11669,KCTD6
rna,11670,MPLKIP
rna,11671,ACOX2
rna,11672,FAM107A
rna,11673,IRF2
rna,11674,MOBP
rna,11675,CX3CR1
rna,11676,C8orf22
rna,11677,XIRP1
rna,11678,INSM2
rna,11679,DEGS2
rna,11680,SCN11A
rna,11681,ARF4
rna,11682,SEPT2
rna,11683,FILIP1L
rna,11684,MFSD2A
rna,11685,DTYMK
rna,11686,TAP1
rna,11687,ING5
rna,11688,ATG4B
rna,11689,MLKL
rna,11690,CMAHP
rna,11691,RFWD3
rna,11692,MTNR1A
rna,11693,KCNG4
rna,11694,RHOH
rna,11695,KLHL30
rna,11696,COG7
rna,11697,CDC40
rna,11698,STIP1
rna,11699,SCNN1B
rna,11700,HR
rna,11701,TXNDC2
rna,11702,RAB31
rna,11703,REEP4
rna,11704,LGI3
rna,11705,SFTPC
rna,11706,BMP1
rna,11707,ATXN2L
rna,11708,PHYHIP
rna,11709,CCDC110
rna,11710,POLR3D
rna,11711,SDPR
rna,11712,SOGA2
rna,11713,GBX2
rna,11714,HFE2
rna,11715,SCGB1D1
rna,11716,HEXIM2
rna,11717,FNTA
rna,11718,SERINC2
rna,11719,MYL1
rna,11720,TRAPPC11
rna,11721,CHRM1
rna,11722,COL3A1
rna,11723,GFRA2
rna,11724,ING2
rna,11725,CDKN2AIP
rna,11726,SNRNP48
rna,11727,TMEM223
rna,11728,SLC20A2
rna,11729,CRYGA
rna,11730,DYNLRB2
rna,11731,TMUB2
rna,11732,ADAM29
rna,11733,STAT3
rna,11734,ZSWIM1
rna,11735,ADAM9
rna,11736,ADAM18
rna,11737,GDNF
rna,11738,DPCR1
rna,11739,WFDC13
rna,11740,AXIN2
rna,11741,NDUFS5
rna,11742,VWA3B
rna,11743,ZNF30
rna,11744,UGT3A2
rna,11745,FAM84B
rna,11746,LDLRAD4
rna,11747,KCTD19
rna,11748,SLC16A4
rna,11749,IL7R
rna,11750,TMEM208
rna,11751,LRP1B
rna,11752,WFDC12
rna,11753,AHCYL1
rna,11754,DNAJC21
rna,11755,PKIG
rna,11756,NPNT
rna,11757,CA7
rna,11758,FAM178B
rna,11759,SEMA4C
rna,11760,CNNM3
rna,11761,GSTM4
rna,11762,TET2
rna,11763,CXXC4
rna,11764,TCTN2
rna,11765,SHOX2
rna,11766,PPIP5K1
rna,11767,TSPAN5
rna,11768,OR12D2
rna,11769,ABHD15
rna,11770,ZBTB5
rna,11771,CHTF8
rna,11772,ADAL
rna,11773,LCMT2
rna,11774,SNTB2
rna,11775,IL12A
rna,11776,ZNF507
rna,11777,STX18
rna,11778,ZBTB49
rna,11779,GFM1
rna,11780,OR13J1
rna,11781,HTR1E
rna,11782,FSTL5
rna,11783,DDX19A
rna,11784,ATOH8
rna,11785,SOX14
rna,11786,ANKRD49
rna,11787,SFTPB
rna,11788,USP39
rna,11789,TNIP2
rna,11790,C2orf68
rna,11791,TMEM150A
rna,11792,RNF181
rna,11793,VAMP5
rna,11794,BTNL3
rna,11795,LRRC28
rna,11796,MAT2A
rna,11797,PLA2G4F
rna,11798,ENHO
rna,11799,ZNF608
rna,11800,SLC35G2
rna,11801,INPP5D
rna,11802,LETM1
rna,11803,CTRB2
rna,11804,TMEM129
rna,11805,PPIC
rna,11806,SPRY3
rna,11807,CEP120
rna,11808,STXBP6
rna,11809,TM4SF20
rna,11810,MFF
rna,11811,GRM5
rna,11812,LGALS9
rna,11813,CPLX1
rna,11814,PXDC1
rna,11815,SIGLEC7
rna,11816,NTSR2
rna,11817,E2F6
rna,11818,FEM1B
rna,11819,COMMD8
rna,11820,ATP5I
rna,11821,MFSD7
rna,11822,COL4A3
rna,11823,MAP2K1
rna,11824,KLK7
rna,11825,PMCHL2
rna,11826,HNRNPH1
rna,11827,IRS1
rna,11828,MECP2
rna,11829,VCX3A
rna,11830,ZBBX
rna,11831,ACTBL2
rna,11832,ROR2
rna,11833,BRD7P3
rna,11834,AR
rna,11835,DHRSX
rna,11836,C8orf46
rna,11837,HSPBAP1
rna,11838,ASMTL
rna,11839,SLC25A6
rna,11840,CHST14
rna,11841,PARM1
rna,11842,CSNK1G1
rna,11843,FAM110B
rna,11844,ODAD2
rna,11845,AFAP1L2
rna,11846,ZNF354A
rna,11847,ATF5
rna,11848,UBE2V2
rna,11849,GOT1L1
rna,11850,ZBTB43
rna,11851,CPT1C
rna,11852,PCSK9
rna,11853,XPO6
rna,11854,GSG1L
rna,11855,MN1
rna,11856,APEX2
rna,11857,NSMCE1
rna,11858,CCDC126
rna,11859,IL13
rna,11860,OR10G3
rna,11861,RAB3B
rna,11862,OR6F1
rna,11863,CD2BP2
rna,11864,RSPO1
rna,11865,RGS14
rna,11866,TBC1D10B
rna,11867,LMAN2
rna,11868,GCSAML
rna,11869,THBS3
rna,11870,CA5B
rna,11871,SLC50A1
rna,11872,EFNA1
rna,11873,CXCL10
rna,11874,SH3TC2
rna,11875,CXCL11
rna,11876,ZRSR2
rna,11877,NMD3
rna,11878,ADRB2
rna,11879,B3GALNT1
rna,11880,GPRIN1
rna,11881,HSPB3
rna,11882,KCNAB1
rna,11883,MRPL1
rna,11884,SHE
rna,11885,NR0B1
rna,11886,PGM2
rna,11887,STK32A
rna,11888,IL1RAPL1
rna,11889,P2RY12
rna,11890,C22orf15
rna,11891,OR5AU1
rna,11892,KIAA1024
rna,11893,PDILT
rna,11894,UMOD
rna,11895,GP2
rna,11896,SLC33A1
rna,11897,CRADD
rna,11898,SIN3A
rna,11899,ARL13B
rna,11900,RNASE2
rna,11901,ELSPBP1
rna,11902,RNASE3
rna,11903,PTK2
rna,11904,PTAFR
rna,11905,PTPN9
rna,11906,RNASE6
rna,11907,NPR1
rna,11908,KCNK9
rna,11909,IL8
rna,11910,SCN9A
rna,11911,RASSF6
rna,11912,COL22A1
rna,11913,SDC2
rna,11914,CD52
rna,11915,MMGT1
rna,11916,SPRR1B
rna,11917,SPRR1A
rna,11918,OR4K14
rna,11919,TM2D2
rna,11920,HTRA4
rna,11921,PLEKHA2
rna,11922,CLIC4
rna,11923,SLC38A11
rna,11924,GPR183
rna,11925,CRCT1
rna,11926,CCDC8
rna,11927,METTL15
rna,11928,ZNF280A
rna,11929,MUC15
rna,11930,ZEB2
rna,11931,GJB1
rna,11932,PCBP1
rna,11933,HINT1
rna,11934,DTWD2
rna,11935,VPREB1
rna,11936,CLIC3
rna,11937,INO80E
rna,11938,BNC1
rna,11939,DFFB
rna,11940,NFU1
rna,11941,ANTXR1
rna,11942,GKN1
rna,11943,CKAP2L
rna,11944,C15orf40
rna,11945,PROKR1
rna,11946,APLF
rna,11947,HIC2
rna,11948,LUZP1
rna,11949,HEXDC
rna,11950,DRD5
rna,11951,BUB1
rna,11952,LRRC45
rna,11953,CHRNA5
rna,11954,MT1B
rna,11955,STRA13
rna,11956,AGPAT2
rna,11957,ASPSCR1
rna,11958,GP9
rna,11959,FASN
rna,11960,CNBP
rna,11961,MT1E
rna,11962,ACTRT2
rna,11963,DUS1L
rna,11964,GPS1
rna,11965,RFNG
rna,11966,DCXR
rna,11967,ZNF32
rna,11968,LDB2
rna,11969,RAC3
rna,11970,NRG4
rna,11971,LIMS1
rna,11972,C15orf27
rna,11973,NLGN1
rna,11974,TAPT1
rna,11975,UGP2
rna,11976,TAS2R1
rna,11977,LINGO1
rna,11978,HNRNPF
rna,11979,BTD
rna,11980,CSGALNACT2
rna,11981,TACR3
rna,11982,GSX1
rna,11983,PCDH7
rna,11984,ROBO1
rna,11985,ONECUT1
rna,11986,AVEN
rna,11987,P2RY1
rna,11988,CTNND2
rna,11989,TRIM56
rna,11990,MUC17
rna,11991,AHSP
rna,11992,WNT10B
rna,11993,CALML6
rna,11994,REPS2
rna,11995,SYAP1
rna,11996,ITGAM
rna,11997,PYDC1
rna,11998,TPST1
rna,11999,TM4SF4
rna,12000,TOR1AIP2
rna,12001,S100G
rna,12002,TM4SF1
rna,12003,OTUD3
rna,12004,OTUD7A
rna,12005,GUSB
rna,12006,BRD3
rna,12007,KLF13
rna,12008,FRMPD4
rna,12009,ZFPM2
rna,12010,ZNF768
rna,12011,TAS1R3
rna,12012,MAP3K2
rna,12013,PUSL1
rna,12014,SF3B5
rna,12015,ZNF35
rna,12016,TIGD4
rna,12017,NLGN2
rna,12018,MYO7B
rna,12019,CHD3
rna,12020,TMEM154
rna,12021,MYRIP
rna,12022,ALCAM
rna,12023,YWHAG
rna,12024,UBE2E3
rna,12025,CNTROB
rna,12026,TRAPPC1
rna,12027,ZPLD1
rna,12028,KCNAB3
rna,12029,SERPINA9
rna,12030,GPR37L1
rna,12031,SIMC1
rna,12032,TMEM192
rna,12033,SERPINA6
rna,12034,NIPA1
rna,12035,FOXD4
rna,12036,GPR25
rna,12037,UBE2E1
rna,12038,HNRNPA3
rna,12039,SIK2
rna,12040,RNF150
rna,12041,VGLL2
rna,12042,CHRNB1
rna,12043,HOXD12
rna,12044,USP38
rna,12045,SLC16A5
rna,12046,NANP
rna,12047,ANKK1
rna,12048,ADRA1B
rna,12049,ADPRM
rna,12050,FABP6
rna,12051,PWWP2A
rna,12052,USP50
rna,12053,USP47
rna,12054,PDCD6IP
rna,12055,MRGPRX1
rna,12056,ZNF212
rna,12057,MRAP
rna,12058,FAM161A
rna,12059,ZNF282
rna,12060,GLB1
rna,12061,C14orf142
rna,12062,C5orf4
rna,12063,CRTAP
rna,12064,C7orf33
rna,12065,CNGB3
rna,12066,SLN
rna,12067,ELP5
rna,12068,CMTM8
rna,12069,STX8
rna,12070,CDK1
rna,12071,NFRKB
rna,12072,FABP4
rna,12073,PRDM10
rna,12074,B3GNT2
rna,12075,FOS
rna,12076,TMED10
rna,12077,SETMAR
rna,12078,SMAD1
rna,12079,CST5
rna,12080,CST2
rna,12081,EMX2
rna,12082,CST1
rna,12083,SP7
rna,12084,SEMA3E
rna,12085,LRRN2
rna,12086,SLC30A1
rna,12087,DCLK2
rna,12088,ZNF804A
rna,12089,GPRC5C
rna,12090,TMEM182
rna,12091,VSTM2A
rna,12092,KRT8
rna,12093,KRT78
rna,12094,ADORA2B
rna,12095,SDR9C7
rna,12096,MGMT
rna,12097,METTL7B
rna,12098,KRT86
rna,12099,HARS
rna,12100,NFXL1
rna,12101,KRT75
rna,12102,DENND5B
rna,12103,CD14
rna,12104,DNAJC18
rna,12105,KRT6C
rna,12106,SPATA24
rna,12107,RALGAPB
rna,12108,WIBG
rna,12109,MZB1
rna,12110,KRT4
rna,12111,SLC23A1
rna,12112,KRT74
rna,12113,NPAS2
rna,12114,KRT72
rna,12115,KISS1
rna,12116,LONRF2
rna,12117,NUDT9
rna,12118,HSD17B13
rna,12119,PA2G4
rna,12120,COX7B2
rna,12121,ELOVL6
rna,12122,PFKFB3
rna,12123,TMC7
rna,12124,SERPINB9
rna,12125,SMAGP
rna,12126,IRX1
rna,12127,CDH2
rna,12128,IRX2
rna,12129,EMB
rna,12130,SIX2
rna,12131,DLGAP1
rna,12132,STAT2
rna,12133,NUDCD2
rna,12134,IRF2BP1
rna,12135,OR9K2
rna,12136,HSPA4
rna,12137,FOXA3
rna,12138,FAM71B
rna,12139,SLC26A5
rna,12140,SCRT1
rna,12141,COMMD5
rna,12142,SGCD
rna,12143,GTSF1
rna,12144,DPY19L2P2
rna,12145,ZNF16
rna,12146,ARMC10
rna,12147,RNF34
rna,12148,ACYP2
rna,12149,TRABD
rna,12150,TMEM133
rna,12151,ATF7
rna,12152,SOCS6
rna,12153,MURC
rna,12154,OR10A3
rna,12155,ZNF296
rna,12156,TTLL6
rna,12157,POLH
rna,12158,SYT9
rna,12159,KCNS3
rna,12160,RBMXL2
rna,12161,KIF5B
rna,12162,GPR37
rna,12163,AKAP13
rna,12164,TPD52L3
rna,12165,CDCA4
rna,12166,OR10A4
rna,12167,SDR16C5
rna,12168,DYDC1
rna,12169,OR10A2
rna,12170,CHCHD7
rna,12171,HTRA3
rna,12172,FOXN2
rna,12173,OR2AG1
rna,12174,LMOD2
rna,12175,BFSP2
rna,12176,FSHR
rna,12177,CELP
rna,12178,USP32
rna,12179,CEL
rna,12180,PPM1D
rna,12181,GPR27
rna,12182,PSG6
rna,12183,KBTBD2
rna,12184,MINA
rna,12185,TRIAP1
rna,12186,LSM3
rna,12187,LILRA3
rna,12188,KIAA0232
rna,12189,MTSS1
rna,12190,TMEM43
rna,12191,RNF139
rna,12192,PLA2G1B
rna,12193,CYTL1
rna,12194,TSEN34
rna,12195,TRH
rna,12196,GSTA4
rna,12197,MSANTD4
rna,12198,NDUFA3
rna,12199,OSCAR
rna,12200,PAQR8
rna,12201,NUDT6
rna,12202,OR7G3
rna,12203,TANC2
rna,12204,OR7G2
rna,12205,TEX13B
rna,12206,PKHD1
rna,12207,OR1M1
rna,12208,DNAJC24
rna,12209,MBD3L1
rna,12210,ZNF160
rna,12211,PGK2
rna,12212,OR8B12
rna,12213,ZNF415
rna,12214,PRKCDBP
rna,12215,CEACAM3
rna,12216,HAS2
rna,12217,PDGFD
rna,12218,PLAC1
rna,12219,DDI1
rna,12220,S1PR1
rna,12221,HS6ST2
rna,12222,OR4D5
rna,12223,PYGO1
rna,12224,LRRC8E
rna,12225,PKIA
rna,12226,XKR6
rna,12227,TSNARE1
rna,12228,FPR2
rna,12229,FPR1
rna,12230,PATE1
rna,12231,OR13H1
rna,12232,FEZ2
rna,12233,SOX7
rna,12234,C8orf74
rna,12235,C11orf24
rna,12236,ALK
rna,12237,CCBL1
rna,12238,MTM1
rna,12239,SIGLEC17P
rna,12240,OBP2B
rna,12241,TRMT61B
rna,12242,INSR
rna,12243,MFN1
rna,12244,GIMAP8
rna,12245,NRTN
rna,12246,KCNMB3
rna,12247,FUT3
rna,12248,KCNG3
rna,12249,ATP6V0E2
rna,12250,PRKCE
rna,12251,OR2K2
rna,12252,JAGN1
rna,12253,RLN3
rna,12254,TADA3
rna,12255,SOCS5
rna,12256,C1GALT1C1
rna,12257,C9orf16
rna,12258,MORN4
rna,12259,ZNF672
rna,12260,ZNF692
rna,12261,NAIF1
rna,12262,RBKS
rna,12263,OR2M4
rna,12264,GRIK1
rna,12265,MUC7
rna,12266,PROL1
rna,12267,TMEM126A
rna,12268,TMEM126B
rna,12269,TRIM8
rna,12270,NETO2
rna,12271,CSN3
rna,12272,CLDN20
rna,12273,CDC42BPG
rna,12274,SCAND1
rna,12275,JUNB
rna,12276,C10orf35
rna,12277,TMEM37
rna,12278,UGT2B7
rna,12279,LRG1
rna,12280,SHCBP1
rna,12281,SOSTDC1
rna,12282,NPTX1
rna,12283,FAM98B
rna,12284,BAHCC1
rna,12285,ZNF439
rna,12286,ZNF440
rna,12287,GAA
rna,12288,CANT1
rna,12289,KCNK3
rna,12290,ZDHHC16
rna,12291,CHST11
rna,12292,EXOSC1
rna,12293,CHD7
rna,12294,ESCO2
rna,12295,KRT19
rna,12296,KRT15
rna,12297,LURAP1
rna,12298,CLCN5
rna,12299,TPPP
rna,12300,KCND3
rna,12301,APLN
rna,12302,KRTAP4-4
rna,12303,KRT13
rna,12304,XAGE3
rna,12305,KRT9
rna,12306,XAGE5
rna,12307,PDE7B
rna,12308,MRPL36
rna,12309,ZNF581
rna,12310,NAT1
rna,12311,KRT20
rna,12312,GLOD5
rna,12313,KSR2
rna,12314,ZNF524
rna,12315,MCC
rna,12316,KRT27
rna,12317,ZBTB26
rna,12318,CDK5R2
rna,12319,DSEL
rna,12320,POLR1C
rna,12321,ASXL1
rna,12322,DLK2
rna,12323,ZNF562
rna,12324,ZNF318
rna,12325,ZNF561
rna,12326,WIPF2
rna,12327,HOPX
rna,12328,OR1L3
rna,12329,SSX6
rna,12330,OR1B1
rna,12331,NLRP5
rna,12332,LRRC8C
rna,12333,RSL1D1
rna,12334,LRRC8D
rna,12335,MROH2B
rna,12336,OR1L8
rna,12337,PPID
rna,12338,OR1N2
rna,12339,COL24A1
rna,12340,ETFDH
rna,12341,OR1N1
rna,12342,RXFP1
rna,12343,LPAR3
rna,12344,PTGER4
rna,12345,TBCA
rna,12346,NEUROD2
rna,12347,MAP6
rna,12348,OTP
rna,12349,ECEL1
rna,12350,BCL2L1
rna,12351,FGG
rna,12352,FGA
rna,12353,OR2AT4
rna,12354,FGB
rna,12355,PLRG1
rna,12356,RAB4B-EGLN2
rna,12357,ZNF584
rna,12358,DSCAM
rna,12359,DNAI2
rna,12360,NMUR1
rna,12361,CLSTN1
rna,12362,CXXC5
rna,12363,ZNF274
rna,12364,PIK3CD
rna,12365,PTCRA
rna,12366,ENC1
rna,12367,SPSB1
rna,12368,P2RY6
rna,12369,BPTF
rna,12370,S100Z
rna,12371,ZIK1
rna,12372,GPR82
rna,12373,GPR34
rna,12374,SHANK2-AS3
rna,12375,PLEKHG5
rna,12376,ATF7IP
rna,12377,C20orf201
rna,12378,RGS19
rna,12379,TCEA2
rna,12380,ANO5
rna,12381,HDAC3
rna,12382,C1orf111
rna,12383,GPHN
rna,12384,VAT1L
rna,12385,TMEM51
rna,12386,CAMTA1
rna,12387,LGALS4
rna,12388,LRRC34
rna,12389,PAH
rna,12390,AFG2B
rna,12391,GATM
rna,12392,NXNL1
rna,12393,RASGRP4
rna,12394,NHLH1
rna,12395,SLFNL1
rna,12396,BCL2
rna,12397,CTPS1
rna,12398,UTF1
rna,12399,KNDC1
rna,12400,WDR87
rna,12401,METTL18
rna,12402,TTC40
rna,12403,COL8A2
rna,12404,PWWP2B
rna,12405,PCDHB1
rna,12406,ZNF540
rna,12407,ANGPTL7
rna,12408,FBXL14
rna,12409,EXOSC10
rna,12410,ZNF570
rna,12411,NINJ2
rna,12412,MLLT3
rna,12413,RRM2
rna,12414,TRAPPC12
rna,12415,IFNB1
rna,12416,C3AR1
rna,12417,RNMTL1
rna,12418,PTEN
rna,12419,PRND
rna,12420,PRNP
rna,12421,KLF17
rna,12422,ADRA1D
rna,12423,FRMD5
rna,12424,AQP4
rna,12425,CYP4F11
rna,12426,TLN2
rna,12427,OR10H3
rna,12428,ZNF217
rna,12429,OR10H2
rna,12430,OR52A5
rna,12431,SCG2
rna,12432,ATPAF2
rna,12433,CYP4F22
rna,12434,FOXB1
rna,12435,PPIH
rna,12436,LRRC48
rna,12437,ZNF57
rna,12438,C20orf196
rna,12439,C11orf40
rna,12440,JMJD1C
rna,12441,LDHAL6B
rna,12442,SYNPO
rna,12443,ZNF556
rna,12444,MAL
rna,12445,ZNF554
rna,12446,RAB33B
rna,12447,THOP1
rna,12448,REG3A
rna,12449,GAP43
rna,12450,REG1B
rna,12451,EPHX4
rna,12452,LAMB2
rna,12453,USP19
rna,12454,QARS1
rna,12455,ORMDL3
rna,12456,KLF11
rna,12457,LRRC15
rna,12458,EIF2AK3
rna,12459,TEX37
rna,12460,MOB3A
rna,12461,KRCC1
rna,12462,NME6
rna,12463,CD8B
rna,12464,SLFN12
rna,12465,CALB2
rna,12466,SLC9C1
rna,12467,OR1A1
rna,12468,OR1A2
rna,12469,OR8I2
rna,12470,LCE1D
rna,12471,CCL11
rna,12472,FRMD3
rna,12473,SNTB1
rna,12474,MTBP
rna,12475,TEFM
rna,12476,MRPL13
rna,12477,MALT1
rna,12478,PRL
rna,12479,ISG20
rna,12480,OR4C11
rna,12481,MBOAT1
rna,12482,OR8U1
rna,12483,ID4
rna,12484,OR4X2
rna,12485,GPR22
rna,12486,CXCR6
rna,12487,CEBPB
rna,12488,AZU1
rna,12489,TPSAB1
rna,12490,ATOH1
rna,12491,PAIP1
rna,12492,CLEC7A
rna,12493,C5orf34
rna,12494,C1QTNF4
rna,12495,SERHL
rna,12496,NEGR1
rna,12497,ZNF131
rna,12498,MACROD2
rna,12499,DPAGT1
rna,12500,BSG
rna,12501,HINFP
rna,12502,OR10V1
rna,12503,CERS6
rna,12504,SPTLC3
rna,12505,COPRS
rna,12506,TP53RK
rna,12507,B3GALT1
rna,12508,OR5A1
rna,12509,CLEC12A
rna,12510,OR5A2
rna,12511,BPGM
rna,12512,POP7
rna,12513,ALG14
rna,12514,SUCLG2
rna,12515,STARD5
rna,12516,CSDC2
rna,12517,RCAN2
rna,12518,IL16
rna,12519,ABCG4
rna,12520,GNB2
rna,12521,CCDC11
rna,12522,OR5B12
rna,12523,OR5B2
rna,12524,PDZD3
rna,12525,C2CD2L
rna,12526,OR9I1
rna,12527,ARNT2
rna,12528,GNG12
rna,12529,PRSS27
rna,12530,MYOZ2
rna,12531,SYNPO2
rna,12532,DNAJB7
rna,12533,CLP1
rna,12534,INSL5
rna,12535,EFCAB3
rna,12536,TTC36
rna,12537,RSPH9
rna,12538,MYEOV2
rna,12539,GTPBP2
rna,12540,FGGY
rna,12541,OR9G4
rna,12542,IL17D
rna,12543,OR5AR1
rna,12544,FUT9
rna,12545,OR5AP2
rna,12546,TCEAL1
rna,12547,ZNF24
rna,12548,MANEA
rna,12549,RAB40A
rna,12550,C2orf54
rna,12551,AGXT
rna,12552,OR8J1
rna,12553,OR5T3
rna,12554,AFF1
rna,12555,ACOT12
rna,12556,FIBP
rna,12557,CARNS1
rna,12558,OR10H5
rna,12559,BANP
rna,12560,PPP1CA
rna,12561,HCFC1
rna,12562,CTSW
rna,12563,NIPAL4
rna,12564,MUCL1
rna,12565,SNTG2
rna,12566,FNDC9
rna,12567,PDE3A
rna,12568,RASGRP1
rna,12569,KLHL6
rna,12570,CHCHD1
rna,12571,MRPL52
rna,12572,SMPDL3A
rna,12573,RND1
rna,12574,RAD9A
rna,12575,EFEMP2
rna,12576,OR10AD1
rna,12577,C17orf66
rna,12578,TAF15
rna,12579,TMEM134
rna,12580,ZMAT3
rna,12581,ZFAND4
rna,12582,THEMIS
rna,12583,MOS
rna,12584,ZNF738
rna,12585,MS4A10
rna,12586,SLFN11
rna,12587,FAM71D
rna,12588,CCL19
rna,12589,CORO1B
rna,12590,FUT10
rna,12591,LRRC20
rna,12592,MUS81
rna,12593,PURG
rna,12594,TMEM217
rna,12595,OR4D9
rna,12596,ZNF596
rna,12597,COL6A5
rna,12598,CFL1
rna,12599,TMCC1
rna,12600,NAA16
rna,12601,OR5B3
rna,12602,EFCAB12
rna,12603,OR10W1
rna,12604,FAM192A
rna,12605,FADS6
rna,12606,RAB37
rna,12607,DCP2
rna,12608,SNX32
rna,12609,RPL38
rna,12610,CYP7B1
rna,12611,OVOL1
rna,12612,RARG
rna,12613,CES4A
rna,12614,CES3
rna,12615,SSH3
rna,12616,CES2
rna,12617,PDP2
rna,12618,SP3
rna,12619,KRT2
rna,12620,DMXL1
rna,12621,METAP1D
rna,12622,ZNF621
rna,12623,EGFL7
rna,12624,NADSYN1
rna,12625,DHCR7
rna,12626,NBEA
rna,12627,RNASEH2C
rna,12628,MYEOV
rna,12629,ANKRD13D
rna,12630,MRGPRF
rna,12631,MYD88
rna,12632,MRGPRD
rna,12633,OXSR1
rna,12634,SLC22A13
rna,12635,PHF8
rna,12636,LCLAT1
rna,12637,ADH6
rna,12638,XKR3
rna,12639,FRG2C
rna,12640,KAT5
rna,12641,SH3RF3
rna,12642,GXYLT2
rna,12643,HPSE2
rna,12644,DCAKD
rna,12645,ARPP21
rna,12646,TADA2B
rna,12647,ADRBK1
rna,12648,RELA
rna,12649,EVC2
rna,12650,ZNF680
rna,12651,HECTD4
rna,12652,FAM222B
rna,12653,BNC2
rna,12654,DEC1
rna,12655,RXFP4
rna,12656,HPSE
rna,12657,COQ2
rna,12658,C10orf131
rna,12659,CCDC63
rna,12660,HSPA6
rna,12661,TRMT112
rna,12662,LRRN3
rna,12663,KDM2A
rna,12664,C10orf129
rna,12665,ADCK5
rna,12666,MRP63
rna,12667,NOC3L
rna,12668,ESRRA
rna,12669,RHOD
rna,12670,ADAMTS20
rna,12671,COMMD1
rna,12672,RAPH1
rna,12673,ADCY5
rna,12674,PARP14
rna,12675,CYSLTR1
rna,12676,PARP15
rna,12677,ABCD2
rna,12678,AHSA2
rna,12679,ABLIM3
rna,12680,MAB21L3
rna,12681,KIAA1919
rna,12682,VANGL1
rna,12683,GLRX
rna,12684,IQCB1
rna,12685,SYT12
rna,12686,GOLGB1
rna,12687,C11orf86
rna,12688,LIPM
rna,12689,GPR151
rna,12690,DMRT2
rna,12691,ZNF483
rna,12692,PLAC8L1
rna,12693,SLC2A14
rna,12694,GPR137
rna,12695,SNCG
rna,12696,MMRN2
rna,12697,MZT2A
rna,12698,TNKS
rna,12699,ZNF449
rna,12700,ZBTB21
rna,12701,PPP1R3B
rna,12702,OR10K1
rna,12703,GPR148
rna,12704,STOX2
rna,12705,MAP3K11
rna,12706,TRIB1
rna,12707,CST9
rna,12708,KCNK7
rna,12709,SFT2D3
rna,12710,C1QB
rna,12711,C1QA
rna,12712,NDNF
rna,12713,IQCF1
rna,12714,OLR1
rna,12715,GLIPR1L1
rna,12716,DAG1
rna,12717,INSM1
rna,12718,DAB1
rna,12719,ARV1
rna,12720,NAA20
rna,12721,CCDC36
rna,12722,RNASE8
rna,12723,SAA1
rna,12724,MINOS1
rna,12725,EHBP1L1
rna,12726,TMEM196
rna,12727,RNF26
rna,12728,RNASE11
rna,12729,SSSCA1
rna,12730,AGR3
rna,12731,SMARCC1
rna,12732,ZNF417
rna,12733,PTPRM
rna,12734,FKBP2
rna,12735,VEGFB
rna,12736,TNFRSF10D
rna,12737,MST1
rna,12738,TNFRSF10C
rna,12739,MOB1B
rna,12740,ZNF622
rna,12741,CSPG4
rna,12742,SNX33
rna,12743,C2orf70
rna,12744,NABP1
rna,12745,NUDT18
rna,12746,GPR113
rna,12747,NLRP13
rna,12748,CHD2
rna,12749,XCR1
rna,12750,CCDC106
rna,12751,CCR9
rna,12752,CCDC41
rna,12753,SULT1B1
rna,12754,NUDT4
rna,12755,PC
rna,12756,UGT2A1
rna,12757,SCAI
rna,12758,GPRC6A
rna,12759,NMNAT1
rna,12760,LRFN4
rna,12761,BET3L
rna,12762,APOBEC4
rna,12763,SLC19A1
rna,12764,HSPB7
rna,12765,RCE1
rna,12766,UQCRH
rna,12767,TAS1R1
rna,12768,HES3
rna,12769,EIF1AX
rna,12770,OR1L1
rna,12771,CXorf23
rna,12772,PSMD1
rna,12773,GPR64
rna,12774,SPATA3
rna,12775,MUC13
rna,12776,SUSD5
rna,12777,HEG1
rna,12778,WFIKKN2
rna,12779,C11orf80
rna,12780,TOMM20
rna,12781,C1orf100
rna,12782,AGFG1
rna,12783,STAT5B
rna,12784,CD7
rna,12785,TOPAZ1
rna,12786,CNP
rna,12787,JUP
rna,12788,TDRD12
rna,12789,EIF1
rna,12790,ENDOV
rna,12791,RNF213
rna,12792,TIGD3
rna,12793,KCNH6
rna,12794,MARCH10
rna,12795,PLK3
rna,12796,NET1
rna,12797,DPY19L1
rna,12798,PHOSPHO1
rna,12799,ZNF791
rna,12800,PHC3
rna,12801,GPR160
rna,12802,CBX2
rna,12803,SPTBN2
rna,12804,GOLIM4
rna,12805,KRT28
rna,12806,RBM4B
rna,12807,USMG5
rna,12808,HOXB2
rna,12809,C1QTNF1
rna,12810,MARCHF3
rna,12811,SWSAP1
rna,12812,SLCO4C1
rna,12813,PIFO
rna,12814,XXYLT1
rna,12815,UBXN2A
rna,12816,RAX2
rna,12817,TCAP
rna,12818,CCS
rna,12819,CEP19
rna,12820,KLHL15
rna,12821,FBXO45
rna,12822,SPERT
rna,12823,FAM46D
rna,12824,GNG5
rna,12825,SLC25A30
rna,12826,C9orf131
rna,12827,CD34
rna,12828,CTSF
rna,12829,PIK3R6
rna,12830,MSRB3
rna,12831,MRPL45
rna,12832,LEMD3
rna,12833,C16orf91
rna,12834,SOCS7
rna,12835,TLR10
rna,12836,TLR1
rna,12837,FAM174A
rna,12838,RGMB
rna,12839,FAM53A
rna,12840,KIAA1239
rna,12841,CYB561D1
rna,12842,GSTA3
rna,12843,ZDHHC24
rna,12844,TRMT10C
rna,12845,SELP
rna,12846,CTU2
rna,12847,MGA
rna,12848,C12orf66
rna,12849,ARL13A
rna,12850,SNX31
rna,12851,PIGG
rna,12852,PRPF8
rna,12853,ADCY6
rna,12854,REP15
rna,12855,PITPNA
rna,12856,DDX23
rna,12857,ZNF80
rna,12858,ZNHIT2
rna,12859,EVX2
rna,12860,ZBTB4
rna,12861,TNK1
rna,12862,ZHX3
rna,12863,PHLDA3
rna,12864,SLC16A11
rna,12865,SLC16A13
rna,12866,GLIS1
rna,12867,OR2Y1
rna,12868,CHRNA9
rna,12869,PODN
rna,12870,SLC6A19
rna,12871,SNHG11
rna,12872,C11orf45
rna,12873,EXO1
rna,12874,RALGAPA1
rna,12875,C20orf166-AS1
rna,12876,LIG4
rna,12877,C20orf166
rna,12878,TRHR
rna,12879,ABRA
rna,12880,ATP2A2
rna,12881,ZWILCH
rna,12882,RPL4
rna,12883,SNAPC5
rna,12884,STARD6
rna,12885,VWC2L
rna,12886,C12orf76
rna,12887,ZCCHC12
rna,12888,CNTNAP2
rna,12889,GALNTL6
rna,12890,LINGO2
rna,12891,DENND4A
rna,12892,IGDCC3
rna,12893,GCSAM
rna,12894,SLC26A9
rna,12895,MFSD4
rna,12896,PELI3
rna,12897,TTC9B
rna,12898,MYO1H
rna,12899,TMEM81
rna,12900,MRPL11
rna,12901,KLK15
rna,12902,IL20RB
rna,12903,GOLT1A
rna,12904,AKIRIN1
rna,12905,NPAS4
rna,12906,MSL2
rna,12907,ZNF497
rna,12908,KLF14
rna,12909,TRAM1L1
rna,12910,CMKLR1
rna,12911,ANGEL2
rna,12912,UGT8
rna,12913,KY
rna,12914,IQCK
rna,12915,SLCO2A1
rna,12916,ZNF266
rna,12917,OR7D4
rna,12918,SLC29A2
rna,12919,BRSK2
rna,12920,GRIK1-AS1
rna,12921,B3GNT1
rna,12922,TMEM167A
rna,12923,LEP
rna,12924,SH3PXD2B
rna,12925,KIAA1551
rna,12926,LARP7
rna,12927,FGFBP3
rna,12928,NR1D2
rna,12929,PABPC5
rna,12930,BRMS1
rna,12931,RPL15
rna,12932,C4orf32
rna,12933,HRAS
rna,12934,WDR49
rna,12935,SRP72
rna,12936,PCP2
rna,12937,RIN1
rna,12938,C4orf26
rna,12939,THAP6
rna,12940,CEP135
rna,12941,FZD4
rna,12942,CD248
rna,12943,BTC
rna,12944,EMR1
rna,12945,DENND6A
rna,12946,PDE12
rna,12947,GLMN
rna,12948,DNAH12
rna,12949,YIF1A
rna,12950,CNIH2
rna,12951,NLRP6
rna,12952,RSRC1
rna,12953,CATSPERD
rna,12954,C3orf55
rna,12955,RAB1B
rna,12956,OR9G1
rna,12957,PTDSS2
rna,12958,C19orf70
rna,12959,C3orf33
rna,12960,OR5M3
rna,12961,SEZ6L2
rna,12962,ASPHD1
rna,12963,OR5R1
rna,12964,KCTD13
rna,12965,P2RY14
rna,12966,AMZ1
rna,12967,GPR171
rna,12968,GPR149
rna,12969,CD164L2
rna,12970,FUT1
rna,12971,DHX36
rna,12972,OR5J2
rna,12973,ZIC4
rna,12974,OR10AG1
rna,12975,OR4S2
rna,12976,FBXW8
rna,12977,CA5A
rna,12978,ZG16
rna,12979,KLC2
rna,12980,SLC22A1
rna,12981,TEX36
rna,12982,CTBP2
rna,12983,CHST2
rna,12984,ZDHHC14
rna,12985,ATR
rna,12986,C17orf76-AS1
rna,12987,UBE2C
rna,12988,DSG4
rna,12989,GK5
rna,12990,VCPIP1
rna,12991,RTP1
rna,12992,DES
rna,12993,PDIK1L
rna,12994,SPSB4
rna,12995,RAG2
rna,12996,TRAF6
rna,12997,ZNF654
rna,12998,MRPS22
rna,12999,PACS1
rna,13000,WFDC5
rna,13001,MARCKSL1
rna,13002,SH3BP5L
rna,13003,OR2T1
rna,13004,YPEL2
rna,13005,CADM2
rna,13006,ABO
rna,13007,PPM1E
rna,13008,CSRP2
rna,13009,INHBC
rna,13010,PARL
rna,13011,DDIT3
rna,13012,PCCA
rna,13013,DCTN2
rna,13014,NPPA
rna,13015,ZNF408
rna,13016,CTDSP2
rna,13017,CKAP5
rna,13018,ARHGAP1
rna,13019,MED16
rna,13020,ATG13
rna,13021,GAL3ST3
rna,13022,C1orf127
rna,13023,CHST1
rna,13024,GOLGA8A
rna,13025,VWA3A
rna,13026,TP53I11
rna,13027,DOLK
rna,13028,PHYHD1
rna,13029,CATSPER1
rna,13030,CCNE2
rna,13031,AGXT2L2
rna,13032,ANKS4B
rna,13033,CST6
rna,13034,GRAMD2
rna,13035,ZNF519
rna,13036,LSM1
rna,13037,PROP1
rna,13038,ISX
rna,13039,BANF1
rna,13040,APOF
rna,13041,TMEM9B
rna,13042,NRIP3
rna,13043,PTPN2
rna,13044,SCUBE2
rna,13045,EIF1AD
rna,13046,SMAD2
rna,13047,EIF3F
rna,13048,OR10A6
rna,13049,ZNF25
rna,13050,OR10P1
rna,13051,ARL10
rna,13052,CLTB
rna,13053,PCSK1
rna,13054,LPL
rna,13055,RFESD
rna,13056,CCDC14
rna,13057,TBC1D10C
rna,13058,SART1
rna,13059,PPP2R2D
rna,13060,MCTP1
rna,13061,OR52W1
rna,13062,LRRC25
rna,13063,DPP10
rna,13064,TSGA10IP
rna,13065,GPR152
rna,13066,PNLIP
rna,13067,LIPT2
rna,13068,KCNE3
rna,13069,CABP4
rna,13070,DRAP1
rna,13071,LONRF3
rna,13072,UCP3
rna,13073,UCP2
rna,13074,C11orf68
rna,13075,PAAF1
rna,13076,MRPL48
rna,13077,RAB6A
rna,13078,P2RY2
rna,13079,FOSL1
rna,13080,ERCC4
rna,13081,C7orf10
rna,13082,CCDC85B
rna,13083,TMEM70
rna,13084,LINC00476
rna,13085,OR4B1
rna,13086,RPS6KB2
rna,13087,RMI2
rna,13088,PRM1
rna,13089,TOM1L2
rna,13090,TEX26
rna,13091,ZNF77
rna,13092,GPR156
rna,13093,C1orf172
rna,13094,B3GNTL1
rna,13095,RBMXL3
rna,13096,MLXIP
rna,13097,NR2F1
rna,13098,C15orf54
rna,13099,AURKAIP1
rna,13100,TTLL11
rna,13101,EIF4E1B
rna,13102,C15orf53
rna,13103,SLC35E3
rna,13104,PRIMA1
rna,13105,ZNF169
rna,13106,RUVBL1
rna,13107,SFN
rna,13108,MSRA
rna,13109,ZNF645
rna,13110,CCDC168
rna,13111,ETV4
rna,13112,SWI5
rna,13113,GAPT
rna,13114,BAIAP2
rna,13115,CALCB
rna,13116,CREG2
rna,13117,WBSCR28
rna,13118,HOXD8
rna,13119,ZDHHC21
rna,13120,TSPEAR
rna,13121,PLEKHF2
rna,13122,S1PR2
rna,13123,A2M
rna,13124,ARL4D
rna,13125,DOK7
rna,13126,LRRN1
rna,13127,UBE2O
rna,13128,KLHL38
rna,13129,UNC119B
rna,13130,DENND2C
rna,13131,PLEKHD1
rna,13132,ASCL3
rna,13133,TUBB6
rna,13134,B3GALT6
rna,13135,ZNF613
rna,13136,C11orf16
rna,13137,CHDC2
rna,13138,TMPRSS7
rna,13139,NUPR1
rna,13140,JAKMIP2
rna,13141,TPRN
rna,13142,KCNE1L
rna,13143,ZNF683
rna,13144,SLC35A4
rna,13145,AIM1L
rna,13146,IP6K1
rna,13147,SSNA1
rna,13148,CSTF3
rna,13149,YES1
rna,13150,CHMP6
rna,13151,DLEU1
rna,13152,UFSP1
rna,13153,MC5R
rna,13154,TMEM39A
rna,13155,TCP11L1
rna,13156,GPX2
rna,13157,CCDC57
rna,13158,HSF5
rna,13159,FOXG1
rna,13160,SPHK1
rna,13161,BNIP3
rna,13162,ENTHD1
rna,13163,MYPOP
rna,13164,CIDEA
rna,13165,OR11H4
rna,13166,OR4D11
rna,13167,LRRTM4
rna,13168,ATAD5
rna,13169,C8orf40
rna,13170,OR11H6
rna,13171,ZNF404
rna,13172,RTTN
rna,13173,OR4K17
rna,13174,OR10H4
rna,13175,C10orf111
rna,13176,OR51B6
rna,13177,OR4L1
rna,13178,ANAPC2
rna,13179,OR4K13
rna,13180,HMGB4
rna,13181,ZBTB8OS
rna,13182,SLC35G1
rna,13183,SLC25A53
rna,13184,OR4K5
rna,13185,ZNF135
rna,13186,OR4N2
rna,13187,FOXR1
rna,13188,TAC4
rna,13189,ZSCAN2
rna,13190,PRR18
rna,13191,B3GNT4
rna,13192,HSD11B2
rna,13193,CRLF3
rna,13194,RNPEP
rna,13195,CEACAM20
rna,13196,EID2
rna,13197,DMRTA1
rna,13198,EID2B
rna,13199,GJC3
rna,13200,RIMS2
rna,13201,KCMF1
rna,13202,DNAJC30
rna,13203,SPRYD4
rna,13204,VPS37D
rna,13205,CLEC14A
rna,13206,SYNE3
rna,13207,CLK2
rna,13208,LPCAT4
rna,13209,SLCO3A1
rna,13210,ZNF575
rna,13211,WDR25
rna,13212,CCDC101
rna,13213,PLA2G16
rna,13214,DIRAS1
rna,13215,OR5AN1
rna,13216,PHLDB3
rna,13217,PRR15
rna,13218,GNG7
rna,13219,KIAA2018
rna,13220,OR4C3
rna,13221,OR4S1
rna,13222,CNTD1
rna,13223,DCAF4L2
rna,13224,OR4X1
rna,13225,CNBD1
rna,13226,KBTBD11
rna,13227,B3GNT5
rna,13228,MAP3K19
rna,13229,C14orf177
rna,13230,LMNB2
rna,13231,RMDN1
rna,13232,MEX3C
rna,13233,RNF152
rna,13234,MYO1D
rna,13235,C20orf197
rna,13236,FOXL1
rna,13237,FOXC2
rna,13238,BDNF
rna,13239,SCAND2P
rna,13240,ACSF3
rna,13241,BOK
rna,13242,ZNF843
rna,13243,TTTY14
rna,13244,C8orf59
rna,13245,PFN4
rna,13246,OR51V1
rna,13247,MAGEB6
rna,13248,CDK5R1
rna,13249,C15orf56
rna,13250,LINC00303
rna,13251,TCERG1L
rna,13252,NCKAP5
rna,13253,MAGEB18
rna,13254,RUFY1
rna,13255,OR52E2
rna,13256,BASP1
rna,13257,OR51L1
rna,13258,VSIG10
rna,13259,MIR7-3HG
rna,13260,IRX5
rna,13261,METRNL
rna,13262,FAM91A1
rna,13263,WSB2
rna,13264,OR51G1
rna,13265,GRIN1
rna,13266,SOX11
rna,13267,TYMS
rna,13268,OR51G2
rna,13269,TCEANC
rna,13270,PNMA1
rna,13271,C8orf4
rna,13272,MAMSTR
rna,13273,C18orf56
rna,13274,C8G
rna,13275,FUT2
rna,13276,OR51S1
rna,13277,EFCAB5
rna,13278,GCNT4
rna,13279,TOB2P1
rna,13280,OR52R1
rna,13281,MUC20
rna,13282,THAP4
rna,13283,NFATC2IP
rna,13284,LY6H
rna,13285,FIBIN
rna,13286,FAM89B
rna,13287,SHMT1
rna,13288,DPP7
rna,13289,TRIM60
rna,13290,SEC24C
rna,13291,FMR1NB
rna,13292,SMCR8
rna,13293,MTHFR
rna,13294,C19orf18
rna,13295,DEAF1
rna,13296,MTX3
rna,13297,SIX5
rna,13298,IFNW1
rna,13299,FBXO46
rna,13300,ZDHHC13
rna,13301,SLC38A9
rna,13302,ACER2
rna,13303,WDR73
rna,13304,POLE
rna,13305,FAM109B
rna,13306,SCN4B
rna,13307,DSCAML1
rna,13308,RHOG
rna,13309,EPS8L2
rna,13310,ZDHHC22
rna,13311,MRVI1-AS1
rna,13312,ANO6
rna,13313,ZBTB34
rna,13314,FAM9B
rna,13315,CETN1
rna,13316,FAM210A
rna,13317,TALDO1
rna,13318,ULK1
rna,13319,OR14C36
rna,13320,RIMKLA
rna,13321,CLVS1
rna,13322,OR2M7
rna,13323,RPS6KA3
rna,13324,B3GNT8
rna,13325,PUS1
rna,13326,CHD9
rna,13327,SPACA4
rna,13328,PDDC1
rna,13329,C10orf85
rna,13330,TRIM72
rna,13331,MAN1B1
rna,13332,KCNA3
rna,13333,FZD8
rna,13334,GJD4
rna,13335,FBXO39
rna,13336,CLDN22
rna,13337,KCNA2
rna,13338,TOP3A
rna,13339,CASKIN2
rna,13340,ZBTB38
rna,13341,BEND2
rna,13342,C8orf31
rna,13343,CCDC71
rna,13344,C10orf71
rna,13345,LRRN4CL
rna,13346,TIMM22
rna,13347,HIC1
rna,13348,PPFIA3
rna,13349,MAGEF1
rna,13350,UMODL1
rna,13351,SAMD9L
rna,13352,ZFAS1
rna,13353,UBE2U
rna,13354,PAWR
rna,13355,TGIF1
rna,13356,SMCR7
rna,13357,NAP1L5
rna,13358,CD19
rna,13359,C8orf47
rna,13360,NR2C2
rna,13361,ACOT4
rna,13362,OLIG3
rna,13363,PTRF
rna,13364,OR2G3
rna,13365,ARIH2
rna,13366,RBM44
rna,13367,ZBTB33
rna,13368,OR2G2
rna,13369,ZBED2
rna,13370,VCX2
rna,13371,IRX3
rna,13372,ST8SIA3
rna,13373,OR2B11
rna,13374,SLC25A22
rna,13375,RABEP2
rna,13376,NHLH2
rna,13377,ATOX1
rna,13378,FAM187B
rna,13379,TBL1XR1
rna,13380,SAMD12
rna,13381,CD163
rna,13382,PIDD
rna,13383,ZNF491
rna,13384,RPLP2
rna,13385,GSG2
rna,13386,JUN
rna,13387,CSTF2T
rna,13388,PGBD5
rna,13389,C12orf54
rna,13390,GBA
rna,13391,CASC2
rna,13392,ACAD9
rna,13393,IL17RA
rna,13394,PNPLA2
rna,13395,MBOAT4
rna,13396,C2orf57
rna,13397,AGTRAP
rna,13398,CD163L1
rna,13399,SRRM3
rna,13400,DEFB114
rna,13401,EFCAB4A
rna,13402,MAGEB10
rna,13403,DNAJC28
rna,13404,NAALADL2
rna,13405,CD151
rna,13406,POLR2L
rna,13407,FAM20C
rna,13408,PVRL3
rna,13409,SLC35G5
rna,13410,KIAA0195
rna,13411,FLII
rna,13412,SOX12
rna,13413,HNRNPA0
rna,13414,YIPF7
rna,13415,MYOZ1
rna,13416,KCNJ10
rna,13417,CHID1
rna,13418,PCDHB9
rna,13419,ZNF620
rna,13420,ZNF518A
rna,13421,TMEM187
rna,13422,CCDC23
rna,13423,ZNF619
rna,13424,C12orf68
rna,13425,AP3S1
rna,13426,GRB2
rna,13427,UBE2N
rna,13428,SPATA31C2
rna,13429,ARL6IP6
rna,13430,ZNF354C
rna,13431,CAPZA3
rna,13432,MAMDC4
rna,13433,CENPBD1
rna,13434,ODF3
rna,13435,BET1L
rna,13436,RIC8A
rna,13437,IMP3
rna,13438,ASB8
rna,13439,LCN15
rna,13440,ODF3B
rna,13441,DPY19L2
rna,13442,SPATA31E1
rna,13443,C2orf73
rna,13444,GPR150
rna,13445,TSPYL6
rna,13446,FAM211B
rna,13447,DMAP1
rna,13448,ADAMTSL1
rna,13449,FAM26E
rna,13450,IMPDH2
rna,13451,ALS2CL
rna,13452,MLF1
rna,13453,PRSS42
rna,13454,NDUFAF3
rna,13455,C2orf69
rna,13456,GRAMD1C
rna,13457,STAP2
rna,13458,HTR3C
rna,13459,TSSK6
rna,13460,BOLA1
rna,13461,PDE4DIP
rna,13462,DDX10
rna,13463,LEKR1
rna,13464,PPP1R42
rna,13465,FAM27L
rna,13466,DALRD3
rna,13467,ZNF114
rna,13468,ZNF518B
rna,13469,AMER3
rna,13470,SPINK6
rna,13471,ZNF366
rna,13472,LCORL
rna,13473,PARD6G
rna,13474,ZNF454
rna,13475,SH2B1
rna,13476,ZC3H12D
rna,13477,VN1R1
rna,13478,KDELC2
rna,13479,PLEC
rna,13480,SH2D4B
rna,13481,RNF212
rna,13482,PRSS36
rna,13483,ZNF543
rna,13484,TMEM151B
rna,13485,GALNT11
rna,13486,SLITRK1
rna,13487,C9orf62
rna,13488,WDR6
rna,13489,PRM3
rna,13490,TNP2
rna,13491,GEN1
rna,13492,TMPRSS9
rna,13493,AQP11
rna,13494,TMEM11
rna,13495,KCNG2
rna,13496,SHISA3
rna,13497,OR2D3
rna,13498,CALML3
rna,13499,CALML5
rna,13500,ZFAND2A
rna,13501,PLEKHM3
rna,13502,ZNF223
rna,13503,C1orf65
rna,13504,FAM220A
rna,13505,DNAJC22
rna,13506,NEUROG2
rna,13507,BEND3
rna,13508,NT5DC1
rna,13509,GLDC
rna,13510,LINC00314
rna,13511,MCMDC2
rna,13512,TUBAL3
rna,13513,P4HTM
rna,13514,UCN3
rna,13515,DTX3
rna,13516,KLHL11
rna,13517,AMBN
rna,13518,CTXN1
rna,13519,SLC25A20
rna,13520,CA8
rna,13521,CD28
rna,13522,EPM2AIP1
rna,13523,ERBB4
rna,13524,MAF
rna,13525,CTNNBIP1
rna,13526,OR6B3
rna,13527,DEFB125
rna,13528,PSAPL1
rna,13529,OTOS
rna,13530,GTPBP6
rna,13531,ERN1
rna,13532,GPR35
rna,13533,C10orf53
rna,13534,CSRNP3
rna,13535,PARP10
rna,13536,DYNAP
rna,13537,SUZ12
rna,13538,NSUN3
rna,13539,KCTD12
rna,13540,DHFRL1
rna,13541,RPP25
rna,13542,GRINA
rna,13543,C5orf64
rna,13544,THBD
rna,13545,GP5
rna,13546,COX5A
rna,13547,STX19
rna,13548,FAM219B
rna,13549,ZHX2
rna,13550,CPN2
rna,13551,CPNE7
rna,13552,C5orf46
rna,13553,CD300LB
rna,13554,GDPD4
rna,13555,MPI
rna,13556,H1FOO
rna,13557,OPLAH
rna,13558,TMEM52
rna,13559,TMEM139
rna,13560,RNF186
rna,13561,EFCAB13
rna,13562,MSC
rna,13563,FAM101A
rna,13564,EXOSC4
rna,13565,DPY19L3
rna,13566,TAF7
rna,13567,ZNF852
rna,13568,FOXE1
rna,13569,PFAS
rna,13570,HYI
rna,13571,C17orf62
rna,13572,TPRX1
rna,13573,ZNF552
rna,13574,GAK
rna,13575,ZBTB7A
rna,13576,TUFM
rna,13577,C1orf173
rna,13578,RMI1
rna,13579,CTC1
rna,13580,FBXO34
rna,13581,SEPW1
rna,13582,EIF3K
rna,13583,MRFAP1L1
rna,13584,SNX18
rna,13585,EXD1
rna,13586,AURKB
rna,13587,TAS1R2
rna,13588,C14orf39
rna,13589,MRFAP1
rna,13590,C3orf38
rna,13591,KLHDC7A
rna,13592,TMEM107
rna,13593,RRS1
rna,13594,EXOC3L1
rna,13595,TRIML2
rna,13596,RCC2
rna,13597,OR13D1
rna,13598,IGSF22
rna,13599,C9orf50
rna,13600,ZFP42
rna,13601,CCDC89
rna,13602,C9orf106
rna,13603,FAM133A
rna,13604,DPM3
rna,13605,C12orf42
rna,13606,CYC1
rna,13607,PER1
rna,13608,HTR1F
rna,13609,TMTC2
rna,13610,HES7
rna,13611,FARSA
rna,13612,SPTY2D1
rna,13613,C10orf67
rna,13614,SAMD4B
rna,13615,CYP11B2
rna,13616,GIMAP7
rna,13617,ALOXE3
rna,13618,EDC3
rna,13619,TCAIM
rna,13620,FUCA1
rna,13621,PXT1
rna,13622,GGN
rna,13623,HNRNPCL1
rna,13624,TMEM125
rna,13625,SIGLECL1
rna,13626,CALR
rna,13627,LINC00311
rna,13628,MAGED1
rna,13629,LDLRAD3
rna,13630,CDH4
rna,13631,C12orf69
rna,13632,RAD23A
rna,13633,C2orf71
rna,13634,GADD45GIP1
rna,13635,DAND5
rna,13636,TMEM151A
rna,13637,C17orf96
rna,13638,PTPN11
rna,13639,NSUN7
rna,13640,ZCCHC5
rna,13641,WSCD1
rna,13642,RAB39A
rna,13643,CLK3
rna,13644,HLA-DQB1
rna,13645,GATA2
rna,13646,ARID3B
rna,13647,HMGN2P46
rna,13648,TMEM31
rna,13649,PACS2
rna,13650,ELMOD2
rna,13651,EGR3
rna,13652,C1orf101
rna,13653,GPC5
rna,13654,VWA1
rna,13655,DNAJB8
rna,13656,GEMIN4
rna,13657,OR6W1P
rna,13658,FJX1
rna,13659,KLHL28
rna,13660,MKRN3
rna,13661,ZBTB18
rna,13662,OR9A2
rna,13663,C14orf28
rna,13664,ALOX12B
rna,13665,SLC17A8
rna,13666,SHARPIN
rna,13667,LBX2
rna,13668,DNHD1
rna,13669,SLITRK4
rna,13670,HTR1D
rna,13671,GCC1
rna,13672,C3orf45
rna,13673,RNF151
rna,13674,CIITA
rna,13675,ZFPM1
rna,13676,ALOX15B
rna,13677,PLD6
rna,13678,GPHB5
rna,13679,GRM8
rna,13680,CDC42EP4
rna,13681,OR6C4
rna,13682,ZBTB42
rna,13683,LACC1
rna,13684,MAF1
rna,13685,TPPP2
rna,13686,FCER1A
rna,13687,RPRML
rna,13688,ARL14
rna,13689,OR6C2
rna,13690,KIAA1875
rna,13691,NLRP8
rna,13692,PCED1B
rna,13693,APOBEC3B
rna,13694,SYCN
rna,13695,PIPOX
rna,13696,FOXS1
rna,13697,ATOH7
rna,13698,CDH5
rna,13699,LRRC3B
rna,13700,FAM216B
rna,13701,MRGPRX4
rna,13702,MYADM
rna,13703,MROH1
rna,13704,SERTAD2
rna,13705,RBM15B
rna,13706,AKAP5
rna,13707,NKPD1
rna,13708,GIPC3
rna,13709,CITED4
rna,13710,ABCA13
rna,13711,NLRP11
rna,13712,TIGD5
rna,13713,PDXDC1
rna,13714,C1orf194
rna,13715,B3GNT3
rna,13716,ITLN1
rna,13717,NRXN1
rna,13718,SEPHS2
rna,13719,OR10A7
rna,13720,GPBAR1
rna,13721,ZNF784
rna,13722,ZNF648
rna,13723,C14orf119
rna,13724,CCR8
rna,13725,LINC00652
rna,13726,BBS10
rna,13727,FIZ1
rna,13728,PUF60
rna,13729,SSC5D
rna,13730,DCTPP1
rna,13731,ZNF771
rna,13732,CRIPAK
rna,13733,TSHZ1
rna,13734,PSTK
rna,13735,SOCS4
rna,13736,ZADH2
rna,13737,OR1E1
rna,13738,ZNF48
rna,13739,FAM71E2
rna,13740,NKX2-6
rna,13741,TMEM150B
rna,13742,C10orf91
rna,13743,ANKRD18A
rna,13744,WFDC11
rna,13745,TMEM86B
rna,13746,SEPT1
rna,13747,TRNAU1AP
rna,13748,EXOC3
rna,13749,TDRD6
rna,13750,C12orf40
rna,13751,CSNK1A1L
rna,13752,LYNX1
rna,13753,TH
rna,13754,MED14
rna,13755,FAHD1
rna,13756,C8orf42
rna,13757,RCC1
rna,13758,WFDC9
rna,13759,MYLPF
rna,13760,F2
rna,13761,FAM71C
rna,13762,PRKRA
rna,13763,ZNRF2
rna,13764,RRH
rna,13765,FGD6
rna,13766,GPR144
rna,13767,GPR139
rna,13768,PLD5
rna,13769,OAZ2
rna,13770,WFDC10A
rna,13771,PNPLA1
rna,13772,ALX1
rna,13773,CCDC43
rna,13774,KCTD4
rna,13775,C17orf104
rna,13776,FZD2
rna,13777,TIGD2
rna,13778,CCDC129
rna,13779,HCLS1
rna,13780,C7orf41
rna,13781,ZNF609
rna,13782,PAK2
rna,13783,CCDC66
rna,13784,DEFB124
rna,13785,MCFD2
rna,13786,HARBI1
rna,13787,DEFB123
rna,13788,C11orf71
rna,13789,CYP8B1
rna,13790,OR6K6
rna,13791,SERTM1
rna,13792,GAS1
rna,13793,HMHA1
rna,13794,OR10Q1
rna,13795,ZNF571
rna,13796,GLIPR1L2
rna,13797,DEFB119
rna,13798,FAM73A
rna,13799,KCNE1
rna,13800,PRR26
rna,13801,NRIP1
rna,13802,ZSCAN4
rna,13803,BHLHA15
rna,13804,RNF182
rna,13805,C9orf139
rna,13806,TSPYL5
rna,13807,FUT7
rna,13808,HIST1H2AC
rna,13809,SKIDA1
rna,13810,HIST1H2BC
rna,13811,MB21D2
rna,13812,ZNF594
rna,13813,PCGF5
rna,13814,SLC47A2
rna,13815,PRF1
rna,13816,MAB21L1
rna,13817,YOD1
rna,13818,EXOC5P1
rna,13819,TMEM64
rna,13820,C3orf22
rna,13821,OR10K2
rna,13822,CHRM4
rna,13823,SHISA2
rna,13824,S1PR5
rna,13825,CLRN3
rna,13826,GPR157
rna,13827,CHST13
rna,13828,WDFY3-AS2
rna,13829,SRSF8
rna,13830,AGTR2
rna,13831,SLC36A4
rna,13832,ZDHHC20
rna,13833,OR51E1
rna,13834,ZFP3
rna,13835,ARSJ
rna,13836,MAP3K15
rna,13837,PPA1
rna,13838,PSMG4
rna,13839,BHLHE22
rna,13840,MAP6D1
rna,13841,CSNK1G2-AS1
rna,13842,C12orf36
rna,13843,CXCR2
rna,13844,DEFB112
rna,13845,GREM2
rna,13846,C11orf42
rna,13847,SSR4
rna,13848,CAPS2
rna,13849,ZNF792
rna,13850,CUEDC1
rna,13851,SCRIB
rna,13852,KCTD2
rna,13853,D2HGDH
rna,13854,TTTY11
rna,13855,OXTR
rna,13856,FTSJD1
rna,13857,OR56B4
rna,13858,FAM83H
rna,13859,GPR62
rna,13860,OR56A1
rna,13861,ZNF572
rna,13862,PITPNB
rna,13863,TCEAL8
rna,13864,OR52E4
rna,13865,LRRC57
rna,13866,OR52N2
rna,13867,MRPL14
rna,13868,GPR137C
rna,13869,C1orf105
rna,13870,BBS12
rna,13871,ZFP82
rna,13872,C17orf47
rna,13873,C7orf53
rna,13874,NQO1
rna,13875,OR56B1
rna,13876,AEN
rna,13877,FKRP
rna,13878,TRAPPC5
rna,13879,RPH3AL
rna,13880,SLC25A42
rna,13881,FCRL6
rna,13882,METTL23
rna,13883,ANKRD34A
rna,13884,SLC26A11
rna,13885,CHRM2
rna,13886,OR52N4
rna,13887,MAPK15
rna,13888,EHMT1
rna,13889,ADIPOQ
rna,13890,F2R
rna,13891,HLA-V
rna,13892,ZNF707
rna,13893,MUC16
rna,13894,NPM1
rna,13895,FER1L6-AS1
rna,13896,PJA1
rna,13897,DHTKD1
rna,13898,PENK
rna,13899,C4orf50
rna,13900,HIST3H2A
rna,13901,ZNF746
rna,13902,POLR2A
rna,13903,TMEM132C
rna,13904,SLC25A41
rna,13905,TMEM136
rna,13906,OR5AK2
rna,13907,FRAT2
rna,13908,TMEM132E
rna,13909,NME9
rna,13910,FAM211A
rna,13911,OFCC1
rna,13912,HSP90AA6P
rna,13913,OR5M8
rna,13914,CCL13
rna,13915,CCDC108
rna,13916,DDX60L
rna,13917,SYNE4
rna,13918,OGFOD3
rna,13919,UTS2R
rna,13920,AATK
rna,13921,DDN
rna,13922,SAGE1
rna,13923,ZNF467
rna,13924,ZNF678
rna,13925,TMEM45A
rna,13926,RAP2B
rna,13927,ZBTB2
rna,13928,RNF135
rna,13929,OR6T1
rna,13930,ACBD4
rna,13931,OR8D4
rna,13932,SGSH
rna,13933,MAB21L2
rna,13934,FANCB
rna,13935,EDDM3B
rna,13936,SETD2
rna,13937,EDDM3A
rna,13938,C6orf223
rna,13939,TMIE
rna,13940,MEX3D
rna,13941,OR52D1
rna,13942,MRPS23
rna,13943,FDCSP
rna,13944,GPR135
rna,13945,P2RY13
rna,13946,TNFSF15
rna,13947,PHLDA2
rna,13948,ATG9B
rna,13949,GPR88
rna,13950,HKR1
rna,13951,OR8K3
rna,13952,PLAG1
rna,13953,OR8H1
rna,13954,OR5T1
rna,13955,YIPF6
rna,13956,OR5T2
rna,13957,ZBTB20
rna,13958,OR2Z1
rna,13959,C3orf58
rna,13960,C5orf30
rna,13961,OR8K5
rna,13962,AMIGO1
rna,13963,OR8H3
rna,13964,GPR3
rna,13965,TMEM252
rna,13966,CIMAP1D
rna,13967,OR5AS1
rna,13968,ACTL9
rna,13969,SIAH2
rna,13970,COPG1
rna,13971,BAI1
rna,13972,OR6S1
rna,13973,SLC9A9
rna,13974,LSM10
rna,13975,RELL1
rna,13976,RFX7
rna,13977,SLC35C1
rna,13978,TIGIT
rna,13979,RNF41
rna,13980,SLC2A4
rna,13981,FTMT
rna,13982,IBA57
rna,13983,ZNF329
rna,13984,ZNF101
rna,13985,OR4C6
rna,13986,C5orf24
rna,13987,ADO
rna,13988,COA4
rna,13989,OR4P4
rna,13990,PRKAG1
rna,13991,OR4C16
rna,13992,GINS3
rna,13993,OR4C15
rna,13994,OR4A15
rna,13995,OR4A16
rna,13996,OR52K2
rna,13997,NEUROG1
rna,13998,CCDC149
rna,13999,MRPS11
rna,14000,RTKN2
rna,14001,PNMAL1
rna,14002,CHST15
rna,14003,ADIG
rna,14004,USH1G
rna,14005,MGAT4C
rna,14006,IDH2
rna,14007,OR52A1
rna,14008,PTCHD3
rna,14009,OR6B2
rna,14010,TMEM259
rna,14011,GET1
rna,14012,FAM181B
rna,14013,TMEM30B
rna,14014,DEXI
rna,14015,ZNF716
rna,14016,NOP10
rna,14017,FAM89A
rna,14018,KCNIP1
rna,14019,TDRKH
rna,14020,ZNF708
rna,14021,IST1
rna,14022,ERCC6L2
rna,14023,MRPL41
rna,14024,ENPP7
rna,14025,CREB3L2
rna,14026,P2RY8
rna,14027,TP53TG1
rna,14028,UNC5C
rna,14029,TSEN54
rna,14030,RGMA
rna,14031,ASB18
rna,14032,UBA7
rna,14033,MRPS16
rna,14034,FAM159A
rna,14035,RAD51B
rna,14036,CRYGB
rna,14037,LDOC1
rna,14038,EXT1
rna,14039,SHMT2
rna,14040,MOB2
rna,14041,HHIPL1
rna,14042,ATP6AP2
rna,14043,ZAR1
rna,14044,CYB5D1
rna,14045,BACE2
rna,14046,UBE2E2
rna,14047,SYNM
rna,14048,KCNA4
rna,14049,GABRG3
rna,14050,C22orf26
rna,14051,NLRP10
rna,14052,FIGN
rna,14053,IZUMO1
rna,14054,TMIGD1
rna,14055,B4GALNT4
rna,14056,AP1S2
rna,14057,C8orf33
rna,14058,DCAF4L1
rna,14059,LINC00085
rna,14060,ZSCAN22
rna,14061,KCNJ14
rna,14062,FBXL6
rna,14063,C1S
rna,14064,GLTPD2
rna,14065,LIPF
rna,14066,DAOA
rna,14067,ZNF804B
rna,14068,C17orf77
rna,14069,KBTBD3
rna,14070,YBEY
rna,14071,CLN8
rna,14072,PLCXD1
rna,14073,NXPH4
rna,14074,CACNB4
rna,14075,IFNL1
rna,14076,DNM1P46
rna,14077,TRAPPC6B
rna,14078,PGBD4
rna,14079,NPLOC4
rna,14080,OTOL1
rna,14081,TEX19
rna,14082,TSHZ2
rna,14083,CAPN12
rna,14084,EXOC7
rna,14085,XKRX
rna,14086,BGN
rna,14087,ORAI1
rna,14088,CEP97
rna,14089,LHFPL1
rna,14090,FES
rna,14091,GLRX5
rna,14092,FAM104B
rna,14093,TBPL2
rna,14094,CAV3
rna,14095,MXRA7
rna,14096,LIMK2
rna,14097,MFSD5
rna,14098,RNASE10
rna,14099,ADI1
rna,14100,SPNS3
rna,14101,CLEC4G
rna,14102,HIST1H3I
rna,14103,NXPH3
rna,14104,CSF1R
rna,14105,ACTL10
rna,14106,EPGN
rna,14107,LINC00334
rna,14108,KRTAP11-1
rna,14109,C2orf82
rna,14110,HS3ST4
rna,14111,TRAK1
rna,14112,HIST1H2AJ
rna,14113,TSPAN10
rna,14114,OR2V2
rna,14115,PLCB1
rna,14116,SKA2
rna,14117,RXFP3
rna,14118,OR10G7
rna,14119,NDN
rna,14120,CCDC172
rna,14121,NTM
rna,14122,TTC3
rna,14123,KCNB2
rna,14124,PPP1R27
rna,14125,BRICD5
rna,14126,GALR2
rna,14127,RESP18
rna,14128,IGIP
rna,14129,TSKU
rna,14130,ANXA2
rna,14131,RGS6
rna,14132,SLC35D3
rna,14133,PAQR7
rna,14134,PAPPA
rna,14135,MAFA
rna,14136,GRID1
rna,14137,CCDC87
rna,14138,GSTA5
rna,14139,C1orf116
rna,14140,TMEM198B
rna,14141,CRIP2
rna,14142,DDX28
rna,14143,KRTAP13-2
rna,14144,ACBD3
rna,14145,C16orf72
rna,14146,PLCXD3
rna,14147,GPIHBP1
rna,14148,VMO1
rna,14149,OR4F15
rna,14150,ALG12
rna,14151,LCK
rna,14152,GALNT9
rna,14153,COL18A1
rna,14154,RBM10
rna,14155,GPR97
rna,14156,GLUD2
rna,14157,TMEM95
rna,14158,TCHHL1
rna,14159,RPL35A
rna,14160,RGS7
rna,14161,SLC25A18
rna,14162,LENG9
rna,14163,C21orf90
rna,14164,TCEAL7
rna,14165,C11orf54
rna,14166,CEP63
rna,14167,WFDC10B
rna,14168,SRPR
rna,14169,OTOP3
rna,14170,EWSR1
rna,14171,ODF3L1
rna,14172,HMGN4
rna,14173,SPATA13
rna,14174,GJC1
rna,14175,SOX1
rna,14176,CNOT10
rna,14177,MTA1
rna,14178,CADM1
rna,14179,ZNF320
rna,14180,C12orf60
rna,14181,PYCR1
rna,14182,LSMD1
rna,14183,SPNS2
rna,14184,C19orf59
rna,14185,AP2A2
rna,14186,SLC8A1
rna,14187,OR1G1
rna,14188,SLC25A21
rna,14189,OTOP2
rna,14190,CYLC1
rna,14191,PCP4
rna,14192,ABAT
rna,14193,SLC25A10
rna,14194,CAMK1D
rna,14195,LYSMD4
rna,14196,WBP2NL
rna,14197,IGSF5
rna,14198,NKX2-5
rna,14199,AFMID
rna,14200,GAS6
rna,14201,NEB
rna,14202,BEGAIN
rna,14203,GPC6
rna,14204,LYPD4
rna,14205,ARHGEF37
rna,14206,FAM43B
rna,14207,CSMD1
rna,14208,CALHM3
rna,14209,OR2T11
rna,14210,PTGDR2
rna,14211,CEP57L1
rna,14212,DSCR6
rna,14213,GPR19
rna,14214,GJD3
rna,14215,RABIF
rna,14216,TMEM119
rna,14217,FANCF
rna,14218,CALN1
rna,14219,C22orf32
rna,14220,GABRR3
rna,14221,C2CD4C
rna,14222,CHST6
rna,14223,POTEC
rna,14224,RUVBL2
rna,14225,GDPGP1
rna,14226,CTNNA3
rna,14227,WT1-AS
rna,14228,C21orf67
rna,14229,PTTG1IP
rna,14230,DDX41
rna,14231,ABHD16B
rna,14232,CCDC60
rna,14233,DAZAP2
rna,14234,CCBE1
rna,14235,FAM9A
rna,14236,CECR6
rna,14237,ZNF623
rna,14238,OR52L1
rna,14239,EPHA10
rna,14240,SPDYE4
rna,14241,CCDC125
rna,14242,C15orf60
rna,14243,BCOR
rna,14244,JRKL
rna,14245,C10orf107
rna,14246,GBP6
rna,14247,BRD10
rna,14248,OVCH2
rna,14249,SYNDIG1L
rna,14250,FHL3
rna,14251,OR56A4
rna,14252,PMCH
rna,14253,TMEM89
rna,14254,C19orf71
rna,14255,CCDC159
rna,14256,RIPK4
rna,14257,LRIT3
rna,14258,SF3A3
rna,14259,TFDP3
rna,14260,TRIM61
rna,14261,GRIN2A
rna,14262,PRHOXNB
rna,14263,SSTR3
rna,14264,ASB7
rna,14265,SH2D7
rna,14266,TREX2
rna,14267,GPR132
rna,14268,MX2
rna,14269,EP400
rna,14270,MEX3B
rna,14271,FAM46C
rna,14272,COA5
rna,14273,UTP11L
rna,14274,PSMG1
rna,14275,PRR14L
rna,14276,COL18A1-AS1
rna,14277,ACSM5
rna,14278,C10orf120
rna,14279,FOLR4
rna,14280,BPIFA4P
rna,14281,SERHL2
rna,14282,PCBP3
rna,14283,SETD3
rna,14284,TNFAIP8L3
rna,14285,ZNRF3
rna,14286,FBXL7
rna,14287,TANGO2
rna,14288,SFXN4
rna,14289,GKN2
rna,14290,FAM167B
rna,14291,MRPL54
rna,14292,ZNF438
rna,14293,C3orf37
rna,14294,CCR3
rna,14295,CXorf64
rna,14296,RP1L1
rna,14297,KRTAP8-1
rna,14298,C15orf32
rna,14299,C11orf88
rna,14300,ZNF530
rna,14301,NDUFB1
rna,14302,MARCH11
rna,14303,KLHL25
rna,14304,FAM19A1
rna,14305,TRMT12
rna,14306,GUSBP1
rna,14307,PSG9
rna,14308,GPR1
rna,14309,LINC00518
rna,14310,ALYREF
rna,14311,FAM101B
rna,14312,EFHC2
rna,14313,NOG
rna,14314,MRGPRX2
rna,14315,UPP1
rna,14316,OPCML
rna,14317,TRIM52
rna,14318,LHFP
rna,14319,CMTM4
rna,14320,TMEM50A
rna,14321,NPBWR1
rna,14322,FIGLA
rna,14323,ASCL2
rna,14324,TBK1
rna,14325,CBX6
rna,14326,MACC1
rna,14327,ACSM2A
rna,14328,TBL3
rna,14329,KREMEN1
rna,14330,TRAIP
rna,14331,CHEK2
rna,14332,FOXL2
rna,14333,AIFM3
rna,14334,KCTD16
rna,14335,ZNF703
rna,14336,SLC35F3
rna,14337,KCTD8
rna,14338,C9orf66
rna,14339,EMILIN3
rna,14340,OLFML1
rna,14341,FAM162B
rna,14342,RBM12B
rna,14343,CCR4
rna,14344,LIN9
rna,14345,BTBD9
rna,14346,ANKRD45
rna,14347,MAATS1
rna,14348,PNMA3
rna,14349,GPR39
rna,14350,FAM3B
rna,14351,KIRREL
rna,14352,IQGAP3
rna,14353,CNGA2
rna,14354,TOB2
rna,14355,SCN5A
rna,14356,ARSI
rna,14357,UTY
rna,14358,C1orf64
rna,14359,TTC32
rna,14360,LRRC55
rna,14361,DNAH2
rna,14362,HTR7P1
rna,14363,PRKX
rna,14364,SETD8
rna,14365,KCNH8
rna,14366,NPW
rna,14367,COA3
rna,14368,NPB
rna,14369,ST6GALNAC3
rna,14370,PTP4A2
rna,14371,ACTG1
rna,14372,TMPRSS2
rna,14373,DENND5A
rna,14374,OR2T10
rna,14375,DSCR4
rna,14376,KRTAP20-2
rna,14377,VPS33B
rna,14378,TBX1
rna,14379,ADAP2
rna,14380,UQCR10
rna,14381,FAM120C
rna,14382,TRIML1
rna,14383,CLDN5
rna,14384,NIPSNAP1
rna,14385,OR4F6
rna,14386,CNTN2
rna,14387,SPRR4
rna,14388,LRTOMT
rna,14389,OR10J5
rna,14390,KCNQ3
rna,14391,ADRA2C
rna,14392,NR2C2AP
rna,14393,FAM132A
rna,14394,CRELD2
rna,14395,OR1D2
rna,14396,SCFD2
rna,14397,KCNJ12
rna,14398,GPR173
rna,14399,PPP1R2
rna,14400,TSPYL2
rna,14401,PGP
rna,14402,C22orf46
rna,14403,SNRNP35
rna,14404,DGAT2L6
rna,14405,IRAK1
rna,14406,CMSS1
rna,14407,OLIG1
rna,14408,PCDH9
rna,14409,OAF
rna,14410,ALDH1A3
rna,14411,CDR1
rna,14412,KCNK12
rna,14413,HIST2H2AB
rna,14414,POU6F1
rna,14415,LINC00315
rna,14416,DEFB108B
rna,14417,TM2D3
rna,14418,TSSC4
rna,14419,TACSTD2
rna,14420,CLECL1P
rna,14421,SIX6
rna,14422,PRKD1
rna,14423,CCSER1
rna,14424,ZDHHC23
rna,14425,MROH7
rna,14426,S100A7A
rna,14427,SRPK3
rna,14428,GDF3
rna,14429,IQCF2
rna,14430,SLIT3
rna,14431,HIST1H2AK
rna,14432,EFNA5
rna,14433,MRGPRE
rna,14434,KRTAP19-1
rna,14435,HIST1H1B
rna,14436,SPATA32
rna,14437,PKP3
rna,14438,MAP7D2
rna,14439,CSF1
rna,14440,COLEC10
rna,14441,ACTRT3
rna,14442,PLA2G6
rna,14443,MAML2
rna,14444,PABPC1L2B
rna,14445,A3GALT2P
rna,14446,OR4N5
rna,14447,SS18L1
rna,14448,KCND2
rna,14449,TOP1MT
rna,14450,COPB2
rna,14451,LRRC19
rna,14452,THAP7
rna,14453,KNTC1
rna,14454,CCR10
rna,14455,NCMAP
rna,14456,BPIFC
rna,14457,WDR27
rna,14458,TXNRD2
rna,14459,C1QTNF8
rna,14460,OR56A3
rna,14461,FOXO4
rna,14462,POU3F2
rna,14463,PTP4A3
rna,14464,FOXD4L1
rna,14465,TMEM255B
rna,14466,PROS1
rna,14467,GAST
rna,14468,C15orf55
rna,14469,HDDC3
rna,14470,BEX5
rna,14471,ZFP1
rna,14472,CEND1
rna,14473,DHRS7C
rna,14474,DUSP8
rna,14475,SOCS3
rna,14476,SLITRK6
rna,14477,PIWIL3
rna,14478,LPAR5
rna,14479,XPOT
rna,14480,TMEM173
rna,14481,PDE4B
rna,14482,FAM19A3
rna,14483,C14orf180
rna,14484,SNN
rna,14485,KCNH7
rna,14486,NELL2
rna,14487,MED12
rna,14488,ZNF93
rna,14489,SEPT9
rna,14490,PRSS55
rna,14491,ODF4
rna,14492,CDCA2
rna,14493,RALYL
rna,14494,GSTT1
rna,14495,AMER1
rna,14496,ZBTB40
rna,14497,H2BC21
rna,14498,CLDN6
rna,14499,OR51M1
rna,14500,SEPT5
rna,14501,EIF4ENIF1
rna,14502,RNLS
rna,14503,KRTAP6-1
rna,14504,APOBR
rna,14505,FAM110C
rna,14506,DDX53
rna,14507,ATL3
rna,14508,NDUFA12
rna,14509,SMIM10
rna,14510,TCTE3
rna,14511,UBE2G2
rna,14512,SATL1
rna,14513,C21orf88
rna,14514,TUSC5
rna,14515,PRR23B
rna,14516,HIST1H2AH
rna,14517,ZBTB7C
rna,14518,APOO
rna,14519,PRR16
rna,14520,TMED9
rna,14521,DRD1
rna,14522,LINC00308
rna,14523,TMEM186
rna,14524,SDR42E1
rna,14525,RBM33
rna,14526,ARMCX2
rna,14527,PIGW
rna,14528,BTBD6
rna,14529,SRY
rna,14530,H1FX
rna,14531,RBM43
rna,14532,SUMO3
rna,14533,IMMP2L
rna,14534,TCEAL2
rna,14535,CLCNKB
rna,14536,JAG2
rna,14537,FMNL1
rna,14538,PTRHD1
rna,14539,LCN12
rna,14540,OR6A2
rna,14541,WT1
rna,14542,FAM227A
rna,14543,MUC6
rna,14544,NOC4L
rna,14545,NDUFA6
rna,14546,CHRM5
rna,14547,SORCS2
rna,14548,TMEM121
rna,14549,TMEM106A
rna,14550,SIVA1
rna,14551,TTTY13
rna,14552,BRI3BP
rna,14553,SLC22A10
rna,14554,DGAT1
rna,14555,RFX6
rna,14556,ROBO2
rna,14557,AP3M1
rna,14558,F8
rna,14559,CA13
rna,14560,UBOX5
rna,14561,MAFF
rna,14562,BRF1
rna,14563,LRRC14B
rna,14564,SEMA4B
rna,14565,CIB1
rna,14566,ANKS1B
rna,14567,NELFA
rna,14568,SLC24A3
rna,14569,SGCZ
rna,14570,C5orf47
rna,14571,GTF2H5
rna,14572,KRT76
rna,14573,FLRT2
rna,14574,INTS5
rna,14575,FAM169B
rna,14576,RPS27L
rna,14577,MANEAL
rna,14578,ADSSL1
rna,14579,ANO9
rna,14580,FAF1
rna,14581,FAM43A
rna,14582,HSF1
rna,14583,C6orf120
rna,14584,PURA
rna,14585,HIST1H2BL
rna,14586,INPP5J
rna,14587,NPY2R
rna,14588,MIXL1
rna,14589,MFSD6L
rna,14590,DDX51
rna,14591,LINC00482
rna,14592,ZNF479
rna,14593,LINC00313
rna,14594,SIGIRR
rna,14595,NRBP2
rna,14596,PRSS57
rna,14597,IFITM2
rna,14598,TNFAIP2
rna,14599,ZNF445
rna,14600,PGBD2
rna,14601,WBP5
rna,14602,MC2R
rna,14603,RAB11B
rna,14604,PRMT3
rna,14605,GP1BA
rna,14606,PRPF39
rna,14607,MAGEA11
rna,14608,PPIL6
rna,14609,ZNF74
rna,14610,KIAA0825
rna,14611,UBALD2
rna,14612,TEX33
rna,14613,CDNF
rna,14614,NOTUM
rna,14615,KLHL33
rna,14616,RBM11
rna,14617,WBSCR17
rna,14618,ZBTB37
rna,14619,NUPR1L
rna,14620,IL3RA
rna,14621,SPPL2C
rna,14622,CCDC137
rna,14623,SFTPA2
rna,14624,ARL15
rna,14625,C12orf56
rna,14626,SCN10A
rna,14627,CDK10
rna,14628,TMEM105
rna,14629,SOCS1
rna,14630,GAS2L1
rna,14631,ATP6V0A2
rna,14632,PARK2
rna,14633,C14orf80
rna,14634,HS6ST3
rna,14635,HGS
rna,14636,TNFAIP8L1
rna,14637,RAD51D
rna,14638,OR7A17
rna,14639,MAPK11
rna,14640,SP140L
rna,14641,TARS3
rna,14642,SMYD3
rna,14643,METTL7A
rna,14644,LINC00158
rna,14645,IFNLR1
rna,14646,SH3BGR
rna,14647,FAM174B
rna,14648,FAM47A
rna,14649,KPNA7
rna,14650,TMEM179B
rna,14651,GPRIN3
rna,14652,KRT6B
rna,14653,PARPBP
rna,14654,STAC3
rna,14655,ROR1
rna,14656,MUC1
rna,14657,C17orf70
rna,14658,IRF7
rna,14659,L3MBTL1
rna,14660,BRCC3
rna,14661,SV2B
rna,14662,FAM131C
rna,14663,C11orf35
rna,14664,C1orf227
rna,14665,PDE6G
rna,14666,PRKG1
rna,14667,NR2F2
rna,14668,DLK1
rna,14669,LSAMP
rna,14670,AHNAK2
rna,14671,OLFML2A
rna,14672,SP1
rna,14673,SPATA8
rna,14674,MRPL40
rna,14675,DBX2
rna,14676,FAM212A
rna,14677,PDIA2
rna,14678,PCGF3
rna,14679,LMLN
rna,14680,P4HB
rna,14681,PSMD13
rna,14682,PBX1
rna,14683,NDUFA4L2
rna,14684,SHC4
rna,14685,KRT79
rna,14686,ZFP36L1
rna,14687,UBE2L3
rna,14688,NTF3
rna,14689,BRWD1
rna,14690,PMEL
rna,14691,SYN3
rna,14692,POU3F1
rna,14693,SNAI3
rna,14694,ZBTB3
rna,14695,LYG2
rna,14696,MORN5
rna,14697,EP400NL
rna,14698,PRAME
rna,14699,C6orf201
rna,14700,MYBL1
rna,14701,DRG1
rna,14702,ANKFY1
rna,14703,YTHDF3
rna,14704,ZNF696
rna,14705,ADARB2
rna,14706,NRG3
rna,14707,SRL
rna,14708,C11orf87
rna,14709,IFIT1
rna,14710,CXorf38
rna,14711,KCNQ5
rna,14712,ADAMTSL5
rna,14713,KCNIP4
rna,14714,MORF4L1
rna,14715,NLRP9
rna,14716,WDR53
rna,14717,DMWD
rna,14718,SLC52A2
rna,14719,PIGP
rna,14720,IKZF1
rna,14721,PCYT2
rna,14722,NAT8L
rna,14723,OR6C76
rna,14724,NPAP1
rna,14725,BCAP31
rna,14726,GNB1L
rna,14727,DNAH14
rna,14728,C1orf110
rna,14729,EVI2B
rna,14730,ZNF829
rna,14731,TMPRSS11B
rna,14732,THNSL1
rna,14733,TRIM69
rna,14734,PRSS38
rna,14735,LAMP1
rna,14736,LINC00839
rna,14737,C16orf54
rna,14738,KLHDC8B
rna,14739,KLHL34
rna,14740,SETD4
rna,14741,PTCH1
rna,14742,RTN4RL1
rna,14743,OR4C46
rna,14744,CALHM1
rna,14745,KRTAP5-5
rna,14746,NKAIN3
rna,14747,RNPC3
rna,14748,ZNF267
rna,14749,IRS2
rna,14750,C7orf61
rna,14751,FAM186A
rna,14752,SHOX
rna,14753,LCE3A
rna,14754,BICD2
rna,14755,LCE3E
rna,14756,CCIN
rna,14757,TMLHE
rna,14758,GRK1
rna,14759,DEFB128
rna,14760,SLITRK2
rna,14761,SDHAP3
rna,14762,RASA3
rna,14763,LRCH3
rna,14764,LEMD1
rna,14765,ATP4B
rna,14766,NDUFA13
rna,14767,ZNF566
rna,14768,ZNF529
rna,14769,ZNF284
rna,14770,HTR3E
rna,14771,DLEU7
rna,14772,KRT73
rna,14773,TAL2
rna,14774,AIDA
rna,14775,C15orf41
rna,14776,CD300LF
rna,14777,ZPBP2
rna,14778,KRT5
rna,14779,PION
rna,14780,HTR3D
rna,14781,AGBL4
rna,14782,CYP2R1
rna,14783,ANKRD46
rna,14784,PIP5K1C
rna,14785,OR5D14
rna,14786,CYP4F2
rna,14787,OR5L1
rna,14788,TEX38
rna,14789,OR5D18
rna,14790,ZBTB6
rna,14791,C2orf76
rna,14792,TAS2R42
rna,14793,POLR3C
rna,14794,C2orf53
rna,14795,DEFB131
rna,14796,UBL4B
rna,14797,WWOX
rna,14798,CYP4Z1
rna,14799,CIDECP
rna,14800,CCDC84
rna,14801,BCL9L
rna,14802,POLR1D
rna,14803,KIF18B
rna,14804,ZNRF1
rna,14805,FFAR4
rna,14806,BPIFB3
rna,14807,BPIFB4
rna,14808,SAPCD2
rna,14809,EDARADD
rna,14810,SLC51B
rna,14811,CYP4F12
rna,14812,MARC1
rna,14813,LCE5A
rna,14814,SOWAHB
rna,14815,BLOC1S4
rna,14816,LCE1E
rna,14817,ZNF749
rna,14818,KLHL32
rna,14819,MKL2
rna,14820,BTLA
rna,14821,ZNF17
rna,14822,KDM4D
rna,14823,TOR3A
rna,14824,PABPC1L2A
rna,14825,GABRA5
rna,14826,PPP1CC
rna,14827,ZNF555
rna,14828,OR10T2
rna,14829,NAP1L3
rna,14830,PRELID2
rna,14831,BACE1
rna,14832,RGS9BP
rna,14833,SLC36A3
rna,14834,SLC36A2
rna,14835,THBS2
rna,14836,RXRA
rna,14837,ANKRD37
rna,14838,NUDT17
rna,14839,ZNF75D
rna,14840,CYP4X1
rna,14841,KRT26
rna,14842,KRT10
rna,14843,OR10X1
rna,14844,CD300E
rna,14845,CCDC30
rna,14846,NKRF
rna,14847,GLDN
rna,14848,FCAR
rna,14849,KPNA4
rna,14850,TRDN
rna,14851,OR6P1
rna,14852,KRT3
rna,14853,ZNF501
rna,14854,ZNF197
rna,14855,SPATA12
rna,14856,TMPRSS12
rna,14857,FAM228A
rna,14858,DEFB132
rna,14859,NAP1L2
rna,14860,RPS23
rna,14861,GNG2
rna,14862,BTN3A2
rna,14863,AKAP14
rna,14864,PCLO
rna,14865,KLK12
rna,14866,RGS7BP
rna,14867,INSIG1
rna,14868,MYT1L
rna,14869,C5orf38
rna,14870,ZNF396
rna,14871,TMEM222
rna,14872,OR9Q1
rna,14873,CLCNKA
rna,14874,OR9Q2
rna,14875,ARHGAP30
rna,14876,SEPT10
rna,14877,CYP4F8
rna,14878,CYP4F3
rna,14879,XKR5
rna,14880,SMYD4
rna,14881,FOXD2
rna,14882,GPATCH8
rna,14883,CEACAM19
rna,14884,NF2
rna,14885,C6orf1
rna,14886,SPATC1
rna,14887,UBE2H
rna,14888,MIR22HG
rna,14889,HPDL
rna,14890,KATNA1
rna,14891,FSD2
rna,14892,ARAP1
rna,14893,KIF24
rna,14894,PDE2A
rna,14895,LRRC16B
rna,14896,C17orf58
rna,14897,BCDIN3D
rna,14898,MAGEE2
rna,14899,CYP27C1
rna,14900,LYRM7
rna,14901,CCDC42B
rna,14902,CCDC73
rna,14903,BCR
rna,14904,OR10H1
rna,14905,MPPED1
rna,14906,FSCN2
rna,14907,FOXI2
rna,14908,SPIN4
rna,14909,ZNF732
rna,14910,SPATA31D3
rna,14911,FOXE3
rna,14912,HYAL3
rna,14913,KCNK18
rna,14914,IFNA10
rna,14915,CXCR3
rna,14916,ZNF397
rna,14917,ZSCAN30
rna,14918,TPCN1
rna,14919,LILRB4
rna,14920,TNFRSF4
rna,14921,HEXIM1
rna,14922,LINC00846
rna,14923,LCE1A
rna,14924,KRT14
rna,14925,TRABD2A
rna,14926,KRTAP17-1
rna,14927,PDZD7
rna,14928,POFUT2
rna,14929,MAPT
rna,14930,ERCC6L
rna,14931,OR13F1
rna,14932,TMEM17
rna,14933,TNFRSF18
rna,14934,FGF3
rna,14935,C1QL4
rna,14936,RTN4RL2
rna,14937,ZDHHC17
rna,14938,SERPINA11
rna,14939,P2RY4
rna,14940,ZNF395
rna,14941,ZACN
rna,14942,KRTAP22-1
rna,14943,KRTAP19-6
rna,14944,KRTAP6-2
rna,14945,OR13C8
rna,14946,PPARA
rna,14947,TMEM232
rna,14948,KRTAP19-2
rna,14949,KRTAP19-4
rna,14950,KRTAP15-1
rna,14951,KRTAP13-4
rna,14952,FAM183A
rna,14953,EFCAB6
rna,14954,KRTAP19-5
rna,14955,KRTAP23-1
rna,14956,KANK3
rna,14957,EMID1
rna,14958,ACTL7A
rna,14959,PKD1L3
rna,14960,RHD
rna,14961,LINC00207
rna,14962,C17orf82
rna,14963,ESPN
rna,14964,PNLIPRP1
rna,14965,KRTAP21-2
rna,14966,SAMD7
rna,14967,TMPRSS6
rna,14968,CYP4A11
rna,14969,TMEM216
rna,14970,RPS19BP1
rna,14971,TMPRSS11A
rna,14972,C3orf70
rna,14973,TEAD1
rna,14974,PLCD1
rna,14975,CCK
rna,14976,ENTPD5
rna,14977,MITF
rna,14978,HEATR4
rna,14979,NAP1L1
rna,14980,LILRA5
rna,14981,CMC1
rna,14982,LYPD6
rna,14983,AKR1C1
rna,14984,VSTM2B
rna,14985,FOXD3
rna,14986,SPATA21
rna,14987,MRPS21
rna,14988,RNF220
rna,14989,ANGPTL5
rna,14990,KIAA1598
rna,14991,H1FNT
rna,14992,LCE4A
rna,14993,BAGE2
rna,14994,LCE2A
rna,14995,ZNF546
rna,14996,TSPYL4
rna,14997,GCNT1
rna,14998,LCE2D
rna,14999,SESTD1
rna,15000,LCE3B
rna,15001,FNBP1
rna,15002,DYNC2H1
rna,15003,KRT12
rna,15004,BCAM
rna,15005,RSBN1L
rna,15006,NPSR1
rna,15007,WDR86
rna,15008,EPOR
rna,15009,FAM9C
rna,15010,CIDEC
rna,15011,DCC
rna,15012,TAF9B
rna,15013,PCDHB13
rna,15014,MAGI2
rna,15015,LUZP2
rna,15016,LHFPL3
rna,15017,CHP1
rna,15018,RDM1
rna,15019,FPR3
rna,15020,HIST1H1T
rna,15021,SERPINA13P
rna,15022,KCNJ11
rna,15023,CDHR4
rna,15024,COL4A1
rna,15025,PLEKHG7
rna,15026,GJA4
rna,15027,PTMA
rna,15028,HSPA14
rna,15029,ATP13A5
rna,15030,SIRT7
rna,15031,C4orf40
rna,15032,IFT140
rna,15033,AGMO
rna,15034,SBK2
rna,15035,CYP26C1
rna,15036,TLR5
rna,15037,USP7
rna,15038,NANOS3
rna,15039,NHLRC1
rna,15040,PLEKHN1
rna,15041,ZNF385C
rna,15042,TMEM247
rna,15043,MAGEH1
rna,15044,TET3
rna,15045,ISG15
rna,15046,EXD3
rna,15047,OR5W2
rna,15048,TMEM8C
rna,15049,C17orf97
rna,15050,ZKSCAN4
rna,15051,SAMD11
rna,15052,C1orf170
rna,15053,VMAC
rna,15054,C5orf52
rna,15055,HAPLN4
rna,15056,WHAMMP3
rna,15057,ERC2
rna,15058,B3GALTL
rna,15059,SPRY4
rna,15060,ERAS
rna,15061,TRPV2
rna,15062,AMTN
rna,15063,C2orf88
rna,15064,TMEM203
rna,15065,KBTBD12
rna,15066,THSD4
rna,15067,DNAJB13
rna,15068,GABRD
rna,15069,TCEA1
rna,15070,FANCA
rna,15071,SECISBP2
rna,15072,OR52B6
rna,15073,C9orf153
rna,15074,ADH1A
rna,15075,SEMA4D
rna,15076,KRTAP10-8
rna,15077,LIN28B
rna,15078,DIPK1C
rna,15079,MCRS1
rna,15080,TMEM72
rna,15081,FANCM
rna,15082,ZNF70
rna,15083,CARD9
rna,15084,PEAR1
rna,15085,ZFP69B
rna,15086,TMEM202
rna,15087,SOWAHD
rna,15088,ZFP69
rna,15089,HELT
rna,15090,ZCCHC16
rna,15091,TMEM220
rna,15092,C2orf78
rna,15093,HIST1H1C
rna,15094,EIF4EBP1
rna,15095,P2RX2
rna,15096,ASCL4
rna,15097,OR6C75
rna,15098,TTC24
rna,15099,PALM3
rna,15100,GFRAL
rna,15101,C1orf168
rna,15102,SHISA7
rna,15103,DMBT1
rna,15104,CLEC17A
rna,15105,OR51I2
rna,15106,LDLRAD2
rna,15107,C2orf66
rna,15108,OVCH1
rna,15109,PMS2CL
rna,15110,CYHR1
rna,15111,COL14A1
rna,15112,DNER
rna,15113,CPSF4L
rna,15114,KLHL17
rna,15115,ZCCHC13
rna,15116,PLA2G2C
rna,15117,ANKRD19P
rna,15118,ZSCAN23
rna,15119,HIST1H2BG
rna,15120,RINL
rna,15121,C17orf99
rna,15122,OR7D2
rna,15123,TPRG1
rna,15124,C1orf204
rna,15125,MORN2
rna,15126,CXXC11
rna,15127,UBQLN2
rna,15128,RILPL1
rna,15129,CTSL3P
rna,15130,ZNF490
rna,15131,CLCN1
rna,15132,NWD1
rna,15133,ARL4C
rna,15134,TREML4
rna,15135,RAB42
rna,15136,WNT7B
rna,15137,OR51F1
rna,15138,C11orf95
rna,15139,SCGB1C1
rna,15140,PLA2G4E
rna,15141,MESP2
rna,15142,EYS
rna,15143,OR2AG2
rna,15144,MAPK12
rna,15145,COL4A5
rna,15146,AGRN
rna,15147,NHS
rna,15148,FAM166A
rna,15149,ZNF626
rna,15150,HEPACAM2
rna,15151,SMTNL2
rna,15152,ZC3H6
rna,15153,LAMTOR4
rna,15154,PRKAR1B
rna,15155,HNRNPU-AS1
rna,15156,ZNF793
rna,15157,TUBB4B
rna,15158,AGAP4
rna,15159,COMMD6
rna,15160,PLA2G2A
rna,15161,IL17REL
rna,15162,AGPHD1
rna,15163,OR7A5
rna,15164,C15orf62
rna,15165,RUFY4
rna,15166,ZNF383
rna,15167,HES4
rna,15168,IGFL1
rna,15169,ZNF669
rna,15170,C19orf35
rna,15171,LRRIQ4
rna,15172,CENPP
rna,15173,PLSCR1
rna,15174,C3orf62
rna,15175,SBK1
rna,15176,OR6C6
rna,15177,BSPH1
rna,15178,SLC38A3
rna,15179,OR6N2
rna,15180,GTF2F2
rna,15181,FAM92A1
rna,15182,FOCAD
rna,15183,PRR19
rna,15184,ZP3
rna,15185,C10orf99
rna,15186,H3F3C
rna,15187,IFNA2
rna,15188,JAKMIP3
rna,15189,PDCD1
rna,15190,CLEC2A
rna,15191,DYNLT4
rna,15192,SELL
rna,15193,CHM
rna,15194,NANOS2
rna,15195,CERKL
rna,15196,SLC24A5
rna,15197,IER5L
rna,15198,H2AFX
rna,15199,INSC
rna,15200,SERPINA5
rna,15201,C19orf54
rna,15202,LCTL
rna,15203,NCCRP1
rna,15204,KRTDAP
rna,15205,C22orf34
rna,15206,COL25A1
rna,15207,FAM83G
rna,15208,C9orf171
rna,15209,SRSF10
rna,15210,DUSP28
rna,15211,C15orf52
rna,15212,NBR1
rna,15213,OR2G6
rna,15214,RALGAPA2
rna,15215,NDOR1
rna,15216,NKAIN2
rna,15217,KRTAP1-1
rna,15218,PAQR9
rna,15219,C12orf55
rna,15220,NANOS1
rna,15221,HMX3
rna,15222,IGFL3
rna,15223,ZNF177
rna,15224,LDOC1L
rna,15225,DPYD
rna,15226,S100A16
rna,15227,PTAR1
rna,15228,RNASE9
rna,15229,FAM154B
rna,15230,LINC00319
rna,15231,HILS1
rna,15232,RHCE
rna,15233,C2orf80
rna,15234,IDO2
rna,15235,PARVB
rna,15236,TEKT4P2
rna,15237,UROS
rna,15238,KRTAP24-1
rna,15239,ZDHHC9
rna,15240,QRFP
rna,15241,DUPD1
rna,15242,SMIM15
rna,15243,OSTN
rna,15244,VWC2
rna,15245,FAM221A
rna,15246,TMEM120B
rna,15247,NOXA1
rna,15248,TBC1D3P2
rna,15249,TMEM198
rna,15250,BCL2L15
rna,15251,FZD9
rna,15252,SPRED3
rna,15253,OPTC
rna,15254,C11orf34
rna,15255,ADRB3
rna,15256,SKOR1
rna,15257,CATSPER4
rna,15258,PRELP
rna,15259,PLA2G2E
rna,15260,ZNF548
rna,15261,MTF1
rna,15262,TMCO2
rna,15263,SHISA6
rna,15264,TMEM201
rna,15265,NHLRC3
rna,15266,HMX2
rna,15267,SNTN
rna,15268,ZDHHC11
rna,15269,FAM26F
rna,15270,CNR2
rna,15271,SLX4
rna,15272,GLRA4
rna,15273,ENTPD8
rna,15274,RPL14
rna,15275,BEND4
rna,15276,FAM78B
rna,15277,ZNF563
rna,15278,TMC3
rna,15279,POTEA
rna,15280,FBF1
rna,15281,KLRG2
rna,15282,ASTL
rna,15283,GPR179
rna,15284,MSL1
rna,15285,LRRK2
rna,15286,BSX
rna,15287,GJB3
rna,15288,FAM196A
rna,15289,TRMT2B
rna,15290,PTPLAD2
rna,15291,C1orf192
rna,15292,NYX
rna,15293,FAM120AOS
rna,15294,UTS2D
rna,15295,C9orf152
rna,15296,NOC2L
rna,15297,MSANTD1
rna,15298,AADACL3
rna,15299,NELFB
rna,15300,HIST1H4D
rna,15301,LIPI
rna,15302,LRRC66
rna,15303,ZNF292
rna,15304,KCTD21
rna,15305,SBSN
rna,15306,ADAT2
rna,15307,MAGEB16
rna,15308,VHLL
rna,15309,DUSP21
rna,15310,ZNF567
rna,15311,NDUFA4
rna,15312,ALKBH2
rna,15313,RNFT1
rna,15314,RNF222
rna,15315,RELN
rna,15316,FAM111B
rna,15317,APOD
rna,15318,H1F0
rna,15319,LITAF
rna,15320,VSTM1
rna,15321,TMEM120A
rna,15322,ARID2
rna,15323,SF3B3
rna,15324,PRSS48
rna,15325,IL1RAPL2
rna,15326,BLOC1S3
rna,15327,SP6
rna,15328,ANKRD34B
rna,15329,PLAC9
rna,15330,FAM47B
rna,15331,NKAPL
rna,15332,FSCB
rna,15333,CLDN4
rna,15334,ZNF573
rna,15335,HN1
rna,15336,ZNF527
rna,15337,ZAR1L
rna,15338,KRTAP10-12
rna,15339,S100A13
rna,15340,ZNF33A
rna,15341,OR14I1
rna,15342,KRT77
rna,15343,PCDH18
rna,15344,ZNF600
rna,15345,BTBD8
rna,15346,MAOA
rna,15347,C15orf61
rna,15348,NUGGC
rna,15349,TSPYL1
rna,15350,SPANXN3
rna,15351,PNRC2
rna,15352,C22orf43
rna,15353,GJB5
rna,15354,FHIT
rna,15355,FAM150B
rna,15356,ZKSCAN3
rna,15357,FOXR2
rna,15358,RRP7A
rna,15359,LIN54
rna,15360,FAM180A
rna,15361,C6orf222
rna,15362,SPANXN4
rna,15363,S100A14
rna,15364,KAZN
rna,15365,FAM179A
rna,15366,TMEM194B
rna,15367,ALG1L
rna,15368,GSPT2
rna,15369,C8orf76
rna,15370,CXCL17
rna,15371,OTUD6A
rna,15372,HMGB1
rna,15373,SH2D5
rna,15374,ZFP92
rna,15375,NCR1
rna,15376,RASSF10
rna,15377,GJB4
rna,15378,OR2L13
rna,15379,BLOC1S2
rna,15380,SYCP2
rna,15381,IL1RAP
rna,15382,PTPRT
rna,15383,MYBPC1
rna,15384,PAX5
rna,15385,OR6M1
rna,15386,SPOCK3
rna,15387,ZNF676
rna,15388,ZNF699
rna,15389,TDRD7
rna,15390,C16orf93
rna,15391,OR8A1
rna,15392,KIAA0895L
rna,15393,HLA-DRB1
rna,15394,VN1R2
rna,15395,MYT1
rna,15396,SERPINA3
rna,15397,AKR1C3
rna,15398,SPATS2L
rna,15399,ZNF250
rna,15400,WDSUB1
rna,15401,ZNF79
rna,15402,S100A4
rna,15403,PLEKHG4
rna,15404,KRTAP4-3
rna,15405,FAT4
rna,15406,C8orf86
rna,15407,C11orf92
rna,15408,KIF19
rna,15409,OR6K2
rna,15410,ZNF681
rna,15411,HIST1H4A
rna,15412,ACADSB
rna,15413,STK40
rna,15414,OR10J1
rna,15415,TMEM63A
rna,15416,CTSE
rna,15417,SEMA4A
rna,15418,HRCT1
rna,15419,MPHOSPH8
rna,15420,GREB1
rna,15421,SIRPB2
rna,15422,ZNF766
rna,15423,RYR1
rna,15424,SRGAP3
rna,15425,KRTAP5-3
rna,15426,HIST1H2BB
rna,15427,FAM217B
rna,15428,SULT1C3
rna,15429,TUBB
rna,15430,LCOR
rna,15431,SUPT5H
rna,15432,XPNPEP3
rna,15433,OR2T2
rna,15434,OR2C3
rna,15435,ZNF107
rna,15436,OR10S1
rna,15437,SFTA2
rna,15438,PPIA
rna,15439,ZNF471
rna,15440,OR10J3
rna,15441,ZNF493
rna,15442,GRM7
rna,15443,SUPT3H
rna,15444,NIF3L1
rna,15445,ATP2A1
rna,15446,IARS1
rna,15447,ZBTB44
rna,15448,AKR1CL1
rna,15449,GIMAP5
rna,15450,HIST1H2BO
rna,15451,STK31
rna,15452,NLGN3
rna,15453,OR8D1
rna,15454,ADH7
rna,15455,ZKSCAN7
rna,15456,CD55
rna,15457,CPNE4
rna,15458,ZNF565
rna,15459,NTNG2
rna,15460,ELAVL3
rna,15461,WDR5
rna,15462,LONP1
rna,15463,C9orf163
rna,15464,TRRAP
rna,15465,NUDT11
rna,15466,ASB13
rna,15467,HIST1H2BM
rna,15468,SLC35F1
rna,15469,ZNF34
rna,15470,ZNF781
rna,15471,ZNF140
rna,15472,INCA1
rna,15473,ZNF774
rna,15474,PTPN1
rna,15475,EVL
rna,15476,SPANXD
rna,15477,THEM5
rna,15478,NOXO1
rna,15479,EPHB4
rna,15480,PRTN3
rna,15481,ZNF765
rna,15482,ZNF124
rna,15483,S100A5
rna,15484,LINC00176
rna,15485,PPP1R26
rna,15486,TSC22D2
rna,15487,CRYBA4
rna,15488,ASMT
rna,15489,ZNF569
rna,15490,ARMCX4
rna,15491,YRDC
rna,15492,ZNF777
rna,15493,PIK3R4
rna,15494,ZNF775
rna,15495,TRAPPC2
rna,15496,RFX8
rna,15497,MYL6B
rna,15498,FGF16
rna,15499,SIAH1
rna,15500,GK2
rna,15501,C20orf96
rna,15502,ESRRG
rna,15503,NCOR2
rna,15504,ARL9
rna,15505,PRPF40A
rna,15506,GDAP2
rna,15507,TCEAL3
rna,15508,ANAPC7
rna,15509,TPK1
rna,15510,SLC6A9
rna,15511,AFAP1
rna,15512,NACA
rna,15513,HIST1H3C
rna,15514,C1orf186
rna,15515,MYO18A
rna,15516,SPTSSB
rna,15517,C17orf59
rna,15518,MAN2A2
rna,15519,MME
rna,15520,CACNA1H
rna,15521,LINC00610
rna,15522,SULF2
rna,15523,HBG2
rna,15524,PFN3
rna,15525,PLXNB2
rna,15526,OR5AC2
rna,15527,AJAP1
rna,15528,XRCC2
rna,15529,MYO6
rna,15530,MRTFA
rna,15531,HDAC2
rna,15532,ZNF782
rna,15533,SLC22A25
rna,15534,ZNF846
rna,15535,MMP1
rna,15536,ADH1B
rna,15537,UGT2B15
rna,15538,TCF4
rna,15539,WNK3
rna,15540,ACN9
rna,15541,HRH1
rna,15542,RABL6
rna,15543,ZNF136
rna,15544,ZKSCAN5
rna,15545,ZNF502
rna,15546,TRAPPC4
rna,15547,TTC30B
rna,15548,SLC30A10
rna,15549,TECPR2
rna,15550,TLR7
rna,15551,ZFP62
rna,15552,ERI2
rna,15553,TOMM7
rna,15554,HSH2D
rna,15555,ZNF33B
rna,15556,ZNF512B
rna,15557,AMZ2
rna,15558,ZNF431
rna,15559,FAM150A
rna,15560,NF1
rna,15561,VKORC1L1
rna,15562,ZNF418
rna,15563,DAPK1
rna,15564,LCE1B
rna,15565,HLA-DQA1
rna,15566,COL27A1
rna,15567,GM2A
rna,15568,HIST1H2AI
rna,15569,CLPSL2
rna,15570,S100A2
rna,15571,POU3F4
rna,15572,OR14A16
rna,15573,CD47
rna,15574,OR52K1
rna,15575,TLE1
rna,15576,MAML3
rna,15577,HIST1H2AG
rna,15578,STRN3
rna,15579,ZNF239
rna,15580,SPINK14
rna,15581,SPRR2B
rna,15582,CTBP1-AS1
rna,15583,CHRNG
rna,15584,ZSCAN16
rna,15585,MVB12B
rna,15586,C6orf106
rna,15587,OR11G2
rna,15588,ADA
rna,15589,ARID5A
rna,15590,PATE2
rna,15591,PPTC7
rna,15592,KRT39
rna,15593,RGPD4
rna,15594,NHLRC2
rna,15595,ZFP28
rna,15596,KIAA1211L
rna,15597,SCN8A
rna,15598,LAMB3
rna,15599,HIST3H2BB
rna,15600,C5orf48
rna,15601,KPNA5
rna,15602,ARHGEF12
rna,15603,HCAR1
rna,15604,ZNF252P
rna,15605,PDLIM7
rna,15606,FLNA
rna,15607,TMEM26
rna,15608,SRGAP1
rna,15609,NOP9
rna,15610,OR2T4
rna,15611,SLC39A10
rna,15612,CASP4
rna,15613,AP2A1
rna,15614,PCDHB16
rna,15615,HIST1H3E
rna,15616,ZNF585A
rna,15617,FUT11
rna,15618,ANXA4
rna,15619,LAGE3
rna,15620,WDR5B
rna,15621,FAM163B
rna,15622,METTL9
rna,15623,ZNF138
rna,15624,ZNF429
rna,15625,ZNF470
rna,15626,SERTAD1
rna,15627,ZNF100
rna,15628,ZNF398
rna,15629,ZSCAN25
rna,15630,ANXA6
rna,15631,ZNF441
rna,15632,GMFB
rna,15633,SIGLEC15
rna,15634,ZNF420
rna,15635,ZNF763
rna,15636,ZMYM1
rna,15637,DTHD1
rna,15638,HIST1H4C
rna,15639,MAFG
rna,15640,ARRDC1
rna,15641,KIAA1671
rna,15642,KRT35
rna,15643,IGF2R
rna,15644,LCE1C
rna,15645,NPSR1-AS1
rna,15646,GAL3ST4
rna,15647,DYNC1H1
rna,15648,SLC6A17
rna,15649,PCBP2
rna,15650,SLC25A29
rna,15651,PGAP1
rna,15652,SRC
rna,15653,ZNF679
rna,15654,ZNF682
rna,15655,OR8B8
rna,15656,ZNF772
rna,15657,ZNF257
rna,15658,PCNXL3
rna,15659,ADAM32
rna,15660,ACSL5
rna,15661,LRRC8B
rna,15662,ABCB8
rna,15663,HIST1H3J
rna,15664,SND1
rna,15665,ZNF785
rna,15666,NEK5
rna,15667,PSMD12
rna,15668,GPR123
rna,15669,PIWIL2
rna,15670,C20orf112
rna,15671,C9orf169
rna,15672,SLC22A4
rna,15673,ZSCAN5B
rna,15674,ENTPD4
rna,15675,C1D
rna,15676,TBC1D9B
rna,15677,OR1J2
rna,15678,SLC2A7
rna,15679,FAM110D
rna,15680,SERPINA1
rna,15681,LINC00336
rna,15682,KANK2
rna,15683,C6orf141
rna,15684,OR8D2
rna,15685,GTF2E2
rna,15686,IL27
rna,15687,GUCA2A
rna,15688,RAD54B
rna,15689,ZNF165
rna,15690,SYNGAP1
rna,15691,FITM2
rna,15692,BLM
rna,15693,ZNF720
rna,15694,DDI2
rna,15695,SVIL
rna,15696,C17orf102
rna,15697,TRIM33
rna,15698,LRP10
rna,15699,PELI1
rna,15700,ZNF833P
rna,15701,ZNF655
rna,15702,MRPL21
rna,15703,LYPD2
rna,15704,UAP1L1
rna,15705,FBXL22
rna,15706,ZNF786
rna,15707,ZNF517
rna,15708,S100A7L2
rna,15709,ZNF675
rna,15710,SLC22A5
rna,15711,OR8S1
rna,15712,DACT3
rna,15713,ADARB1
rna,15714,ZNF860
rna,15715,HTT
rna,15716,OR6N1
rna,15717,C5AR1
rna,15718,DIO3
rna,15719,CYP2B6
rna,15720,HIST1H3D
rna,15721,DCHS2
rna,15722,VEPH1
rna,15723,FABP12
rna,15724,OR51D1
rna,15725,IPP
rna,15726,OPALIN
rna,15727,OR13G1
rna,15728,MAP3K5
rna,15729,OGDHL
rna,15730,CYP2F1
rna,15731,GSTK1
rna,15732,HNRNPAB
rna,15733,STMN3
rna,15734,HIST1H2BH
rna,15735,PDGFA
rna,15736,GYPE
rna,15737,COL13A1
rna,15738,PCDHB11
rna,15739,ZNF628
rna,15740,GALP
rna,15741,SLC2A10
rna,15742,ZNF665
rna,15743,RPF2
rna,15744,LINC00477
rna,15745,SLC28A3
rna,15746,FAM177B
rna,15747,MIB2
rna,15748,OR6Y1
rna,15749,MYO5A
rna,15750,C5orf56
rna,15751,GZMM
rna,15752,ATG7
rna,15753,SIPA1L1
rna,15754,TTC30A
rna,15755,SSPO
rna,15756,ELANE
rna,15757,RAB40C
rna,15758,PIGN
rna,15759,COL4A6
rna,15760,ZNF624
rna,15761,HHLA3
rna,15762,TOPORS
rna,15763,BCO2
rna,15764,KCNMB2
rna,15765,ENTPD6
rna,15766,DMBX1
rna,15767,OR11L1
rna,15768,ENPP1
rna,15769,C13orf35
rna,15770,CCDC154
rna,15771,FAR1
rna,15772,C5orf42
rna,15773,ZNF841
rna,15774,MFAP5
rna,15775,MYH6
rna,15776,VN1R5
rna,15777,ZNF615
rna,15778,CXorf40A
rna,15779,CDC42SE1
rna,15780,MPEG1
rna,15781,DPP4
rna,15782,SERPINB13
rna,15783,PDCD1LG2
rna,15784,ZNF433
rna,15785,CCER1
rna,15786,DNAH10
rna,15787,SLC22A24
rna,15788,KRTAP26-1
rna,15789,SPTAN1
rna,15790,NMB
rna,15791,HIST1H2BE
rna,15792,ZNF595
rna,15793,PARVA
rna,15794,KLHL14
rna,15795,OR6C74
rna,15796,FAM114A1
rna,15797,RPE
rna,15798,ZNF460
rna,15799,CR1L
rna,15800,HSPB9
rna,15801,PHF2
rna,15802,RPS26
rna,15803,C14orf178
rna,15804,SCGB1D4
rna,15805,PSAP
rna,15806,S100A10
rna,15807,WDR96
rna,15808,LHFPL5
rna,15809,RPL37A
rna,15810,CFD
rna,15811,C9orf173
rna,15812,MAP1LC3C
rna,15813,MCMBP
rna,15814,EME2
rna,15815,KLHDC1
rna,15816,ZNF81
rna,15817,TAF13
rna,15818,ZNF780A
rna,15819,ATAD3A
rna,15820,OR5B17
rna,15821,OR52M1
rna,15822,FAM118B
rna,15823,ZNF461
rna,15824,SLC9A8
rna,15825,C4orf22
rna,15826,HIST4H4
rna,15827,CYP2A13
rna,15828,ZNF181
rna,15829,HIST1H2BF
rna,15830,SLC22A20
rna,15831,OR8G1
rna,15832,FAM212B
rna,15833,ZNF44
rna,15834,GPAA1
rna,15835,ADAMTSL2
rna,15836,SGTB
rna,15837,ZNF790
rna,15838,PRB3
rna,15839,FAM49A
rna,15840,MYO1C
rna,15841,NKIRAS1
rna,15842,OR1S2
rna,15843,UGT2B17
rna,15844,MEIG1
rna,15845,SLC22A12
rna,15846,KIF13B
rna,15847,NRAP
rna,15848,ADH5
rna,15849,SLC22A6
rna,15850,H2BC12
rna,15851,TEAD4
rna,15852,SPG7
rna,15853,HIST1H4K
rna,15854,HRNR
rna,15855,HES5
rna,15856,ZNF677
rna,15857,ERO1L
rna,15858,ZNF823
rna,15859,ZNF311
rna,15860,ZNF347
rna,15861,PLCG2
rna,15862,ZNF71
rna,15863,AADACL2
rna,15864,S100A6
rna,15865,DNM3
rna,15866,ZNF121
rna,15867,MPZL1
rna,15868,VPS13A
rna,15869,MBP
rna,15870,AKAP17A
rna,15871,ELOVL2
rna,15872,C1orf122
rna,15873,SNHG12
rna,15874,PCDH20
rna,15875,CLEC9A
rna,15876,KEL
rna,15877,NOL8
rna,15878,IRAK4
rna,15879,CCDC151
rna,15880,DLGAP2
rna,15881,MRPL42
rna,15882,ZNF335
rna,15883,ZNF560
rna,15884,TUBA3C
rna,15885,RPS4X
rna,15886,ZNF273
rna,15887,ZNF84
rna,15888,MAK16
rna,15889,ZNF667
rna,15890,AVPR1B
rna,15891,SIRPA
rna,15892,DSCR8
rna,15893,GRK6
rna,15894,PRIM1
rna,15895,MARCH5
rna,15896,AKR1B10
rna,15897,SULT1C4
rna,15898,ZBTB14
rna,15899,KRTAP9-9
rna,15900,CD2AP
rna,15901,NUP62CL
rna,15902,SFI1
rna,15903,TMPRSS11F
rna,15904,ZNF649
rna,15905,ADH4
rna,15906,OR2T6
rna,15907,ZNF248
rna,15908,CHSY3
rna,15909,TOR4A
rna,15910,LPAR1
rna,15911,MB
rna,15912,HIBCH
rna,15913,ZNF544
rna,15914,TMEM229B
rna,15915,SOWAHC
rna,15916,ZNF770
rna,15917,HMGN5
rna,15918,MIER1
rna,15919,MAN1A2
rna,15920,SVIP
rna,15921,ZNF251
rna,15922,DDRGK1
rna,15923,FAM47C
rna,15924,TFDP1
rna,15925,CLEC4C
rna,15926,ZNF607
rna,15927,BPIFA1
rna,15928,ZNF334
rna,15929,SZT2
rna,15930,SULT1C2
rna,15931,RPS6KL1
rna,15932,CACNA1E
rna,15933,QRICH1
rna,15934,MLLT4-AS1
rna,15935,CSF2RA
rna,15936,DDX42
rna,15937,SLC29A3
rna,15938,STYX
rna,15939,UBL5
rna,15940,HELZ
rna,15941,TMEM116
rna,15942,KRTAP4-5
rna,15943,UCKL1
rna,15944,OR5B21
rna,15945,NUP210P1
rna,15946,CARD11
rna,15947,ZNF485
rna,15948,SDAD1
rna,15949,ZKSCAN8
rna,15950,FAM109A
rna,15951,HIST1H4F
rna,15952,HYLS1
rna,15953,MYL4
rna,15954,HIST1H4I
rna,15955,ZNF442
rna,15956,ZNF813
rna,15957,HOXC4
rna,15958,DCAF12L2
rna,15959,PIM3
rna,15960,ASNA1
rna,15961,ASPH
rna,15962,HIST1H3A
rna,15963,SPRED2
rna,15964,WWP2
rna,15965,HIST1H2AL
rna,15966,GFPT1
rna,15967,UVRAG
rna,15968,KRTAP13-1
rna,15969,ZNF26
rna,15970,TMEM207
rna,15971,ITSN2
rna,15972,NTRK1
rna,15973,MGEA5
rna,15974,MT1F
rna,15975,ZNF69
rna,15976,TXNRD1
rna,15977,NRARP
rna,15978,ZNF583
rna,15979,KRTAP4-1
rna,15980,ZNF568
rna,15981,ZXDB
rna,15982,ZNF480
rna,15983,ZNF587
rna,15984,TPM2
rna,15985,FLVCR1-AS1
rna,15986,RTP2
rna,15987,ZNF280B
rna,15988,SH3BGRL2
rna,15989,ZNF808
rna,15990,ANKRD35
rna,15991,B3GNT6
rna,15992,YTHDF2
rna,15993,NBR2
rna,15994,TMA16
rna,15995,HLA-DRB5
rna,15996,ATL1
rna,15997,CNGA1
rna,15998,MAFK
rna,15999,HIST1H4E
rna,16000,C1orf228
rna,16001,ZNF43
rna,16002,GPN1
rna,16003,PLN
rna,16004,PABPC1P2
rna,16005,C2CD4A
rna,16006,ZNF28
rna,16007,ITGBL1
rna,16008,ZNF511
rna,16009,ZNF627
rna,16010,KCNRG
rna,16011,WDHD1
rna,16012,ZNF789
rna,16013,HIST1H4L
rna,16014,CTNND1
rna,16015,SLC34A3
rna,16016,RD3
rna,16017,SPANXC
rna,16018,SH2D1B
rna,16019,ARC
rna,16020,NUDT16
rna,16021,TLK1
rna,16022,LRBA
rna,16023,C3orf35
rna,16024,ZNF536
rna,16025,MMP17
rna,16026,OR2M2
rna,16027,BAZ1A
rna,16028,AKR1C4
rna,16029,COPS8
rna,16030,CCDC69
rna,16031,MDM4
rna,16032,RYR2
rna,16033,ZNF534
rna,16034,KLHL9
rna,16035,FAM3D
rna,16036,NCOA6
rna,16037,STK39
rna,16038,TAT
rna,16039,OR8B4
rna,16040,CALM1
rna,16041,LPA
rna,16042,TAFA2
rna,16043,TTC37
rna,16044,TUSC1
rna,16045,MAGEA1
rna,16046,PAPSS2
rna,16047,C3orf27
rna,16048,SLC9A6
rna,16049,FAN1
rna,16050,ABCA4
rna,16051,EIF1AY
rna,16052,IPO9
rna,16053,GPX6
rna,16054,CEP290
rna,16055,C1orf85
rna,16056,FAM179B
rna,16057,DLL1
rna,16058,ECI2
rna,16059,UNC13B
rna,16060,C19orf45
rna,16061,LDB1
rna,16062,PPP1R14C
rna,16063,CTR9
rna,16064,SMOC1
rna,16065,F5
rna,16066,MSRB1
rna,16067,LRRTM3
rna,16068,ZNF652
rna,16069,SMURF1
rna,16070,GPATCH3
rna,16071,CDC42BPB
rna,16072,PLXNB3
rna,16073,GLT25D2
rna,16074,EPS8L3
rna,16075,EGFL6
rna,16076,SYCP1
rna,16077,APCDD1L
rna,16078,RCSD1
rna,16079,RASSF9
rna,16080,FAM169A
rna,16081,ZNF830
rna,16082,GRIN3A
rna,16083,MUC2
rna,16084,CNOT7
rna,16085,TMEM184B
rna,16086,MTOR
rna,16087,SCAMP5
rna,16088,ZNF521
rna,16089,ALPK2
rna,16090,FAM5B
rna,16091,MAGEB3
rna,16092,LRIG2
rna,16093,PNP
rna,16094,PAX9
rna,16095,LRRC10
rna,16096,GK
rna,16097,FOXJ3
rna,16098,ZNF358
rna,16099,SFT2D1
rna,16100,CD247
rna,16101,GRM3
rna,16102,CHAMP1
rna,16103,INPP5F
rna,16104,ARHGAP11A
rna,16105,SUCNR1
rna,16106,UBE2J1
rna,16107,GJC2
rna,16108,OPA1
rna,16109,DENND4B
rna,16110,RYR3
rna,16111,ZNF277
rna,16112,DUSP27
rna,16113,ARHGEF15
rna,16114,TOX
rna,16115,CD3E
rna,16116,RUSC2
rna,16117,C1orf68
rna,16118,FICD
rna,16119,OSTC
rna,16120,R3HDM4
rna,16121,TSEN15
rna,16122,LTN1
rna,16123,RUNDC1
rna,16124,CCDC152
rna,16125,C9orf96
rna,16126,GRK5
rna,16127,TYW1
rna,16128,DCAF12
rna,16129,OR5D13
rna,16130,SFMBT2
rna,16131,ASB12
rna,16132,PNMA5
rna,16133,ITPRIPL1
rna,16134,MT-ND4
rna,16135,SMC5
rna,16136,MT-ND1
rna,16137,DCAF12L1
rna,16138,PRMT6
rna,16139,SHISA4
rna,16140,CAPZA2
rna,16141,TOP1
rna,16142,PRC1
rna,16143,BHLHB9
rna,16144,MAP3K3
rna,16145,L1CAM
rna,16146,SREBF2
rna,16147,C1orf174
rna,16148,POU3F3
rna,16149,RASGEF1A
rna,16150,C9orf114
rna,16151,DZIP3
rna,16152,KIAA0753
rna,16153,DCLRE1A
rna,16154,ATG9A
rna,16155,CSAG1
rna,16156,APRT
rna,16157,TBKBP1
rna,16158,MAGEE1
rna,16159,CCDC167
rna,16160,MT-CO3
rna,16161,SOWAHA
rna,16162,L3MBTL3
rna,16163,DMD
rna,16164,MFAP3L
rna,16165,NAGA
rna,16166,SMG5
rna,16167,KIAA1279
rna,16168,TGM2
rna,16169,PJA2
rna,16170,RORB
rna,16171,SGMS1
rna,16172,OR10R2
rna,16173,OR10Z1
rna,16174,INF2
rna,16175,OR2W5
rna,16176,EFCAB2
rna,16177,COX20
rna,16178,C1orf95
rna,16179,TCP10L3
rna,16180,CAPN8
rna,16181,TATDN3
rna,16182,CR1
rna,16183,RAET1G
rna,16184,C1orf53
rna,16185,SAMD5
rna,16186,LINC00272
rna,16187,TEDDM1
rna,16188,ECT2L
rna,16189,METTL11B
rna,16190,FCGR3A
rna,16191,TMEM244
rna,16192,OR6K3
rna,16193,SPRN
rna,16194,FAM229B
rna,16195,FANK1
rna,16196,LORICRIN
rna,16197,LELP1
rna,16198,KPRP
rna,16199,FAM24A
rna,16200,DDO
rna,16201,CCDC162P
rna,16202,C1orf138
rna,16203,PPAPDC1A
rna,16204,HIST1H3H
rna,16205,PNLIPRP3
rna,16206,HSD3B1
rna,16207,HSD3B2
rna,16208,RBM20
rna,16209,RIPPLY2
rna,16210,CHIAP2
rna,16211,GDI1
rna,16212,PCMTD2
rna,16213,SOX18
rna,16214,OOEP
rna,16215,KHDC3L
rna,16216,DPPA5
rna,16217,C1orf146
rna,16218,HSP90B3P
rna,16219,SPANXN1
rna,16220,SPANXN2
rna,16221,CXorf66
rna,16222,SAMD13
rna,16223,FAM127B
rna,16224,CCDC160
rna,16225,C1orf141
rna,16226,EFCAB7
rna,16227,DEFB110
rna,16228,LDLRAD1
rna,16229,C9orf37
rna,16230,ZYG11A
rna,16231,LCN8
rna,16232,C1orf185
rna,16233,GLT6D1
rna,16234,IFIT1B
rna,16235,CXorf61
rna,16236,LIPN
rna,16237,LIPK
rna,16238,LIPJ
rna,16239,LRIT2
rna,16240,LRRC73
rna,16241,TCEAL5
rna,16242,TCEAL6
rna,16243,INPP5B
rna,16244,TDRG1
rna,16245,NEU4
rna,16246,MAFB
rna,16247,TRAF3IP1
rna,16248,CHIC1
rna,16249,GIGYF2
rna,16250,C2orf72
rna,16251,RUFY2
rna,16252,NHSL2
rna,16253,GGTA1P
rna,16254,PHACTR4
rna,16255,CLPSL1
rna,16256,LINC00474
rna,16257,ZDHHC18
rna,16258,C10orf128
rna,16259,CXorf65
rna,16260,LRRC37A5P
rna,16261,PPYR1
rna,16262,GPRIN2
rna,16263,SYT15
rna,16264,TMEM57
rna,16265,GDF5OS
rna,16266,ZDBF2
rna,16267,GGNBP1
rna,16268,TXNDC8
rna,16269,AWAT1
rna,16270,DAXX
rna,16271,BMPR2
rna,16272,TCEA3
rna,16273,PFDN6
rna,16274,RING1
rna,16275,HSD17B8
rna,16276,RXRB
rna,16277,OXLD1
rna,16278,OR13C3
rna,16279,COL11A2
rna,16280,HLA-DOA
rna,16281,BRD2
rna,16282,COL5A2
rna,16283,PSMB8
rna,16284,SPIN3
rna,16285,TMEM235
rna,16286,PAGE3
rna,16287,HLA-DRA
rna,16288,BTNL2
rna,16289,COL15A1
rna,16290,C6orf10
rna,16291,TMEM225
rna,16292,NOTCH4
rna,16293,PBX2
rna,16294,AGER
rna,16295,RNF5
rna,16296,AGPAT1
rna,16297,DFNB59
rna,16298,PRRT1
rna,16299,FKBPL
rna,16300,MRPL38
rna,16301,SMIM5
rna,16302,ERICH2
rna,16303,SP5
rna,16304,STK19
rna,16305,CD300LD
rna,16306,BTBD17
rna,16307,DOM3Z
rna,16308,SKIC2
rna,16309,C9orf129
rna,16310,NELFE
rna,16311,NXPE2
rna,16312,SPANXN5
rna,16313,ZBTB12
rna,16314,EHMT2
rna,16315,LAYN
rna,16316,SLC44A4
rna,16317,NEU1
rna,16318,C6orf48
rna,16319,HSPA1B
rna,16320,HSPA1A
rna,16321,HSPA1L
rna,16322,LSM2
rna,16323,VARS
rna,16324,VWA7
rna,16325,CASP12
rna,16326,MBD5
rna,16327,CSHL1
rna,16328,C6orf25
rna,16329,LY6G6C
rna,16330,LY6G5C
rna,16331,GPANK1
rna,16332,C6orf47
rna,16333,FAM155A
rna,16334,APOM
rna,16335,C9orf170
rna,16336,BAG6
rna,16337,DGKK
rna,16338,PRRC2A
rna,16339,AIF1
rna,16340,NCR3
rna,16341,LST1
rna,16342,NFKBIL1
rna,16343,MCCD1
rna,16344,ZNF814
rna,16345,MICB
rna,16346,AADACL4
rna,16347,ZNF551
rna,16348,ZNF805
rna,16349,HLA-C
rna,16350,POU5F1
rna,16351,CCHCR1
rna,16352,PSORS1C2
rna,16353,CDSN
rna,16354,PSORS1C1
rna,16355,C6orf15
rna,16356,MUC21
rna,16357,DEFB121
rna,16358,DHX16
rna,16359,C6orf136
rna,16360,MRPS18B
rna,16361,PPP1R10
rna,16362,KRTAP5-11
rna,16363,KRTAP5-10
rna,16364,ABCF1
rna,16365,PRR3
rna,16366,DDR1
rna,16367,GNL1
rna,16368,HLA-E
rna,16369,DPRX
rna,16370,ZNF468
rna,16371,TRIM15
rna,16372,ZNF616
rna,16373,FOXB2
rna,16374,TRIM10
rna,16375,TRIM40
rna,16376,TRIM31
rna,16377,RNF39
rna,16378,PPP1R11
rna,16379,ZNRD1-AS1
rna,16380,PTCHD2
rna,16381,HCG9
rna,16382,GNB2L1
rna,16383,HLA-G
rna,16384,TBC1D8
rna,16385,NMS
rna,16386,HLA-F
rna,16387,ZFP57
rna,16388,ASPDH
rna,16389,MOG
rna,16390,OR2H2
rna,16391,C5orf60
rna,16392,C9orf57
rna,16393,IL31
rna,16394,AKT1S1
rna,16395,FAM153C
rna,16396,GABBR1
rna,16397,C10orf114
rna,16398,MAS1L
rna,16399,OR2H1
rna,16400,OR14J1
rna,16401,OR2J2
rna,16402,OR2J3
rna,16403,OR2B3
rna,16404,OR2W1
rna,16405,SPDYC
rna,16406,C9orf135
rna,16407,TRIM27
rna,16408,C10orf112
rna,16409,RANBP17
rna,16410,REG1P
rna,16411,ZNF204P
rna,16412,TTC25
rna,16413,MROH6
rna,16414,ATXN2
rna,16415,PNMAL2
rna,16416,TCTN1
rna,16417,FAM216A
rna,16418,ZBTB48
rna,16419,IGFL2
rna,16420,IGFL4
rna,16421,KRTAP9-3
rna,16422,KRTAP4-8
rna,16423,GPR20
rna,16424,KRT40
rna,16425,KRT25
rna,16426,MZT1
rna,16427,SPINK9
rna,16428,ZNF155
rna,16429,C11orf83
rna,16430,FBXO48
rna,16431,GRXCR2
rna,16432,FAM221B
rna,16433,CD177
rna,16434,PSG5
rna,16435,ZNF425
rna,16436,LRRC10B
rna,16437,FBXO47
rna,16438,C12orf73
rna,16439,PCDHGA1
rna,16440,PCDHA1
rna,16441,TRIM13
rna,16442,C19orf69
rna,16443,MS4A13
rna,16444,PRSS1
rna,16445,SPIRE2
rna,16446,AARD
rna,16447,PABPN1L
rna,16448,OR5G5P
rna,16449,OR5D16
rna,16450,OR5L2
rna,16451,PKHD1L1
rna,16452,SLFN12L
rna,16453,CLLU1OS
rna,16454,SLC35B4
rna,16455,SYCE1L
rna,16456,CXorf30
rna,16457,FAM71F2
rna,16458,CCNI2
rna,16459,TMEM240
rna,16460,HSP90AA4P
rna,16461,FAM205A
rna,16462,CDKL4
rna,16463,TMEM88B
rna,16464,ACCSL
rna,16465,C4orf47
rna,16466,TRIQK
rna,16467,SDHAF1
rna,16468,ARID3C
rna,16469,PSENEN
rna,16470,C7orf66
rna,16471,LINC00654
rna,16472,FABP9
rna,16473,ZBTB10
rna,16474,C4orf46
rna,16475,SCGB2B2
rna,16476,LGR4
rna,16477,VIT
rna,16478,E2F4
rna,16479,PDE7A
rna,16480,TMEM170B
rna,16481,MUC12
rna,16482,CTXN3
rna,16483,SNX2
rna,16484,NT5M
rna,16485,SARNP
rna,16486,OR6C68
rna,16487,OR6C65
rna,16488,OR6C3
rna,16489,OR6C1
rna,16490,GPR56
rna,16491,IPO7
rna,16492,TECPR1
rna,16493,MT1H
rna,16494,SLCO6A1
rna,16495,MT1A
rna,16496,C15orf59
rna,16497,MT1M
rna,16498,CFI
rna,16499,SAMD9
rna,16500,KRT6A
rna,16501,CNEP1R1
rna,16502,EXOC3L4
rna,16503,KRTAP12-3
rna,16504,KRTAP10-7
rna,16505,ATP6AP1L
rna,16506,CCDC85C
rna,16507,OR52A4
rna,16508,OR52J3
rna,16509,C2CD4B
rna,16510,RGL3
rna,16511,NAP1L4
rna,16512,HMGN1
rna,16513,DENND6B
rna,16514,LCMT1
rna,16515,MFSD2B
rna,16516,CDPF1
rna,16517,HTN3
rna,16518,LIN52
rna,16519,ARSH
rna,16520,ACOT6
rna,16521,SMIM11
rna,16522,TECRL
rna,16523,DPF3
rna,16524,MANSC4
rna,16525,ADARB2-AS1
rna,16526,LYRM5
rna,16527,C17orf107
rna,16528,ITSN1
rna,16529,ITPRIPL2
rna,16530,DENND1C
rna,16531,CRLF2
rna,16532,C5orf51
rna,16533,GAGE1
rna,16534,ARRDC5
rna,16535,CYS1
rna,16536,PPAPDC2
rna,16537,C16orf96
rna,16538,GMNC
rna,16539,TTC23L
rna,16540,CLEC6A
rna,16541,C22orf42
rna,16542,NANOGNB
rna,16543,C1QTNF9B
rna,16544,KRTAP5-6
rna,16545,KRTAP5-2
rna,16546,KRTAP5-1
rna,16547,DEFB134
rna,16548,DEFB135
rna,16549,DEFB136
rna,16550,C1RL-AS1
rna,16551,ONECUT3
rna,16552,CEMP1
rna,16553,OLIG2
rna,16554,C21orf62
rna,16555,RNPS1
rna,16556,HSP90AB2P
rna,16557,HSP90AA5P
rna,16558,NYNRIN
rna,16559,DNAJC19
rna,16560,IFITM5
rna,16561,C18orf62
rna,16562,DOK6
rna,16563,HN1L
rna,16564,IGLL3P
rna,16565,TMEM211
rna,16566,SERPINB11
rna,16567,SERPINB4
rna,16568,SERPINB5
rna,16569,KRTAP20-3
rna,16570,KRTAP20-4
rna,16571,KRTAP22-2
rna,16572,KRTAP27-1
rna,16573,HERC2P9
rna,16574,HBM
rna,16575,TCEB3B
rna,16576,ATP10A
rna,16577,ANKUB1
rna,16578,TSSK2
rna,16579,PRR23A
rna,16580,C3orf72
rna,16581,HCP5
rna,16582,HLA-H
rna,16583,COL6A6
rna,16584,H1FX-AS1
rna,16585,RAB12
rna,16586,LRRC30
rna,16587,TMEM200C
rna,16588,OR10C1
rna,16589,HLA-A
rna,16590,PTPLB
rna,16591,WDR52
rna,16592,CD200R1L
rna,16593,LNP1
rna,16594,VGLL3
rna,16595,PRSS50
rna,16596,TRIM71
rna,16597,ZCWPW2
rna,16598,ANKRD28
rna,16599,COLQ
rna,16600,METTL6
rna,16601,XKR4
rna,16602,GPX3
rna,16603,DIO2
rna,16604,GNRHR2
rna,16605,DIO1
rna,16606,AKR7L
rna,16607,STK38L
rna,16608,SACM1L
rna,16609,TSN
rna,16610,SLC48A1
rna,16611,IGLV8-61
rna,16612,IGLV1-40
rna,16613,IGLV3-19
rna,16614,IGLV3-10
rna,16615,TRGV8
rna,16616,TRBV9
rna,16617,TRBC2
rna,16618,TRAV2
rna,16619,TRAV5
rna,16620,TRAV12-2
rna,16621,TRAV12-3
rna,16622,TRAV17
rna,16623,TRAV21
rna,16624,TRAV23DV6
rna,16625,TRDC
rna,16626,TRAJ44
rna,16627,TRAJ41
rna,16628,TRAJ28
rna,16629,TRAJ18
rna,16630,IGHA2
rna,16631,IGHA1
rna,16632,IGHM
rna,16633,IGHV3-13
rna,16634,IGHV4-34
rna,16635,IGHV1-69
rna,16636,PRR22
rna,16637,C17orf51
rna,16638,KRTAP4-11
rna,16639,KRTAP4-9
rna,16640,KRTAP2-3
rna,16641,KRTAP2-1
rna,16642,FAM127C
rna,16643,RNF208
rna,16644,KRTAP3-3
rna,16645,KRTAP3-2
rna,16646,KRTAP3-1
rna,16647,MAP10
rna,16648,KRTAP6-3
rna,16649,PTTG3P
rna,16650,ZNF580
rna,16651,ZNF611
rna,16652,KLK9
rna,16653,CGB8
rna,16654,DENND1B
rna,16655,SFT2D2
rna,16656,FGFR1OP
rna,16657,LPAL2
rna,16658,SCAF8
rna,16659,CCDC19
rna,16660,DARC
rna,16661,ZNF254
rna,16662,CRYGS
rna,16663,KLHL23
rna,16664,LINGO4
rna,16665,MLLT11
rna,16666,ASIC3
rna,16667,GIMAP1
rna,16668,C6orf165
rna,16669,SUPT4H1
rna,16670,TSGA13
rna,16671,NRAS
rna,16672,QTRT1
rna,16673,CHUK
rna,16674,MXD3
rna,16675,NAP1L1P3
rna,16676,LINC00671
rna,16677,ARHGAP19
rna,16678,LCAT
rna,16679,PTPRCAP
rna,16680,ANXA2P1
rna,16681,KRTAP4-12
rna,16682,KRTAP2-4
rna,16683,GPC2
rna,16684,SIPA1
rna,16685,CCL14
rna,16686,SRA1
rna,16687,ZBTB9
rna,16688,AKR1B10P1
rna,16689,NDUFS3
rna,16690,PPP1CB
rna,16691,GPSM3
rna,16692,NCKIPSD
rna,16693,ATF6B
rna,16694,TREX1
rna,16695,S1PR3
rna,16696,CLIC1
rna,16697,DDAH2
rna,16698,RPS29
rna,16699,UGT2B11
rna,16700,ZNF134
rna,16701,ZNF845
rna,16702,CEACAM18
rna,16703,EMP2
rna,16704,KCTD11
rna,16705,PPM1N
rna,16706,CEACAM16
rna,16707,SLC23A3
rna,16708,LTB4R
rna,16709,LTB4R2
rna,16710,DNASE1
rna,16711,LEUTX
rna,16712,CSNK1E
rna,16713,CLDN9
rna,16714,ITGA1
rna,16715,NUDT19
rna,16716,ZNF726
rna,16717,ZNF99
rna,16718,TAX1BP3
rna,16719,AP1G2
rna,16720,ZNF90
rna,16721,CARKD
rna,16722,TM6SF2
rna,16723,GANC
rna,16724,TTLL3
rna,16725,MRPL23
rna,16726,PGAM1P4
rna,16727,IFNA7
rna,16728,SMIM7
rna,16729,UCA1
rna,16730,FBXO16
rna,16731,TSPAN4
rna,16732,CPNE1
rna,16733,ARL16
rna,16734,C3orf43
rna,16735,WEE2
rna,16736,MAGEB1
rna,16737,LYRM4
rna,16738,MYCBP
rna,16739,TMEM213
rna,16740,PRCD
rna,16741,ALG3
rna,16742,SH3D21
rna,16743,C19orf38
rna,16744,C12orf74
rna,16745,C17orf67
rna,16746,FIS1
rna,16747,LGMNP1
rna,16748,NPS
rna,16749,C11orf93
rna,16750,SPDYE3
rna,16751,MBLAC1
rna,16752,C3orf56
rna,16753,FOXI3
rna,16754,OR4F13P
rna,16755,NEURL1B
rna,16756,VSTM5
rna,16757,LCNL1
rna,16758,TRIM77
rna,16759,GNAT3
rna,16760,AS3MT
rna,16761,PLIN5
rna,16762,SPINK13
rna,16763,HIGD1C
rna,16764,NOTO
rna,16765,PPME1
rna,16766,KRTAP2-2
rna,16767,STARD10
rna,16768,LRRC37A11P
rna,16769,C17orf98
rna,16770,EML6
rna,16771,TMEM249
rna,16772,DEFB113
rna,16773,DEFB133
rna,16774,ZSWIM8
rna,16775,IQCF5
rna,16776,IQCF6
rna,16777,ARHGEF33
rna,16778,C12orf71
rna,16779,IFRD2
rna,16780,CAPN14
rna,16781,METTL12
rna,16782,FER1L6
rna,16783,RAD51AP2
rna,16784,LINC00612
rna,16785,APOC1P1
rna,16786,SHFM1P1
rna,16787,SMTNL1
rna,16788,C14orf182
rna,16789,SPATA31D1
rna,16790,ZSWIM7
rna,16791,ARHGEF28
rna,16792,LRRC69
rna,16793,ACSM4
rna,16794,COL28A1
rna,16795,PHB2
rna,16796,C9orf38
rna,16797,TTC3P1
rna,16798,UBXN2B
rna,16799,C16orf90
rna,16800,PRSS41
rna,16801,MSMP
rna,16802,FAM166B
rna,16803,PEX26
rna,16804,GRXCR1
rna,16805,C5orf49
rna,16806,UBE2QL1
rna,16807,KCNU1
rna,16808,GAGE10
rna,16809,DDX3X
rna,16810,MYL5
rna,16811,LINC00478
rna,16812,MIR17HG
rna,16813,ZNF407
rna,16814,MCM3AP-AS1
rna,16815,NPEPL1
rna,16816,KRTAP10-4
rna,16817,SIAH3
rna,16818,EFCAB8
rna,16819,LINC00189
rna,16820,DEFB116
rna,16821,DEFB115
rna,16822,TTTY5
rna,16823,GAB4
rna,16824,GRK6P1
rna,16825,C20orf202
rna,16826,HMX1
rna,16827,GCGR
rna,16828,CELA2B
rna,16829,TMEM242
rna,16830,TMEM167B
rna,16831,TNFRSF25
rna,16832,SLC35E2
rna,16833,RPTN
rna,16834,NBPF7
rna,16835,ATAD3C
rna,16836,IFI30
rna,16837,ANXA2P3
rna,16838,CCDC7
rna,16839,FNIP1
rna,16840,SP9
rna,16841,SYCE3
rna,16842,TENM3
rna,16843,GSTM2P1
rna,16844,ZNF579
rna,16845,FAM19A5
rna,16846,NBPF1
rna,16847,PPP1R3G
rna,16848,LINGO3
rna,16849,ZGLP1
rna,16850,VN1R10P
rna,16851,OR6B1
rna,16852,EBF2
rna,16853,C16orf3
rna,16854,C6orf226
rna,16855,PPP3R1
rna,16856,PSG3
rna,16857,FANCG
rna,16858,OR2A5
rna,16859,KRTAP10-9
rna,16860,AP4M1
rna,16861,OR4A5
rna,16862,C2orf16
rna,16863,C7orf65
rna,16864,KRTAP1-5
rna,16865,OR2A12
rna,16866,KRTAP10-10
rna,16867,PLXNA4
rna,16868,CEBPD
rna,16869,TMEM257
rna,16870,PSG7
rna,16871,KRTAP1-3
rna,16872,OR3A2
rna,16873,ARIH2OS
rna,16874,C5orf54
rna,16875,HMSD
rna,16876,OR1C1
rna,16877,NPTXR
rna,16878,POM121L12
rna,16879,FAM200A
rna,16880,OR2F2
rna,16881,PPP2R2A
rna,16882,C19orf73
rna,16883,ZNF880
rna,16884,FAM45B
rna,16885,OR6X1
rna,16886,HEPN1
rna,16887,OR2A25
rna,16888,TAS2R40
rna,16889,OR2A14
rna,16890,TIGD1
rna,16891,FXYD7
rna,16892,XKR9
rna,16893,C12orf61
rna,16894,C1orf229
rna,16895,OR4C12
rna,16896,SLC12A8
rna,16897,PRR21
rna,16898,TMEM14E
rna,16899,APOL6
rna,16900,FADS3
rna,16901,C3orf36
rna,16902,OR4E2
rna,16903,CCNL2
rna,16904,UBA52
rna,16905,MYBPHL
rna,16906,OR2A2
rna,16907,C5orf55
rna,16908,ZNF630
rna,16909,OR52B4
rna,16910,C7orf71
rna,16911,BTBD19
rna,16912,FAM185A
rna,16913,PSMB11
rna,16914,ADRA2B
rna,16915,DCDC2B
rna,16916,C10orf55
rna,16917,SEC22B
rna,16918,EXOSC6
rna,16919,VPS52
rna,16920,ZNF844
rna,16921,HBD
rna,16922,SUPT20HL2
rna,16923,NSUN5P1
rna,16924,SUPT20HL1
rna,16925,LINC00205
rna,16926,LGALS8-AS1
rna,16927,HLA-DPB1
rna,16928,SNRPD2P2
rna,16929,EPB41L4A-AS1
rna,16930,GLTPD1
rna,16931,SNHG14
rna,16932,LINC00570
rna,16933,LINC00466
rna,16934,MSL3P1
rna,16935,ANKRD30BP2
rna,16936,C17orf72
rna,16937,ADM5
rna,16938,SMIM13
rna,16939,HLA-DPB2
rna,16940,GPX5
rna,16941,ZNF812
rna,16942,PCOLCE-AS1
rna,16943,C17orf89
rna,16944,PRRT4
rna,16945,TMEM233
rna,16946,LINC00337
rna,16947,PLEKHM1
rna,16948,RPF2P1
rna,16949,CT62
rna,16950,FDPSP1
rna,16951,ARHGAP23
rna,16952,C2CD4D
rna,16953,ZNF469
rna,16954,SLC26A6
rna,16955,OR6V1
rna,16956,ERCC6
rna,16957,RUSC1-AS1
rna,16958,NOL7
rna,16959,SATB2-AS1
rna,16960,ELFN1
rna,16961,LINC00035
rna,16962,NPY6R
rna,16963,ZNF192P1
rna,16964,DCAF8L1
rna,16965,C12orf77
rna,16966,TMEM185B
rna,16967,LINC00323
rna,16968,HSBP1L1
rna,16969,SMCR5
rna,16970,SRRM5
rna,16971,KIAA0125
rna,16972,PGAM4
rna,16973,MROH5
rna,16974,ERVMER34-1
rna,16975,LINC00161
rna,16976,LTA
rna,16977,WDR46
rna,16978,ZNF717
rna,16979,EPPK1
rna,16980,LINC00552
rna,16981,PARG
rna,16982,TP73-AS1
rna,16983,AKR1B15
rna,16984,LTB
rna,16985,DNAJB3
rna,16986,SRGAP3-AS3
rna,16987,BOD1L2
rna,16988,IFNA14
rna,16989,OR2M3
rna,16990,OFD1P17
rna,16991,NACAP1
rna,16992,ORM2
rna,16993,GAPDHP45
rna,16994,GUSBP11
rna,16995,OST4
rna,16996,VN1R4
rna,16997,CLDN25
rna,16998,ZNF883
rna,16999,PROB1
rna,17000,CES1P1
rna,17001,ARL17B
rna,17002,DUTP1
rna,17003,RPL41
rna,17004,TRAC
rna,17005,TTTY10
rna,17006,ORM1
rna,17007,SPINK8
rna,17008,PATL2
rna,17009,NKX1-2
rna,17010,LINC00341
rna,17011,TRBV10-2
rna,17012,XIST
rna,17013,ZNF688
rna,17014,GK3P
rna,17015,SEPT7P7
rna,17016,KIF25-AS1
rna,17017,PRPS1L1
rna,17018,IQCF3
rna,17019,ANKRD36BP2
rna,17020,CISD3
rna,17021,ANKRD66
rna,17022,SSU72P8
rna,17023,DSCR9
rna,17024,ERVMER61-1
rna,17025,ANKRD30BP3
rna,17026,PRB4
rna,17027,CEACAM22P
rna,17028,PABPC1P3
rna,17029,MAP2K4P1
rna,17030,PPIHP1
rna,17031,MIR205HG
rna,17032,HSBP1
rna,17033,KRTAP21-3
rna,17034,OR5H1
rna,17035,PLSCR5
rna,17036,C17orf105
rna,17037,HLA-DPA1
rna,17038,RPS18
rna,17039,HINT1P1
rna,17040,DLEU2
rna,17041,TSPAN19
rna,17042,CHODL-AS1
rna,17043,LINC00575
rna,17044,DBIL5P
rna,17045,OR5K2
rna,17046,PSG1
rna,17047,TAPBP
rna,17048,SCAND3
rna,17049,TMEM253
rna,17050,MCTS1
rna,17051,DYTN
rna,17052,RAB9BP1
rna,17053,TMEM114
rna,17054,KRTAP25-1
rna,17055,OR52I1
rna,17056,DAOA-AS1
rna,17057,OR5K1
rna,17058,C9orf172
rna,17059,C21orf37
rna,17060,FAM136BP
rna,17061,IDI2-AS1
rna,17062,LINC00442
rna,17063,TNF
rna,17064,RPS2P32
rna,17065,SEC1P
rna,17066,SNHG7
rna,17067,PHGR1
rna,17068,HIST1H2AM
rna,17069,LINC00472
rna,17070,GPX1
rna,17071,BTBD18
rna,17072,TWIST2
rna,17073,PIRT
rna,17074,PRR23C
rna,17075,LINC00656
rna,17076,HIST1H2BN
rna,17077,FAM58BP
rna,17078,DPH3P1
rna,17079,RPS28
rna,17080,PAGE2
rna,17081,CSN1S2AP
rna,17082,TRIM26
rna,17083,C16orf82
rna,17084,TMEM229A
rna,17085,ZNF879
rna,17086,JAZF1-AS1
rna,17087,TATDN1P1
rna,17088,KBTBD13
rna,17089,ZNF736
rna,17090,RPL34-AS1
rna,17091,C5orf58
rna,17092,PPP1R2P1
rna,17093,OR10G8
rna,17094,JRK
rna,17095,HLA-B
rna,17096,C11orf94
rna,17097,MORF4
rna,17098,SVILP1
rna,17099,LINC00700
rna,17100,ANKRD65
rna,17101,ZSCAN31
rna,17102,HSP90AB6P
rna,17103,C12orf75
rna,17104,KDM4E
rna,17105,FAUP1
rna,17106,NFAM1
rna,17107,POU5F1P3
rna,17108,LINC00494
rna,17109,ANKRD34C
rna,17110,B3GALT4
rna,17111,GSN-AS1
rna,17112,LCE6A
rna,17113,ZNF815P
rna,17114,ASMTL-AS1
rna,17115,PATE3
rna,17116,OR5H14
rna,17117,ZBTB22
rna,17118,CLEC2L
rna,17119,ZBED5
rna,17120,SLFN14
rna,17121,TAS2R39
rna,17122,ZNF853
rna,17123,CCDC163P
rna,17124,IFNA4
rna,17125,ARHGEF38
rna,17126,COX7A2P2
rna,17127,C5orf27
rna,17128,OR10G9
rna,17129,TTTY12
rna,17130,TAAR9
rna,17131,C4orf51
rna,17132,B3GNT9
rna,17133,CYP46A4P
rna,17134,CDKN2AIPNL
rna,17135,MBD3L5
rna,17136,RNF223
rna,17137,PATE4
rna,17138,OR4A47
rna,17139,ZIK1P1
rna,17140,RGL2
rna,17141,DCLRE1CP1
rna,17142,SHISA9
rna,17143,DGCR5
rna,17144,OR7E24
rna,17145,HLA-DQA2
rna,17146,PYY2
rna,17147,KIFC1
rna,17148,IRGM
rna,17149,LINC00312
rna,17150,FAM200B
rna,17151,C3orf79
rna,17152,GOLGA2P5
rna,17153,C9orf69
rna,17154,OR2W3
rna,17155,GABARAPL3
rna,17156,ASB14
rna,17157,OR1J4
rna,17158,APOBEC3G
rna,17159,C1orf226
rna,17160,ADSL
rna,17161,TEX35
rna,17162,PSMB9
rna,17163,ZNF542
rna,17164,COX19
rna,17165,PPIL3
rna,17166,LCE1F
rna,17167,KRTAP13-3
rna,17168,CDKN2B-AS1
rna,17169,TNFRSF13B
rna,17170,L1TD1
rna,17171,AQP1
rna,17172,PNMA2
rna,17173,LRRD1
rna,17174,ARHGEF25
rna,17175,RDH14
rna,17176,KRTAP4-7
rna,17177,MIF
rna,17178,NSUN6
rna,17179,HLA-DOB
rna,17180,YAE1D1
rna,17181,KRTAP5-8
rna,17182,CRCP
rna,17183,CD302
rna,17184,GUSBP2
rna,17185,KRTAP9-4
rna,17186,KRTAP5-4
rna,17187,ARPC1A
rna,17188,SPRR2A
rna,17189,C8orf58
rna,17190,PISD
rna,17191,C2orf15
rna,17192,PI4KA
rna,17193,ARHGDIG
rna,17194,TCP10L
rna,17195,PSG2
rna,17196,ARFGAP3
rna,17197,C22orf39
rna,17198,PEG10
rna,17199,RPS21P4
rna,17200,DBIL5P2
rna,17201,MRPL20
rna,17202,MAGEA5
rna,17203,SERPINB10
rna,17204,HLA-DMB
rna,17205,MBL1P
rna,17206,DECR2
rna,17207,CNTF
rna,17208,RGAG4
rna,17209,AP5Z1
rna,17210,ZNF709
rna,17211,ERVW-1
rna,17212,ABCC13
rna,17213,PSG11
rna,17214,PSG4
rna,17215,MRPL33
rna,17216,MICAL3
rna,17217,PRAF2
rna,17218,VSIG8
rna,17219,C7orf73
rna,17220,KCTD7
rna,17221,C4orf48
rna,17222,INGX
rna,17223,KRTAP10-11
rna,17224,WFDC6
rna,17225,UPK3B
rna,17226,IL10RB
rna,17227,WDR92
rna,17228,LEFTY1
rna,17229,WDR65
rna,17230,OR5V1
rna,17231,HLA-L
rna,17232,OSTCP1
rna,17233,APOBEC3D
rna,17234,GSTA1
rna,17235,RGAG1
rna,17236,NFS1
rna,17237,KRTAP19-3
rna,17238,DDOST
rna,17239,LCE3C
rna,17240,GSTA2
rna,17241,P2RY11
rna,17242,TMEM141
rna,17243,IFITM10
rna,17244,C7orf13
rna,17245,KRTAP19-7
rna,17246,ETV5
rna,17247,ERVFRD-1
rna,17248,SCARF2
rna,17249,KRTAP4-2
rna,17250,RAD21L1
rna,17251,CCDC13
rna,17252,ASPRV1
rna,17253,OR2AE1
rna,17254,KRTAP20-1
rna,17255,PTCHD4
rna,17256,HBB
rna,17257,CRYBB2
rna,17258,N4BP2L2
rna,17259,LINC00847
rna,17260,NEAT1
rna,17261,CRNDE
rna,17262,NUDT16P1
rna,17263,H2AFJ
rna,17264,PGAM5
rna,17265,USP51
rna,17266,INSL3
rna,17267,ADH1C
rna,17268,CDK11B
rna,17269,TARM1
rna,17270,PCP4L1
rna,17271,SBF1P1
rna,17272,CCDC153
rna,17273,ACTN3
rna,17274,PPBPP2
rna,17275,C5orf17
rna,17276,FMN1
rna,17277,C1orf213
rna,17278,TMEM150C
rna,17279,ZNF324B
rna,17280,CLRN2
rna,17281,FER1L5
rna,17282,ECSCR
rna,17283,HS3ST5
rna,17284,PDCD6
rna,17285,GBA3
rna,17286,CCDC79
rna,17287,TMEM158
rna,17288,KIAA1456
rna,17289,ZNF718
rna,17290,C4orf52
rna,17291,GYPB
rna,17292,AACSP1
rna,17293,KIAA1210
rna,17294,CHCHD10
rna,17295,GPR162
rna,17296,ATP6V1E2
rna,17297,SEPP1
rna,17298,C8orf17
rna,17299,PRODH2
rna,17300,RNPS1P1
rna,17301,ZNF674
rna,17302,ZNF345
rna,17303,RFPL4B
rna,17304,ALG1L2
rna,17305,TUBB7P
rna,17306,SHANK3
rna,17307,RTN3P1
rna,17308,MALAT1
rna,17309,PRB1
rna,17310,PTX4
rna,17311,RGS21
rna,17312,TMEM200B
rna,17313,SERPINE3
rna,17314,C1orf210
rna,17315,TRNP1
rna,17316,SDR16C6P
rna,17317,PYDC2
rna,17318,SLC10A5
rna,17319,EIF5AL1
rna,17320,ATXN7L3B
rna,17321,PRKDC
rna,17322,UTP14C
rna,17323,ETV3L
rna,17324,ZNF260
rna,17325,LYN
rna,17326,TYW1B
rna,17327,LRRC24
rna,17328,PBOV1
rna,17329,OR4D10
rna,17330,AP5B1
rna,17331,SIGLEC12
rna,17332,PABPC4L
rna,17333,PSMA2P1
rna,17334,ARMS2
rna,17335,RTL1
rna,17336,IGLL5
rna,17337,OR10G4
rna,17338,SLC22A18AS
rna,17339,OR5M10
rna,17340,MPV17L2
rna,17341,DPP3
rna,17342,KRTAP5-9
rna,17343,BRK1
rna,17344,OR5M1
rna,17345,CCDC166
rna,17346,SNHG9
rna,17347,OR5M11
rna,17348,NOX5
rna,17349,C8orf49
rna,17350,CARD18
rna,17351,POLR2M
rna,17352,OR4D2
rna,17353,SNHG1
rna,17354,OR13C5
rna,17355,TIFAB
rna,17356,LINC00346
rna,17357,MT1JP
rna,17358,HIST1H3G
rna,17359,PAPPA-AS1
rna,17360,CTSO
rna,17361,PADI6
rna,17362,ZNF432
rna,17363,ZNF486
rna,17364,SMIM3
rna,17365,HMBS
rna,17366,ZNF225
rna,17367,HIST1H3F
rna,17368,ABCC6P1
rna,17369,ASIC5
rna,17370,DND1
rna,17371,SALL3
rna,17372,POLG2
rna,17373,OR13A1
rna,17374,TMEM75
rna,17375,CLEC12B
rna,17376,KLRAP1
rna,17377,ZNF350
rna,17378,ZNF253
rna,17379,SLC5A8
rna,17380,GPR142
rna,17381,OR13C2
rna,17382,KIAA1147
rna,17383,LSM14A
rna,17384,TAS2R38
rna,17385,ZNF271
rna,17386,MGAM
rna,17387,PRR24
rna,17388,CUX1
rna,17389,PRSS58
rna,17390,CLEC5A
rna,17391,ZNF578
rna,17392,DIO3OS
rna,17393,UBE2CP1
rna,17394,LINC00638
rna,17395,OR4C13
rna,17396,CEP95
rna,17397,SMIM6
rna,17398,SLC35G6
rna,17399,LINC00596
rna,17400,OR4N3P
rna,17401,MRPL46
rna,17402,C15orf37
rna,17403,SH3RF3-AS1
rna,17404,LINC00657
rna,17405,MOCS1P1
rna,17406,GOLGA6L7P
rna,17407,HPR
rna,17408,MIA
rna,17409,LINC00514
rna,17410,OR1D5
rna,17411,ZNF234
rna,17412,MYH4
rna,17413,LINC00526
rna,17414,PPY2
rna,17415,KRT18P55
rna,17416,POLRMTP1
rna,17417,UBL5P2
rna,17418,TBC1D3P5
